/* generated by bin2header.py — do not edit */
#ifndef KB_DATA_H
#define KB_DATA_H
#include <stdint.h>
#include <string.h>
#ifdef ARDUINO
#include <pgmspace.h>
#else
#ifndef PROGMEM
#define PROGMEM
#endif
#ifndef memcpy_P
#define memcpy_P memcpy
#endif
#endif

static const uint32_t KB_BLOB_LEN = 99996;
static const uint8_t KB_BLOB[] PROGMEM = {
  0x52,0x34,0x35,0x37,0x4b,0x42,0x30,0x31,0x18,0x03,0x00,0x00,0x9c,0x23,0x01,0x00,
  0x03,0x31,0x30,0x31,0x01,0x21,0x00,0x41,0x20,0x63,0x61,0x70,0x61,0x63,0x69,0x74,
  0x6f,0x72,0x20,0x6d,0x61,0x72,0x6b,0x65,0x64,0x20,0x31,0x30,0x31,0x20,0x69,0x73,
  0x20,0x31,0x30,0x30,0x20,0x70,0x46,0x2e,0x03,0x31,0x30,0x32,0x01,0x1f,0x00,0x41,
  0x20,0x63,0x61,0x70,0x61,0x63,0x69,0x74,0x6f,0x72,0x20,0x6d,0x61,0x72,0x6b,0x65,
  0x64,0x20,0x31,0x30,0x32,0x20,0x69,0x73,0x20,0x31,0x20,0x6e,0x46,0x2e,0x03,0x31,
  0x30,0x33,0x01,0x20,0x00,0x41,0x20,0x63,0x61,0x70,0x61,0x63,0x69,0x74,0x6f,0x72,
  0x20,0x6d,0x61,0x72,0x6b,0x65,0x64,0x20,0x31,0x30,0x33,0x20,0x69,0x73,0x20,0x31,
  0x30,0x20,0x6e,0x46,0x2e,0x03,0x31,0x30,0x34,0x01,0x21,0x00,0x41,0x20,0x63,0x61,
  0x70,0x61,0x63,0x69,0x74,0x6f,0x72,0x20,0x6d,0x61,0x72,0x6b,0x65,0x64,0x20,0x31,
  0x30,0x34,0x20,0x69,0x73,0x20,0x31,0x30,0x30,0x20,0x6e,0x46,0x2e,0x03,0x31,0x30,
  0x35,0x01,0x1f,0x00,0x41,0x20,0x63,0x61,0x70,0x61,0x63,0x69,0x74,0x6f,0x72,0x20,
  0x6d,0x61,0x72,0x6b,0x65,0x64,0x20,0x31,0x30,0x35,0x20,0x69,0x73,0x20,0x31,0x20,
  0x75,0x46,0x2e,0x03,0x31,0x30,0x36,0x01,0x20,0x00,0x41,0x20,0x63,0x61,0x70,0x61,
  0x63,0x69,0x74,0x6f,0x72,0x20,0x6d,0x61,0x72,0x6b,0x65,0x64,0x20,0x31,0x30,0x36,
  0x20,0x69,0x73,0x20,0x31,0x30,0x20,0x75,0x46,0x2e,0x06,0x31,0x6e,0x34,0x31,0x34,
  0x38,0x01,0x4d,0x00,0x54,0x68,0x65,0x20,0x31,0x4e,0x34,0x31,0x34,0x38,0x20,0x69,
  0x73,0x20,0x61,0x20,0x73,0x6d,0x61,0x6c,0x6c,0x20,0x73,0x69,0x67,0x6e,0x61,0x6c,
  0x20,0x73,0x69,0x6c,0x69,0x63,0x6f,0x6e,0x20,0x64,0x69,0x6f,0x64,0x65,0x20,0x72,
  0x61,0x74,0x65,0x64,0x20,0x31,0x30,0x30,0x20,0x76,0x6f,0x6c,0x74,0x73,0x20,0x61,
  0x6e,0x64,0x20,0x32,0x30,0x30,0x20,0x6d,0x69,0x6c,0x6c,0x69,0x61,0x6d,0x70,0x73,
  0x2e,0x03,0x32,0x32,0x31,0x01,0x21,0x00,0x41,0x20,0x63,0x61,0x70,0x61,0x63,0x69,
  0x74,0x6f,0x72,0x20,0x6d,0x61,0x72,0x6b,0x65,0x64,0x20,0x32,0x32,0x31,0x20,0x69,
  0x73,0x20,0x32,0x32,0x30,0x20,0x70,0x46,0x2e,0x03,0x32,0x32,0x32,0x01,0x21,0x00,
  0x41,0x20,0x63,0x61,0x70,0x61,0x63,0x69,0x74,0x6f,0x72,0x20,0x6d,0x61,0x72,0x6b,
  0x65,0x64,0x20,0x32,0x32,0x32,0x20,0x69,0x73,0x20,0x32,0x2e,0x32,0x20,0x6e,0x46,
  0x2e,0x03,0x32,0x32,0x34,0x01,0x21,0x00,0x41,0x20,0x63,0x61,0x70,0x61,0x63,0x69,
  0x74,0x6f,0x72,0x20,0x6d,0x61,0x72,0x6b,0x65,0x64,0x20,0x32,0x32,0x34,0x20,0x69,
  0x73,0x20,0x32,0x32,0x30,0x20,0x6e,0x46,0x2e,0x06,0x32,0x6e,0x32,0x32,0x32,0x32,
  0x01,0x47,0x00,0x54,0x68,0x65,0x20,0x32,0x4e,0x32,0x32,0x32,0x32,0x20,0x69,0x73,
  0x20,0x61,0x6e,0x20,0x4e,0x50,0x4e,0x20,0x74,0x72,0x61,0x6e,0x73,0x69,0x73,0x74,
  0x6f,0x72,0x20,0x72,0x61,0x74,0x65,0x64,0x20,0x61,0x62,0x6f,0x75,0x74,0x20,0x34,
  0x30,0x20,0x76,0x6f,0x6c,0x74,0x73,0x20,0x61,0x6e,0x64,0x20,0x38,0x30,0x30,0x20,
  0x6d,0x69,0x6c,0x6c,0x69,0x61,0x6d,0x70,0x73,0x2e,0x03,0x34,0x37,0x31,0x01,0x21,
  0x00,0x41,0x20,0x63,0x61,0x70,0x61,0x63,0x69,0x74,0x6f,0x72,0x20,0x6d,0x61,0x72,
  0x6b,0x65,0x64,0x20,0x34,0x37,0x31,0x20,0x69,0x73,0x20,0x34,0x37,0x30,0x20,0x70,
  0x46,0x2e,0x03,0x34,0x37,0x33,0x01,0x20,0x00,0x41,0x20,0x63,0x61,0x70,0x61,0x63,
  0x69,0x74,0x6f,0x72,0x20,0x6d,0x61,0x72,0x6b,0x65,0x64,0x20,0x34,0x37,0x33,0x20,
  0x69,0x73,0x20,0x34,0x37,0x20,0x6e,0x46,0x2e,0x03,0x35,0x35,0x35,0x02,0x48,0x00,
  0x54,0x68,0x65,0x20,0x35,0x35,0x35,0x20,0x74,0x69,0x6d,0x65,0x72,0x20,0x63,0x61,
  0x6e,0x20,0x72,0x75,0x6e,0x20,0x61,0x73,0x20,0x61,0x20,0x6d,0x6f,0x6e,0x6f,0x73,
  0x74,0x61,0x62,0x6c,0x65,0x20,0x6f,0x6e,0x65,0x2d,0x73,0x68,0x6f,0x74,0x20,0x6f,
  0x72,0x20,0x61,0x6e,0x20,0x61,0x73,0x74,0x61,0x62,0x6c,0x65,0x20,0x6f,0x73,0x63,
  0x69,0x6c,0x6c,0x61,0x74,0x6f,0x72,0x2e,0x4e,0x00,0x46,0x6f,0x72,0x20,0x61,0x20,
  0x35,0x35,0x35,0x20,0x61,0x73,0x74,0x61,0x62,0x6c,0x65,0x2c,0x20,0x66,0x72,0x65,
  0x71,0x75,0x65,0x6e,0x63,0x79,0x20,0x65,0x71,0x75,0x61,0x6c,0x73,0x20,0x31,0x2e,
  0x34,0x34,0x20,0x64,0x69,0x76,0x69,0x64,0x65,0x64,0x20,0x62,0x79,0x20,0x52,0x31,
  0x20,0x70,0x6c,0x75,0x73,0x20,0x74,0x77,0x69,0x63,0x65,0x20,0x52,0x32,0x2c,0x20,
  0x74,0x69,0x6d,0x65,0x73,0x20,0x43,0x2e,0x0b,0x35,0x35,0x35,0x20,0x61,0x73,0x74,
  0x61,0x62,0x6c,0x65,0x01,0x4e,0x00,0x46,0x6f,0x72,0x20,0x61,0x20,0x35,0x35,0x35,
  0x20,0x61,0x73,0x74,0x61,0x62,0x6c,0x65,0x2c,0x20,0x66,0x72,0x65,0x71,0x75,0x65,
  0x6e,0x63,0x79,0x20,0x65,0x71,0x75,0x61,0x6c,0x73,0x20,0x31,0x2e,0x34,0x34,0x20,
  0x64,0x69,0x76,0x69,0x64,0x65,0x64,0x20,0x62,0x79,0x20,0x52,0x31,0x20,0x70,0x6c,
  0x75,0x73,0x20,0x74,0x77,0x69,0x63,0x65,0x20,0x52,0x32,0x2c,0x20,0x74,0x69,0x6d,
  0x65,0x73,0x20,0x43,0x2e,0x09,0x35,0x35,0x35,0x20,0x74,0x69,0x6d,0x65,0x72,0x01,
  0x48,0x00,0x54,0x68,0x65,0x20,0x35,0x35,0x35,0x20,0x74,0x69,0x6d,0x65,0x72,0x20,
  0x63,0x61,0x6e,0x20,0x72,0x75,0x6e,0x20,0x61,0x73,0x20,0x61,0x20,0x6d,0x6f,0x6e,
  0x6f,0x73,0x74,0x61,0x62,0x6c,0x65,0x20,0x6f,0x6e,0x65,0x2d,0x73,0x68,0x6f,0x74,
  0x20,0x6f,0x72,0x20,0x61,0x6e,0x20,0x61,0x73,0x74,0x61,0x62,0x6c,0x65,0x20,0x6f,
  0x73,0x63,0x69,0x6c,0x6c,0x61,0x74,0x6f,0x72,0x2e,0x04,0x37,0x38,0x30,0x35,0x01,
  0x47,0x00,0x54,0x68,0x65,0x20,0x37,0x38,0x30,0x35,0x20,0x72,0x65,0x67,0x75,0x6c,
  0x61,0x74,0x6f,0x72,0x20,0x6f,0x75,0x74,0x70,0x75,0x74,0x73,0x20,0x35,0x20,0x76,
  0x6f,0x6c,0x74,0x73,0x20,0x61,0x6e,0x64,0x20,0x6e,0x65,0x65,0x64,0x73,0x20,0x61,
  0x74,0x20,0x6c,0x65,0x61,0x73,0x74,0x20,0x61,0x62,0x6f,0x75,0x74,0x20,0x37,0x20,
  0x76,0x6f,0x6c,0x74,0x73,0x20,0x69,0x6e,0x2e,0x08,0x61,0x62,0x73,0x6f,0x6c,0x75,
  0x74,0x65,0x01,0x37,0x00,0x41,0x62,0x73,0x6f,0x6c,0x75,0x74,0x65,0x20,0x7a,0x65,
  0x72,0x6f,0x20,0x69,0x73,0x20,0x30,0x20,0x4b,0x2c,0x20,0x77,0x68,0x69,0x63,0x68,
  0x20,0x69,0x73,0x20,0x2d,0x32,0x37,0x33,0x2e,0x31,0x35,0x20,0x64,0x65,0x67,0x72,
  0x65,0x65,0x73,0x20,0x43,0x65,0x6c,0x73,0x69,0x75,0x73,0x2e,0x0d,0x61,0x62,0x73,
  0x6f,0x6c,0x75,0x74,0x65,0x20,0x7a,0x65,0x72,0x6f,0x01,0x37,0x00,0x41,0x62,0x73,
  0x6f,0x6c,0x75,0x74,0x65,0x20,0x7a,0x65,0x72,0x6f,0x20,0x69,0x73,0x20,0x30,0x20,
  0x4b,0x2c,0x20,0x77,0x68,0x69,0x63,0x68,0x20,0x69,0x73,0x20,0x2d,0x32,0x37,0x33,
  0x2e,0x31,0x35,0x20,0x64,0x65,0x67,0x72,0x65,0x65,0x73,0x20,0x43,0x65,0x6c,0x73,
  0x69,0x75,0x73,0x2e,0x0c,0x61,0x63,0x63,0x65,0x6c,0x65,0x72,0x61,0x74,0x69,0x6f,
  0x6e,0x02,0x37,0x00,0x41,0x63,0x63,0x65,0x6c,0x65,0x72,0x61,0x74,0x69,0x6f,0x6e,
  0x20,0x65,0x71,0x75,0x61,0x6c,0x73,0x20,0x63,0x68,0x61,0x6e,0x67,0x65,0x20,0x69,
  0x6e,0x20,0x76,0x65,0x6c,0x6f,0x63,0x69,0x74,0x79,0x20,0x64,0x69,0x76,0x69,0x64,
  0x65,0x64,0x20,0x62,0x79,0x20,0x74,0x69,0x6d,0x65,0x2e,0x25,0x00,0x46,0x6f,0x72,
  0x63,0x65,0x20,0x65,0x71,0x75,0x61,0x6c,0x73,0x20,0x6d,0x61,0x73,0x73,0x20,0x74,
  0x69,0x6d,0x65,0x73,0x20,0x61,0x63,0x63,0x65,0x6c,0x65,0x72,0x61,0x74,0x69,0x6f,
  0x6e,0x2e,0x04,0x61,0x63,0x69,0x64,0x01,0x42,0x00,0x41,0x20,0x6c,0x65,0x61,0x64,
  0x20,0x61,0x63,0x69,0x64,0x20,0x63,0x65,0x6c,0x6c,0x20,0x69,0x73,0x20,0x32,0x2e,
  0x31,0x20,0x76,0x6f,0x6c,0x74,0x73,0x2c,0x20,0x73,0x6f,0x20,0x61,0x20,0x31,0x32,
  0x20,0x76,0x6f,0x6c,0x74,0x20,0x62,0x61,0x74,0x74,0x65,0x72,0x79,0x20,0x68,0x61,
  0x73,0x20,0x73,0x69,0x78,0x20,0x63,0x65,0x6c,0x6c,0x73,0x2e,0x09,0x61,0x63,0x69,
  0x64,0x20,0x63,0x65,0x6c,0x6c,0x01,0x42,0x00,0x41,0x20,0x6c,0x65,0x61,0x64,0x20,
  0x61,0x63,0x69,0x64,0x20,0x63,0x65,0x6c,0x6c,0x20,0x69,0x73,0x20,0x32,0x2e,0x31,
  0x20,0x76,0x6f,0x6c,0x74,0x73,0x2c,0x20,0x73,0x6f,0x20,0x61,0x20,0x31,0x32,0x20,
  0x76,0x6f,0x6c,0x74,0x20,0x62,0x61,0x74,0x74,0x65,0x72,0x79,0x20,0x68,0x61,0x73,
  0x20,0x73,0x69,0x78,0x20,0x63,0x65,0x6c,0x6c,0x73,0x2e,0x03,0x61,0x64,0x63,0x05,
  0x2f,0x00,0x41,0x6e,0x20,0x6e,0x2d,0x62,0x69,0x74,0x20,0x63,0x6f,0x6e,0x76,0x65,
  0x72,0x74,0x65,0x72,0x20,0x68,0x61,0x73,0x20,0x32,0x20,0x74,0x6f,0x20,0x74,0x68,
  0x65,0x20,0x70,0x6f,0x77,0x65,0x72,0x20,0x6e,0x20,0x6c,0x65,0x76,0x65,0x6c,0x73,
  0x2e,0x23,0x00,0x41,0x20,0x31,0x32,0x2d,0x62,0x69,0x74,0x20,0x63,0x6f,0x6e,0x76,
  0x65,0x72,0x74,0x65,0x72,0x20,0x68,0x61,0x73,0x20,0x34,0x30,0x39,0x36,0x20,0x6c,
  0x65,0x76,0x65,0x6c,0x73,0x2e,0x23,0x00,0x41,0x20,0x31,0x30,0x2d,0x62,0x69,0x74,
  0x20,0x63,0x6f,0x6e,0x76,0x65,0x72,0x74,0x65,0x72,0x20,0x68,0x61,0x73,0x20,0x31,
  0x30,0x32,0x34,0x20,0x6c,0x65,0x76,0x65,0x6c,0x73,0x2e,0x4f,0x00,0x54,0x68,0x65,
  0x20,0x41,0x44,0x43,0x20,0x73,0x74,0x65,0x70,0x20,0x73,0x69,0x7a,0x65,0x20,0x65,
  0x71,0x75,0x61,0x6c,0x73,0x20,0x74,0x68,0x65,0x20,0x72,0x65,0x66,0x65,0x72,0x65,
  0x6e,0x63,0x65,0x20,0x76,0x6f,0x6c,0x74,0x61,0x67,0x65,0x20,0x64,0x69,0x76,0x69,
  0x64,0x65,0x64,0x20,0x62,0x79,0x20,0x74,0x68,0x65,0x20,0x6e,0x75,0x6d,0x62,0x65,
  0x72,0x20,0x6f,0x66,0x20,0x6c,0x65,0x76,0x65,0x6c,0x73,0x2e,0x2d,0x00,0x54,0x68,
  0x65,0x20,0x45,0x53,0x50,0x33,0x32,0x20,0x41,0x44,0x43,0x20,0x69,0x73,0x20,0x31,
  0x32,0x20,0x62,0x69,0x74,0x73,0x2c,0x20,0x67,0x69,0x76,0x69,0x6e,0x67,0x20,0x34,
  0x30,0x39,0x36,0x20,0x6c,0x65,0x76,0x65,0x6c,0x73,0x2e,0x0e,0x61,0x64,0x63,0x20,
  0x72,0x65,0x73,0x6f,0x6c,0x75,0x74,0x69,0x6f,0x6e,0x01,0x2f,0x00,0x41,0x6e,0x20,
  0x6e,0x2d,0x62,0x69,0x74,0x20,0x63,0x6f,0x6e,0x76,0x65,0x72,0x74,0x65,0x72,0x20,
  0x68,0x61,0x73,0x20,0x32,0x20,0x74,0x6f,0x20,0x74,0x68,0x65,0x20,0x70,0x6f,0x77,
  0x65,0x72,0x20,0x6e,0x20,0x6c,0x65,0x76,0x65,0x6c,0x73,0x2e,0x08,0x61,0x64,0x63,
  0x20,0x73,0x74,0x65,0x70,0x01,0x4f,0x00,0x54,0x68,0x65,0x20,0x41,0x44,0x43,0x20,
  0x73,0x74,0x65,0x70,0x20,0x73,0x69,0x7a,0x65,0x20,0x65,0x71,0x75,0x61,0x6c,0x73,
  0x20,0x74,0x68,0x65,0x20,0x72,0x65,0x66,0x65,0x72,0x65,0x6e,0x63,0x65,0x20,0x76,
  0x6f,0x6c,0x74,0x61,0x67,0x65,0x20,0x64,0x69,0x76,0x69,0x64,0x65,0x64,0x20,0x62,
  0x79,0x20,0x74,0x68,0x65,0x20,0x6e,0x75,0x6d,0x62,0x65,0x72,0x20,0x6f,0x66,0x20,
  0x6c,0x65,0x76,0x65,0x6c,0x73,0x2e,0x09,0x61,0x64,0x76,0x61,0x6e,0x74,0x61,0x67,
  0x65,0x01,0x48,0x00,0x4d,0x65,0x63,0x68,0x61,0x6e,0x69,0x63,0x61,0x6c,0x20,0x61,
  0x64,0x76,0x61,0x6e,0x74,0x61,0x67,0x65,0x20,0x65,0x71,0x75,0x61,0x6c,0x73,0x20,
  0x74,0x68,0x65,0x20,0x6f,0x75,0x74,0x70,0x75,0x74,0x20,0x66,0x6f,0x72,0x63,0x65,
  0x20,0x64,0x69,0x76,0x69,0x64,0x65,0x64,0x20,0x62,0x79,0x20,0x74,0x68,0x65,0x20,
  0x69,0x6e,0x70,0x75,0x74,0x20,0x66,0x6f,0x72,0x63,0x65,0x2e,0x03,0x61,0x69,0x72,
  0x01,0x49,0x00,0x54,0x68,0x65,0x20,0x64,0x65,0x6e,0x73,0x69,0x74,0x79,0x20,0x6f,
  0x66,0x20,0x61,0x69,0x72,0x20,0x61,0x74,0x20,0x73,0x65,0x61,0x20,0x6c,0x65,0x76,
  0x65,0x6c,0x20,0x69,0x73,0x20,0x61,0x62,0x6f,0x75,0x74,0x20,0x31,0x2e,0x32,0x32,
  0x35,0x20,0x6b,0x69,0x6c,0x6f,0x67,0x72,0x61,0x6d,0x73,0x20,0x70,0x65,0x72,0x20,
  0x63,0x75,0x62,0x69,0x63,0x20,0x6d,0x65,0x74,0x72,0x65,0x2e,0x0b,0x61,0x69,0x72,
  0x20,0x64,0x65,0x6e,0x73,0x69,0x74,0x79,0x01,0x49,0x00,0x54,0x68,0x65,0x20,0x64,
  0x65,0x6e,0x73,0x69,0x74,0x79,0x20,0x6f,0x66,0x20,0x61,0x69,0x72,0x20,0x61,0x74,
  0x20,0x73,0x65,0x61,0x20,0x6c,0x65,0x76,0x65,0x6c,0x20,0x69,0x73,0x20,0x61,0x62,
  0x6f,0x75,0x74,0x20,0x31,0x2e,0x32,0x32,0x35,0x20,0x6b,0x69,0x6c,0x6f,0x67,0x72,
  0x61,0x6d,0x73,0x20,0x70,0x65,0x72,0x20,0x63,0x75,0x62,0x69,0x63,0x20,0x6d,0x65,
  0x74,0x72,0x65,0x2e,0x08,0x61,0x6c,0x6b,0x61,0x6c,0x69,0x6e,0x65,0x01,0x21,0x00,
  0x41,0x6e,0x20,0x61,0x6c,0x6b,0x61,0x6c,0x69,0x6e,0x65,0x20,0x41,0x41,0x20,0x63,
  0x65,0x6c,0x6c,0x20,0x69,0x73,0x20,0x31,0x2e,0x35,0x20,0x76,0x6f,0x6c,0x74,0x73,
  0x2e,0x0d,0x61,0x6c,0x6b,0x61,0x6c,0x69,0x6e,0x65,0x20,0x63,0x65,0x6c,0x6c,0x01,
  0x21,0x00,0x41,0x6e,0x20,0x61,0x6c,0x6b,0x61,0x6c,0x69,0x6e,0x65,0x20,0x41,0x41,
  0x20,0x63,0x65,0x6c,0x6c,0x20,0x69,0x73,0x20,0x31,0x2e,0x35,0x20,0x76,0x6f,0x6c,
  0x74,0x73,0x2e,0x09,0x61,0x6c,0x75,0x6d,0x69,0x6e,0x69,0x75,0x6d,0x06,0x42,0x00,
  0x41,0x6c,0x75,0x6d,0x69,0x6e,0x69,0x75,0x6d,0x20,0x68,0x61,0x73,0x20,0x73,0x79,
  0x6d,0x62,0x6f,0x6c,0x20,0x41,0x6c,0x2c,0x20,0x61,0x74,0x6f,0x6d,0x69,0x63,0x20,
  0x6e,0x75,0x6d,0x62,0x65,0x72,0x20,0x31,0x33,0x2c,0x20,0x61,0x6e,0x64,0x20,0x61,
  0x74,0x6f,0x6d,0x69,0x63,0x20,0x6d,0x61,0x73,0x73,0x20,0x32,0x36,0x2e,0x39,0x38,
  0x32,0x2e,0x36,0x00,0x54,0x68,0x65,0x20,0x72,0x65,0x73,0x69,0x73,0x74,0x69,0x76,
  0x69,0x74,0x79,0x20,0x6f,0x66,0x20,0x61,0x6c,0x75,0x6d,0x69,0x6e,0x69,0x75,0x6d,
  0x20,0x69,0x73,0x20,0x32,0x2e,0x36,0x35,0x65,0x2d,0x38,0x20,0x6f,0x68,0x6d,0x20,
  0x6d,0x20,0x61,0x74,0x20,0x32,0x30,0x20,0x43,0x2e,0x39,0x00,0x54,0x68,0x65,0x20,
  0x61,0x74,0x6f,0x6d,0x69,0x63,0x20,0x6d,0x61,0x73,0x73,0x20,0x6f,0x66,0x20,0x61,
  0x6c,0x75,0x6d,0x69,0x6e,0x69,0x75,0x6d,0x20,0x69,0x73,0x20,0x32,0x36,0x2e,0x39,
  0x38,0x32,0x20,0x61,0x74,0x6f,0x6d,0x69,0x63,0x20,0x6d,0x61,0x73,0x73,0x20,0x75,
  0x6e,0x69,0x74,0x73,0x2e,0x25,0x00,0x54,0x68,0x65,0x20,0x61,0x74,0x6f,0x6d,0x69,
  0x63,0x20,0x6e,0x75,0x6d,0x62,0x65,0x72,0x20,0x6f,0x66,0x20,0x61,0x6c,0x75,0x6d,
  0x69,0x6e,0x69,0x75,0x6d,0x20,0x69,0x73,0x20,0x31,0x33,0x2e,0x3b,0x00,0x54,0x68,
  0x65,0x20,0x64,0x65,0x6e,0x73,0x69,0x74,0x79,0x20,0x6f,0x66,0x20,0x61,0x6c,0x75,
  0x6d,0x69,0x6e,0x69,0x75,0x6d,0x20,0x69,0x73,0x20,0x32,0x37,0x30,0x30,0x20,0x6b,
  0x69,0x6c,0x6f,0x67,0x72,0x61,0x6d,0x73,0x20,0x70,0x65,0x72,0x20,0x63,0x75,0x62,
  0x69,0x63,0x20,0x6d,0x65,0x74,0x72,0x65,0x2e,0x36,0x00,0x54,0x68,0x65,0x20,0x6d,
  0x65,0x6c,0x74,0x69,0x6e,0x67,0x20,0x70,0x6f,0x69,0x6e,0x74,0x20,0x6f,0x66,0x20,
  0x61,0x6c,0x75,0x6d,0x69,0x6e,0x69,0x75,0x6d,0x20,0x69,0x73,0x20,0x36,0x36,0x30,
  0x20,0x64,0x65,0x67,0x72,0x65,0x65,0x73,0x20,0x43,0x65,0x6c,0x73,0x69,0x75,0x73,
  0x2e,0x10,0x61,0x6c,0x75,0x6d,0x69,0x6e,0x69,0x75,0x6d,0x20,0x61,0x74,0x6f,0x6d,
  0x69,0x63,0x02,0x39,0x00,0x54,0x68,0x65,0x20,0x61,0x74,0x6f,0x6d,0x69,0x63,0x20,
  0x6d,0x61,0x73,0x73,0x20,0x6f,0x66,0x20,0x61,0x6c,0x75,0x6d,0x69,0x6e,0x69,0x75,
  0x6d,0x20,0x69,0x73,0x20,0x32,0x36,0x2e,0x39,0x38,0x32,0x20,0x61,0x74,0x6f,0x6d,
  0x69,0x63,0x20,0x6d,0x61,0x73,0x73,0x20,0x75,0x6e,0x69,0x74,0x73,0x2e,0x25,0x00,
  0x54,0x68,0x65,0x20,0x61,0x74,0x6f,0x6d,0x69,0x63,0x20,0x6e,0x75,0x6d,0x62,0x65,
  0x72,0x20,0x6f,0x66,0x20,0x61,0x6c,0x75,0x6d,0x69,0x6e,0x69,0x75,0x6d,0x20,0x69,
  0x73,0x20,0x31,0x33,0x2e,0x15,0x61,0x6c,0x75,0x6d,0x69,0x6e,0x69,0x75,0x6d,0x20,
  0x61,0x74,0x6f,0x6d,0x69,0x63,0x20,0x6d,0x61,0x73,0x73,0x01,0x39,0x00,0x54,0x68,
  0x65,0x20,0x61,0x74,0x6f,0x6d,0x69,0x63,0x20,0x6d,0x61,0x73,0x73,0x20,0x6f,0x66,
  0x20,0x61,0x6c,0x75,0x6d,0x69,0x6e,0x69,0x75,0x6d,0x20,0x69,0x73,0x20,0x32,0x36,
  0x2e,0x39,0x38,0x32,0x20,0x61,0x74,0x6f,0x6d,0x69,0x63,0x20,0x6d,0x61,0x73,0x73,
  0x20,0x75,0x6e,0x69,0x74,0x73,0x2e,0x17,0x61,0x6c,0x75,0x6d,0x69,0x6e,0x69,0x75,
  0x6d,0x20,0x61,0x74,0x6f,0x6d,0x69,0x63,0x20,0x6e,0x75,0x6d,0x62,0x65,0x72,0x01,
  0x25,0x00,0x54,0x68,0x65,0x20,0x61,0x74,0x6f,0x6d,0x69,0x63,0x20,0x6e,0x75,0x6d,
  0x62,0x65,0x72,0x20,0x6f,0x66,0x20,0x61,0x6c,0x75,0x6d,0x69,0x6e,0x69,0x75,0x6d,
  0x20,0x69,0x73,0x20,0x31,0x33,0x2e,0x16,0x61,0x6c,0x75,0x6d,0x69,0x6e,0x69,0x75,
  0x6d,0x20,0x63,0x6f,0x6e,0x64,0x75,0x63,0x74,0x69,0x76,0x69,0x74,0x79,0x01,0x3b,
  0x00,0x54,0x68,0x65,0x20,0x74,0x68,0x65,0x72,0x6d,0x61,0x6c,0x20,0x63,0x6f,0x6e,
  0x64,0x75,0x63,0x74,0x69,0x76,0x69,0x74,0x79,0x20,0x6f,0x66,0x20,0x61,0x6c,0x75,
  0x6d,0x69,0x6e,0x69,0x75,0x6d,0x20,0x69,0x73,0x20,0x61,0x62,0x6f,0x75,0x74,0x20,
  0x32,0x33,0x37,0x20,0x57,0x2f,0x28,0x6d,0x20,0x4b,0x29,0x2e,0x11,0x61,0x6c,0x75,
  0x6d,0x69,0x6e,0x69,0x75,0x6d,0x20,0x64,0x65,0x6e,0x73,0x69,0x74,0x79,0x01,0x3b,
  0x00,0x54,0x68,0x65,0x20,0x64,0x65,0x6e,0x73,0x69,0x74,0x79,0x20,0x6f,0x66,0x20,
  0x61,0x6c,0x75,0x6d,0x69,0x6e,0x69,0x75,0x6d,0x20,0x69,0x73,0x20,0x32,0x37,0x30,
  0x30,0x20,0x6b,0x69,0x6c,0x6f,0x67,0x72,0x61,0x6d,0x73,0x20,0x70,0x65,0x72,0x20,
  0x63,0x75,0x62,0x69,0x63,0x20,0x6d,0x65,0x74,0x72,0x65,0x2e,0x0e,0x61,0x6c,0x75,
  0x6d,0x69,0x6e,0x69,0x75,0x6d,0x20,0x6d,0x61,0x73,0x73,0x01,0x39,0x00,0x54,0x68,
  0x65,0x20,0x61,0x74,0x6f,0x6d,0x69,0x63,0x20,0x6d,0x61,0x73,0x73,0x20,0x6f,0x66,
  0x20,0x61,0x6c,0x75,0x6d,0x69,0x6e,0x69,0x75,0x6d,0x20,0x69,0x73,0x20,0x32,0x36,
  0x2e,0x39,0x38,0x32,0x20,0x61,0x74,0x6f,0x6d,0x69,0x63,0x20,0x6d,0x61,0x73,0x73,
  0x20,0x75,0x6e,0x69,0x74,0x73,0x2e,0x11,0x61,0x6c,0x75,0x6d,0x69,0x6e,0x69,0x75,
  0x6d,0x20,0x6d,0x65,0x6c,0x74,0x69,0x6e,0x67,0x01,0x36,0x00,0x54,0x68,0x65,0x20,
  0x6d,0x65,0x6c,0x74,0x69,0x6e,0x67,0x20,0x70,0x6f,0x69,0x6e,0x74,0x20,0x6f,0x66,
  0x20,0x61,0x6c,0x75,0x6d,0x69,0x6e,0x69,0x75,0x6d,0x20,0x69,0x73,0x20,0x36,0x36,
  0x30,0x20,0x64,0x65,0x67,0x72,0x65,0x65,0x73,0x20,0x43,0x65,0x6c,0x73,0x69,0x75,
  0x73,0x2e,0x17,0x61,0x6c,0x75,0x6d,0x69,0x6e,0x69,0x75,0x6d,0x20,0x6d,0x65,0x6c,
  0x74,0x69,0x6e,0x67,0x20,0x70,0x6f,0x69,0x6e,0x74,0x01,0x36,0x00,0x54,0x68,0x65,
  0x20,0x6d,0x65,0x6c,0x74,0x69,0x6e,0x67,0x20,0x70,0x6f,0x69,0x6e,0x74,0x20,0x6f,
  0x66,0x20,0x61,0x6c,0x75,0x6d,0x69,0x6e,0x69,0x75,0x6d,0x20,0x69,0x73,0x20,0x36,
  0x36,0x30,0x20,0x64,0x65,0x67,0x72,0x65,0x65,0x73,0x20,0x43,0x65,0x6c,0x73,0x69,
  0x75,0x73,0x2e,0x11,0x61,0x6c,0x75,0x6d,0x69,0x6e,0x69,0x75,0x6d,0x20,0x6d,0x6f,
  0x64,0x75,0x6c,0x75,0x73,0x01,0x39,0x00,0x54,0x68,0x65,0x20,0x59,0x6f,0x75,0x6e,
  0x67,0x27,0x73,0x20,0x6d,0x6f,0x64,0x75,0x6c,0x75,0x73,0x20,0x6f,0x66,0x20,0x61,
  0x6c,0x75,0x6d,0x69,0x6e,0x69,0x75,0x6d,0x20,0x69,0x73,0x20,0x61,0x62,0x6f,0x75,
  0x74,0x20,0x36,0x39,0x20,0x67,0x69,0x67,0x61,0x70,0x61,0x73,0x63,0x61,0x6c,0x73,
  0x2e,0x10,0x61,0x6c,0x75,0x6d,0x69,0x6e,0x69,0x75,0x6d,0x20,0x6e,0x75,0x6d,0x62,
  0x65,0x72,0x01,0x25,0x00,0x54,0x68,0x65,0x20,0x61,0x74,0x6f,0x6d,0x69,0x63,0x20,
  0x6e,0x75,0x6d,0x62,0x65,0x72,0x20,0x6f,0x66,0x20,0x61,0x6c,0x75,0x6d,0x69,0x6e,
  0x69,0x75,0x6d,0x20,0x69,0x73,0x20,0x31,0x33,0x2e,0x0f,0x61,0x6c,0x75,0x6d,0x69,
  0x6e,0x69,0x75,0x6d,0x20,0x70,0x6f,0x69,0x6e,0x74,0x01,0x36,0x00,0x54,0x68,0x65,
  0x20,0x6d,0x65,0x6c,0x74,0x69,0x6e,0x67,0x20,0x70,0x6f,0x69,0x6e,0x74,0x20,0x6f,
  0x66,0x20,0x61,0x6c,0x75,0x6d,0x69,0x6e,0x69,0x75,0x6d,0x20,0x69,0x73,0x20,0x36,
  0x36,0x30,0x20,0x64,0x65,0x67,0x72,0x65,0x65,0x73,0x20,0x43,0x65,0x6c,0x73,0x69,
  0x75,0x73,0x2e,0x15,0x61,0x6c,0x75,0x6d,0x69,0x6e,0x69,0x75,0x6d,0x20,0x72,0x65,
  0x73,0x69,0x73,0x74,0x69,0x76,0x69,0x74,0x79,0x01,0x36,0x00,0x54,0x68,0x65,0x20,
  0x72,0x65,0x73,0x69,0x73,0x74,0x69,0x76,0x69,0x74,0x79,0x20,0x6f,0x66,0x20,0x61,
  0x6c,0x75,0x6d,0x69,0x6e,0x69,0x75,0x6d,0x20,0x69,0x73,0x20,0x32,0x2e,0x36,0x35,
  0x65,0x2d,0x38,0x20,0x6f,0x68,0x6d,0x20,0x6d,0x20,0x61,0x74,0x20,0x32,0x30,0x20,
  0x43,0x2e,0x03,0x61,0x6d,0x70,0x01,0x6b,0x00,0x57,0x69,0x74,0x68,0x20,0x6e,0x65,
  0x67,0x61,0x74,0x69,0x76,0x65,0x20,0x66,0x65,0x65,0x64,0x62,0x61,0x63,0x6b,0x20,
  0x61,0x6e,0x20,0x69,0x64,0x65,0x61,0x6c,0x20,0x6f,0x70,0x20,0x61,0x6d,0x70,0x20,
  0x64,0x72,0x61,0x77,0x73,0x20,0x6e,0x6f,0x20,0x69,0x6e,0x70,0x75,0x74,0x20,0x63,
  0x75,0x72,0x72,0x65,0x6e,0x74,0x20,0x61,0x6e,0x64,0x20,0x68,0x6f,0x6c,0x64,0x73,
  0x20,0x69,0x74,0x73,0x20,0x74,0x77,0x6f,0x20,0x69,0x6e,0x70,0x75,0x74,0x73,0x20,
  0x61,0x74,0x20,0x74,0x68,0x65,0x20,0x73,0x61,0x6d,0x65,0x20,0x76,0x6f,0x6c,0x74,
  0x61,0x67,0x65,0x2e,0x09,0x61,0x6d,0x70,0x20,0x72,0x75,0x6c,0x65,0x73,0x01,0x6b,
  0x00,0x57,0x69,0x74,0x68,0x20,0x6e,0x65,0x67,0x61,0x74,0x69,0x76,0x65,0x20,0x66,
  0x65,0x65,0x64,0x62,0x61,0x63,0x6b,0x20,0x61,0x6e,0x20,0x69,0x64,0x65,0x61,0x6c,
  0x20,0x6f,0x70,0x20,0x61,0x6d,0x70,0x20,0x64,0x72,0x61,0x77,0x73,0x20,0x6e,0x6f,
  0x20,0x69,0x6e,0x70,0x75,0x74,0x20,0x63,0x75,0x72,0x72,0x65,0x6e,0x74,0x20,0x61,
  0x6e,0x64,0x20,0x68,0x6f,0x6c,0x64,0x73,0x20,0x69,0x74,0x73,0x20,0x74,0x77,0x6f,
  0x20,0x69,0x6e,0x70,0x75,0x74,0x73,0x20,0x61,0x74,0x20,0x74,0x68,0x65,0x20,0x73,
  0x61,0x6d,0x65,0x20,0x76,0x6f,0x6c,0x74,0x61,0x67,0x65,0x2e,0x09,0x61,0x6d,0x70,
  0x6c,0x69,0x66,0x69,0x65,0x72,0x03,0x66,0x00,0x46,0x6f,0x72,0x20,0x61,0x6e,0x20,
  0x69,0x6e,0x76,0x65,0x72,0x74,0x69,0x6e,0x67,0x20,0x61,0x6d,0x70,0x6c,0x69,0x66,
  0x69,0x65,0x72,0x2c,0x20,0x67,0x61,0x69,0x6e,0x20,0x65,0x71,0x75,0x61,0x6c,0x73,
  0x20,0x6d,0x69,0x6e,0x75,0x73,0x20,0x74,0x68,0x65,0x20,0x66,0x65,0x65,0x64,0x62,
  0x61,0x63,0x6b,0x20,0x72,0x65,0x73,0x69,0x73,0x74,0x61,0x6e,0x63,0x65,0x20,0x64,
  0x69,0x76,0x69,0x64,0x65,0x64,0x20,0x62,0x79,0x20,0x74,0x68,0x65,0x20,0x69,0x6e,
  0x70,0x75,0x74,0x20,0x72,0x65,0x73,0x69,0x73,0x74,0x61,0x6e,0x63,0x65,0x2e,0x6b,
  0x00,0x46,0x6f,0x72,0x20,0x61,0x20,0x6e,0x6f,0x6e,0x2d,0x69,0x6e,0x76,0x65,0x72,
  0x74,0x69,0x6e,0x67,0x20,0x61,0x6d,0x70,0x6c,0x69,0x66,0x69,0x65,0x72,0x2c,0x20,
  0x67,0x61,0x69,0x6e,0x20,0x65,0x71,0x75,0x61,0x6c,0x73,0x20,0x31,0x20,0x70,0x6c,
  0x75,0x73,0x20,0x74,0x68,0x65,0x20,0x66,0x65,0x65,0x64,0x62,0x61,0x63,0x6b,0x20,
  0x72,0x65,0x73,0x69,0x73,0x74,0x61,0x6e,0x63,0x65,0x20,0x64,0x69,0x76,0x69,0x64,
  0x65,0x64,0x20,0x62,0x79,0x20,0x74,0x68,0x65,0x20,0x67,0x72,0x6f,0x75,0x6e,0x64,
  0x20,0x72,0x65,0x73,0x69,0x73,0x74,0x61,0x6e,0x63,0x65,0x2e,0x7c,0x00,0x41,0x20,
  0x73,0x75,0x6d,0x6d,0x69,0x6e,0x67,0x20,0x61,0x6d,0x70,0x6c,0x69,0x66,0x69,0x65,
  0x72,0x20,0x6f,0x75,0x74,0x70,0x75,0x74,0x20,0x69,0x73,0x20,0x6d,0x69,0x6e,0x75,
  0x73,0x20,0x74,0x68,0x65,0x20,0x66,0x65,0x65,0x64,0x62,0x61,0x63,0x6b,0x20,0x72,
  0x65,0x73,0x69,0x73,0x74,0x61,0x6e,0x63,0x65,0x20,0x74,0x69,0x6d,0x65,0x73,0x20,
  0x74,0x68,0x65,0x20,0x73,0x75,0x6d,0x20,0x6f,0x66,0x20,0x65,0x61,0x63,0x68,0x20,
  0x69,0x6e,0x70,0x75,0x74,0x20,0x76,0x6f,0x6c,0x74,0x61,0x67,0x65,0x20,0x64,0x69,
  0x76,0x69,0x64,0x65,0x64,0x20,0x62,0x79,0x20,0x69,0x74,0x73,0x20,0x6f,0x77,0x6e,
  0x20,0x72,0x65,0x73,0x69,0x73,0x74,0x6f,0x72,0x2e,0x07,0x61,0x6e,0x67,0x75,0x6c,
  0x61,0x72,0x01,0x32,0x00,0x41,0x6e,0x67,0x75,0x6c,0x61,0x72,0x20,0x66,0x72,0x65,
  0x71,0x75,0x65,0x6e,0x63,0x79,0x20,0x65,0x71,0x75,0x61,0x6c,0x73,0x20,0x32,0x20,
  0x70,0x69,0x20,0x74,0x69,0x6d,0x65,0x73,0x20,0x74,0x68,0x65,0x20,0x66,0x72,0x65,
  0x71,0x75,0x65,0x6e,0x63,0x79,0x2e,0x11,0x61,0x6e,0x67,0x75,0x6c,0x61,0x72,0x20,
  0x66,0x72,0x65,0x71,0x75,0x65,0x6e,0x63,0x79,0x01,0x32,0x00,0x41,0x6e,0x67,0x75,
  0x6c,0x61,0x72,0x20,0x66,0x72,0x65,0x71,0x75,0x65,0x6e,0x63,0x79,0x20,0x65,0x71,
  0x75,0x61,0x6c,0x73,0x20,0x32,0x20,0x70,0x69,0x20,0x74,0x69,0x6d,0x65,0x73,0x20,
  0x74,0x68,0x65,0x20,0x66,0x72,0x65,0x71,0x75,0x65,0x6e,0x63,0x79,0x2e,0x08,0x61,
  0x70,0x70,0x61,0x72,0x65,0x6e,0x74,0x01,0x34,0x00,0x41,0x70,0x70,0x61,0x72,0x65,
  0x6e,0x74,0x20,0x70,0x6f,0x77,0x65,0x72,0x20,0x65,0x71,0x75,0x61,0x6c,0x73,0x20,
  0x52,0x4d,0x53,0x20,0x76,0x6f,0x6c,0x74,0x61,0x67,0x65,0x20,0x74,0x69,0x6d,0x65,
  0x73,0x20,0x52,0x4d,0x53,0x20,0x63,0x75,0x72,0x72,0x65,0x6e,0x74,0x2e,0x0e,0x61,
  0x70,0x70,0x61,0x72,0x65,0x6e,0x74,0x20,0x70,0x6f,0x77,0x65,0x72,0x01,0x34,0x00,
  0x41,0x70,0x70,0x61,0x72,0x65,0x6e,0x74,0x20,0x70,0x6f,0x77,0x65,0x72,0x20,0x65,
  0x71,0x75,0x61,0x6c,0x73,0x20,0x52,0x4d,0x53,0x20,0x76,0x6f,0x6c,0x74,0x61,0x67,
  0x65,0x20,0x74,0x69,0x6d,0x65,0x73,0x20,0x52,0x4d,0x53,0x20,0x63,0x75,0x72,0x72,
  0x65,0x6e,0x74,0x2e,0x05,0x61,0x72,0x67,0x6f,0x6e,0x03,0x3e,0x00,0x41,0x72,0x67,
  0x6f,0x6e,0x20,0x68,0x61,0x73,0x20,0x73,0x79,0x6d,0x62,0x6f,0x6c,0x20,0x41,0x72,
  0x2c,0x20,0x61,0x74,0x6f,0x6d,0x69,0x63,0x20,0x6e,0x75,0x6d,0x62,0x65,0x72,0x20,
  0x31,0x38,0x2c,0x20,0x61,0x6e,0x64,0x20,0x61,0x74,0x6f,0x6d,0x69,0x63,0x20,0x6d,
  0x61,0x73,0x73,0x20,0x33,0x39,0x2e,0x39,0x34,0x38,0x2e,0x35,0x00,0x54,0x68,0x65,
  0x20,0x61,0x74,0x6f,0x6d,0x69,0x63,0x20,0x6d,0x61,0x73,0x73,0x20,0x6f,0x66,0x20,
  0x61,0x72,0x67,0x6f,0x6e,0x20,0x69,0x73,0x20,0x33,0x39,0x2e,0x39,0x34,0x38,0x20,
  0x61,0x74,0x6f,0x6d,0x69,0x63,0x20,0x6d,0x61,0x73,0x73,0x20,0x75,0x6e,0x69,0x74,
  0x73,0x2e,0x21,0x00,0x54,0x68,0x65,0x20,0x61,0x74,0x6f,0x6d,0x69,0x63,0x20,0x6e,
  0x75,0x6d,0x62,0x65,0x72,0x20,0x6f,0x66,0x20,0x61,0x72,0x67,0x6f,0x6e,0x20,0x69,
  0x73,0x20,0x31,0x38,0x2e,0x0c,0x61,0x72,0x67,0x6f,0x6e,0x20,0x61,0x74,0x6f,0x6d,
  0x69,0x63,0x02,0x35,0x00,0x54,0x68,0x65,0x20,0x61,0x74,0x6f,0x6d,0x69,0x63,0x20,
  0x6d,0x61,0x73,0x73,0x20,0x6f,0x66,0x20,0x61,0x72,0x67,0x6f,0x6e,0x20,0x69,0x73,
  0x20,0x33,0x39,0x2e,0x39,0x34,0x38,0x20,0x61,0x74,0x6f,0x6d,0x69,0x63,0x20,0x6d,
  0x61,0x73,0x73,0x20,0x75,0x6e,0x69,0x74,0x73,0x2e,0x21,0x00,0x54,0x68,0x65,0x20,
  0x61,0x74,0x6f,0x6d,0x69,0x63,0x20,0x6e,0x75,0x6d,0x62,0x65,0x72,0x20,0x6f,0x66,
  0x20,0x61,0x72,0x67,0x6f,0x6e,0x20,0x69,0x73,0x20,0x31,0x38,0x2e,0x11,0x61,0x72,
  0x67,0x6f,0x6e,0x20,0x61,0x74,0x6f,0x6d,0x69,0x63,0x20,0x6d,0x61,0x73,0x73,0x01,
  0x35,0x00,0x54,0x68,0x65,0x20,0x61,0x74,0x6f,0x6d,0x69,0x63,0x20,0x6d,0x61,0x73,
  0x73,0x20,0x6f,0x66,0x20,0x61,0x72,0x67,0x6f,0x6e,0x20,0x69,0x73,0x20,0x33,0x39,
  0x2e,0x39,0x34,0x38,0x20,0x61,0x74,0x6f,0x6d,0x69,0x63,0x20,0x6d,0x61,0x73,0x73,
  0x20,0x75,0x6e,0x69,0x74,0x73,0x2e,0x13,0x61,0x72,0x67,0x6f,0x6e,0x20,0x61,0x74,
  0x6f,0x6d,0x69,0x63,0x20,0x6e,0x75,0x6d,0x62,0x65,0x72,0x01,0x21,0x00,0x54,0x68,
  0x65,0x20,0x61,0x74,0x6f,0x6d,0x69,0x63,0x20,0x6e,0x75,0x6d,0x62,0x65,0x72,0x20,
  0x6f,0x66,0x20,0x61,0x72,0x67,0x6f,0x6e,0x20,0x69,0x73,0x20,0x31,0x38,0x2e,0x0a,
  0x61,0x72,0x67,0x6f,0x6e,0x20,0x6d,0x61,0x73,0x73,0x01,0x35,0x00,0x54,0x68,0x65,
  0x20,0x61,0x74,0x6f,0x6d,0x69,0x63,0x20,0x6d,0x61,0x73,0x73,0x20,0x6f,0x66,0x20,
  0x61,0x72,0x67,0x6f,0x6e,0x20,0x69,0x73,0x20,0x33,0x39,0x2e,0x39,0x34,0x38,0x20,
  0x61,0x74,0x6f,0x6d,0x69,0x63,0x20,0x6d,0x61,0x73,0x73,0x20,0x75,0x6e,0x69,0x74,
  0x73,0x2e,0x0c,0x61,0x72,0x67,0x6f,0x6e,0x20,0x6e,0x75,0x6d,0x62,0x65,0x72,0x01,
  0x21,0x00,0x54,0x68,0x65,0x20,0x61,0x74,0x6f,0x6d,0x69,0x63,0x20,0x6e,0x75,0x6d,
  0x62,0x65,0x72,0x20,0x6f,0x66,0x20,0x61,0x72,0x67,0x6f,0x6e,0x20,0x69,0x73,0x20,
  0x31,0x38,0x2e,0x07,0x61,0x72,0x73,0x65,0x6e,0x69,0x63,0x03,0x40,0x00,0x41,0x72,
  0x73,0x65,0x6e,0x69,0x63,0x20,0x68,0x61,0x73,0x20,0x73,0x79,0x6d,0x62,0x6f,0x6c,
  0x20,0x41,0x73,0x2c,0x20,0x61,0x74,0x6f,0x6d,0x69,0x63,0x20,0x6e,0x75,0x6d,0x62,
  0x65,0x72,0x20,0x33,0x33,0x2c,0x20,0x61,0x6e,0x64,0x20,0x61,0x74,0x6f,0x6d,0x69,
  0x63,0x20,0x6d,0x61,0x73,0x73,0x20,0x37,0x34,0x2e,0x39,0x32,0x32,0x2e,0x37,0x00,
  0x54,0x68,0x65,0x20,0x61,0x74,0x6f,0x6d,0x69,0x63,0x20,0x6d,0x61,0x73,0x73,0x20,
  0x6f,0x66,0x20,0x61,0x72,0x73,0x65,0x6e,0x69,0x63,0x20,0x69,0x73,0x20,0x37,0x34,
  0x2e,0x39,0x32,0x32,0x20,0x61,0x74,0x6f,0x6d,0x69,0x63,0x20,0x6d,0x61,0x73,0x73,
  0x20,0x75,0x6e,0x69,0x74,0x73,0x2e,0x23,0x00,0x54,0x68,0x65,0x20,0x61,0x74,0x6f,
  0x6d,0x69,0x63,0x20,0x6e,0x75,0x6d,0x62,0x65,0x72,0x20,0x6f,0x66,0x20,0x61,0x72,
  0x73,0x65,0x6e,0x69,0x63,0x20,0x69,0x73,0x20,0x33,0x33,0x2e,0x0e,0x61,0x72,0x73,
  0x65,0x6e,0x69,0x63,0x20,0x61,0x74,0x6f,0x6d,0x69,0x63,0x02,0x37,0x00,0x54,0x68,
  0x65,0x20,0x61,0x74,0x6f,0x6d,0x69,0x63,0x20,0x6d,0x61,0x73,0x73,0x20,0x6f,0x66,
  0x20,0x61,0x72,0x73,0x65,0x6e,0x69,0x63,0x20,0x69,0x73,0x20,0x37,0x34,0x2e,0x39,
  0x32,0x32,0x20,0x61,0x74,0x6f,0x6d,0x69,0x63,0x20,0x6d,0x61,0x73,0x73,0x20,0x75,
  0x6e,0x69,0x74,0x73,0x2e,0x23,0x00,0x54,0x68,0x65,0x20,0x61,0x74,0x6f,0x6d,0x69,
  0x63,0x20,0x6e,0x75,0x6d,0x62,0x65,0x72,0x20,0x6f,0x66,0x20,0x61,0x72,0x73,0x65,
  0x6e,0x69,0x63,0x20,0x69,0x73,0x20,0x33,0x33,0x2e,0x13,0x61,0x72,0x73,0x65,0x6e,
  0x69,0x63,0x20,0x61,0x74,0x6f,0x6d,0x69,0x63,0x20,0x6d,0x61,0x73,0x73,0x01,0x37,
  0x00,0x54,0x68,0x65,0x20,0x61,0x74,0x6f,0x6d,0x69,0x63,0x20,0x6d,0x61,0x73,0x73,
  0x20,0x6f,0x66,0x20,0x61,0x72,0x73,0x65,0x6e,0x69,0x63,0x20,0x69,0x73,0x20,0x37,
  0x34,0x2e,0x39,0x32,0x32,0x20,0x61,0x74,0x6f,0x6d,0x69,0x63,0x20,0x6d,0x61,0x73,
  0x73,0x20,0x75,0x6e,0x69,0x74,0x73,0x2e,0x15,0x61,0x72,0x73,0x65,0x6e,0x69,0x63,
  0x20,0x61,0x74,0x6f,0x6d,0x69,0x63,0x20,0x6e,0x75,0x6d,0x62,0x65,0x72,0x01,0x23,
  0x00,0x54,0x68,0x65,0x20,0x61,0x74,0x6f,0x6d,0x69,0x63,0x20,0x6e,0x75,0x6d,0x62,
  0x65,0x72,0x20,0x6f,0x66,0x20,0x61,0x72,0x73,0x65,0x6e,0x69,0x63,0x20,0x69,0x73,
  0x20,0x33,0x33,0x2e,0x0c,0x61,0x72,0x73,0x65,0x6e,0x69,0x63,0x20,0x6d,0x61,0x73,
  0x73,0x01,0x37,0x00,0x54,0x68,0x65,0x20,0x61,0x74,0x6f,0x6d,0x69,0x63,0x20,0x6d,
  0x61,0x73,0x73,0x20,0x6f,0x66,0x20,0x61,0x72,0x73,0x65,0x6e,0x69,0x63,0x20,0x69,
  0x73,0x20,0x37,0x34,0x2e,0x39,0x32,0x32,0x20,0x61,0x74,0x6f,0x6d,0x69,0x63,0x20,
  0x6d,0x61,0x73,0x73,0x20,0x75,0x6e,0x69,0x74,0x73,0x2e,0x0e,0x61,0x72,0x73,0x65,
  0x6e,0x69,0x63,0x20,0x6e,0x75,0x6d,0x62,0x65,0x72,0x01,0x23,0x00,0x54,0x68,0x65,
  0x20,0x61,0x74,0x6f,0x6d,0x69,0x63,0x20,0x6e,0x75,0x6d,0x62,0x65,0x72,0x20,0x6f,
  0x66,0x20,0x61,0x72,0x73,0x65,0x6e,0x69,0x63,0x20,0x69,0x73,0x20,0x33,0x33,0x2e,
  0x07,0x61,0x73,0x74,0x61,0x62,0x6c,0x65,0x01,0x4e,0x00,0x46,0x6f,0x72,0x20,0x61,
  0x20,0x35,0x35,0x35,0x20,0x61,0x73,0x74,0x61,0x62,0x6c,0x65,0x2c,0x20,0x66,0x72,
  0x65,0x71,0x75,0x65,0x6e,0x63,0x79,0x20,0x65,0x71,0x75,0x61,0x6c,0x73,0x20,0x31,
  0x2e,0x34,0x34,0x20,0x64,0x69,0x76,0x69,0x64,0x65,0x64,0x20,0x62,0x79,0x20,0x52,
  0x31,0x20,0x70,0x6c,0x75,0x73,0x20,0x74,0x77,0x69,0x63,0x65,0x20,0x52,0x32,0x2c,
  0x20,0x74,0x69,0x6d,0x65,0x73,0x20,0x43,0x2e,0x0b,0x61,0x74,0x6d,0x6f,0x73,0x70,
  0x68,0x65,0x72,0x69,0x63,0x01,0x2b,0x00,0x53,0x74,0x61,0x6e,0x64,0x61,0x72,0x64,
  0x20,0x61,0x74,0x6d,0x6f,0x73,0x70,0x68,0x65,0x72,0x69,0x63,0x20,0x70,0x72,0x65,
  0x73,0x73,0x75,0x72,0x65,0x20,0x69,0x73,0x20,0x31,0x30,0x31,0x33,0x32,0x35,0x20,
  0x50,0x61,0x2e,0x14,0x61,0x74,0x6d,0x6f,0x73,0x70,0x68,0x65,0x72,0x69,0x63,0x20,
  0x70,0x72,0x65,0x73,0x73,0x75,0x72,0x65,0x01,0x2b,0x00,0x53,0x74,0x61,0x6e,0x64,
  0x61,0x72,0x64,0x20,0x61,0x74,0x6d,0x6f,0x73,0x70,0x68,0x65,0x72,0x69,0x63,0x20,
  0x70,0x72,0x65,0x73,0x73,0x75,0x72,0x65,0x20,0x69,0x73,0x20,0x31,0x30,0x31,0x33,
  0x32,0x35,0x20,0x50,0x61,0x2e,0x06,0x61,0x74,0x6f,0x6d,0x69,0x63,0x06,0x37,0x00,
  0x54,0x68,0x65,0x20,0x61,0x74,0x6f,0x6d,0x69,0x63,0x20,0x6d,0x61,0x73,0x73,0x20,
  0x6f,0x66,0x20,0x68,0x79,0x64,0x72,0x6f,0x67,0x65,0x6e,0x20,0x69,0x73,0x20,0x31,
  0x2e,0x30,0x30,0x38,0x20,0x61,0x74,0x6f,0x6d,0x69,0x63,0x20,0x6d,0x61,0x73,0x73,
  0x20,0x75,0x6e,0x69,0x74,0x73,0x2e,0x23,0x00,0x54,0x68,0x65,0x20,0x61,0x74,0x6f,
  0x6d,0x69,0x63,0x20,0x6e,0x75,0x6d,0x62,0x65,0x72,0x20,0x6f,0x66,0x20,0x68,0x79,
  0x64,0x72,0x6f,0x67,0x65,0x6e,0x20,0x69,0x73,0x20,0x31,0x2e,0x36,0x00,0x54,0x68,
  0x65,0x20,0x61,0x74,0x6f,0x6d,0x69,0x63,0x20,0x6d,0x61,0x73,0x73,0x20,0x6f,0x66,
  0x20,0x68,0x65,0x6c,0x69,0x75,0x6d,0x20,0x69,0x73,0x20,0x34,0x2e,0x30,0x30,0x32,
  0x36,0x20,0x61,0x74,0x6f,0x6d,0x69,0x63,0x20,0x6d,0x61,0x73,0x73,0x20,0x75,0x6e,
  0x69,0x74,0x73,0x2e,0x21,0x00,0x54,0x68,0x65,0x20,0x61,0x74,0x6f,0x6d,0x69,0x63,
  0x20,0x6e,0x75,0x6d,0x62,0x65,0x72,0x20,0x6f,0x66,0x20,0x68,0x65,0x6c,0x69,0x75,
  0x6d,0x20,0x69,0x73,0x20,0x32,0x2e,0x35,0x00,0x54,0x68,0x65,0x20,0x61,0x74,0x6f,
  0x6d,0x69,0x63,0x20,0x6d,0x61,0x73,0x73,0x20,0x6f,0x66,0x20,0x6c,0x69,0x74,0x68,
  0x69,0x75,0x6d,0x20,0x69,0x73,0x20,0x36,0x2e,0x39,0x34,0x20,0x61,0x74,0x6f,0x6d,
  0x69,0x63,0x20,0x6d,0x61,0x73,0x73,0x20,0x75,0x6e,0x69,0x74,0x73,0x2e,0x22,0x00,
  0x54,0x68,0x65,0x20,0x61,0x74,0x6f,0x6d,0x69,0x63,0x20,0x6e,0x75,0x6d,0x62,0x65,
  0x72,0x20,0x6f,0x66,0x20,0x6c,0x69,0x74,0x68,0x69,0x75,0x6d,0x20,0x69,0x73,0x20,
  0x33,0x2e,0x0b,0x61,0x74,0x6f,0x6d,0x69,0x63,0x20,0x6d,0x61,0x73,0x73,0x06,0x37,
  0x00,0x54,0x68,0x65,0x20,0x61,0x74,0x6f,0x6d,0x69,0x63,0x20,0x6d,0x61,0x73,0x73,
  0x20,0x6f,0x66,0x20,0x68,0x79,0x64,0x72,0x6f,0x67,0x65,0x6e,0x20,0x69,0x73,0x20,
  0x31,0x2e,0x30,0x30,0x38,0x20,0x61,0x74,0x6f,0x6d,0x69,0x63,0x20,0x6d,0x61,0x73,
  0x73,0x20,0x75,0x6e,0x69,0x74,0x73,0x2e,0x36,0x00,0x54,0x68,0x65,0x20,0x61,0x74,
  0x6f,0x6d,0x69,0x63,0x20,0x6d,0x61,0x73,0x73,0x20,0x6f,0x66,0x20,0x68,0x65,0x6c,
  0x69,0x75,0x6d,0x20,0x69,0x73,0x20,0x34,0x2e,0x30,0x30,0x32,0x36,0x20,0x61,0x74,
  0x6f,0x6d,0x69,0x63,0x20,0x6d,0x61,0x73,0x73,0x20,0x75,0x6e,0x69,0x74,0x73,0x2e,
  0x35,0x00,0x54,0x68,0x65,0x20,0x61,0x74,0x6f,0x6d,0x69,0x63,0x20,0x6d,0x61,0x73,
  0x73,0x20,0x6f,0x66,0x20,0x6c,0x69,0x74,0x68,0x69,0x75,0x6d,0x20,0x69,0x73,0x20,
  0x36,0x2e,0x39,0x34,0x20,0x61,0x74,0x6f,0x6d,0x69,0x63,0x20,0x6d,0x61,0x73,0x73,
  0x20,0x75,0x6e,0x69,0x74,0x73,0x2e,0x39,0x00,0x54,0x68,0x65,0x20,0x61,0x74,0x6f,
  0x6d,0x69,0x63,0x20,0x6d,0x61,0x73,0x73,0x20,0x6f,0x66,0x20,0x62,0x65,0x72,0x79,
  0x6c,0x6c,0x69,0x75,0x6d,0x20,0x69,0x73,0x20,0x39,0x2e,0x30,0x31,0x32,0x32,0x20,
  0x61,0x74,0x6f,0x6d,0x69,0x63,0x20,0x6d,0x61,0x73,0x73,0x20,0x75,0x6e,0x69,0x74,
  0x73,0x2e,0x34,0x00,0x54,0x68,0x65,0x20,0x61,0x74,0x6f,0x6d,0x69,0x63,0x20,0x6d,
  0x61,0x73,0x73,0x20,0x6f,0x66,0x20,0x62,0x6f,0x72,0x6f,0x6e,0x20,0x69,0x73,0x20,
  0x31,0x30,0x2e,0x38,0x31,0x20,0x61,0x74,0x6f,0x6d,0x69,0x63,0x20,0x6d,0x61,0x73,
  0x73,0x20,0x75,0x6e,0x69,0x74,0x73,0x2e,0x36,0x00,0x54,0x68,0x65,0x20,0x61,0x74,
  0x6f,0x6d,0x69,0x63,0x20,0x6d,0x61,0x73,0x73,0x20,0x6f,0x66,0x20,0x63,0x61,0x72,
  0x62,0x6f,0x6e,0x20,0x69,0x73,0x20,0x31,0x32,0x2e,0x30,0x31,0x31,0x20,0x61,0x74,
  0x6f,0x6d,0x69,0x63,0x20,0x6d,0x61,0x73,0x73,0x20,0x75,0x6e,0x69,0x74,0x73,0x2e,
  0x0d,0x61,0x74,0x6f,0x6d,0x69,0x63,0x20,0x6e,0x75,0x6d,0x62,0x65,0x72,0x06,0x23,
  0x00,0x54,0x68,0x65,0x20,0x61,0x74,0x6f,0x6d,0x69,0x63,0x20,0x6e,0x75,0x6d,0x62,
  0x65,0x72,0x20,0x6f,0x66,0x20,0x68,0x79,0x64,0x72,0x6f,0x67,0x65,0x6e,0x20,0x69,
  0x73,0x20,0x31,0x2e,0x21,0x00,0x54,0x68,0x65,0x20,0x61,0x74,0x6f,0x6d,0x69,0x63,
  0x20,0x6e,0x75,0x6d,0x62,0x65,0x72,0x20,0x6f,0x66,0x20,0x68,0x65,0x6c,0x69,0x75,
  0x6d,0x20,0x69,0x73,0x20,0x32,0x2e,0x22,0x00,0x54,0x68,0x65,0x20,0x61,0x74,0x6f,
  0x6d,0x69,0x63,0x20,0x6e,0x75,0x6d,0x62,0x65,0x72,0x20,0x6f,0x66,0x20,0x6c,0x69,
  0x74,0x68,0x69,0x75,0x6d,0x20,0x69,0x73,0x20,0x33,0x2e,0x24,0x00,0x54,0x68,0x65,
  0x20,0x61,0x74,0x6f,0x6d,0x69,0x63,0x20,0x6e,0x75,0x6d,0x62,0x65,0x72,0x20,0x6f,
  0x66,0x20,0x62,0x65,0x72,0x79,0x6c,0x6c,0x69,0x75,0x6d,0x20,0x69,0x73,0x20,0x34,
  0x2e,0x20,0x00,0x54,0x68,0x65,0x20,0x61,0x74,0x6f,0x6d,0x69,0x63,0x20,0x6e,0x75,
  0x6d,0x62,0x65,0x72,0x20,0x6f,0x66,0x20,0x62,0x6f,0x72,0x6f,0x6e,0x20,0x69,0x73,
  0x20,0x35,0x2e,0x21,0x00,0x54,0x68,0x65,0x20,0x61,0x74,0x6f,0x6d,0x69,0x63,0x20,
  0x6e,0x75,0x6d,0x62,0x65,0x72,0x20,0x6f,0x66,0x20,0x63,0x61,0x72,0x62,0x6f,0x6e,
  0x20,0x69,0x73,0x20,0x36,0x2e,0x07,0x61,0x76,0x65,0x72,0x61,0x67,0x65,0x01,0x47,
  0x00,0x54,0x68,0x65,0x20,0x61,0x76,0x65,0x72,0x61,0x67,0x65,0x20,0x50,0x57,0x4d,
  0x20,0x76,0x6f,0x6c,0x74,0x61,0x67,0x65,0x20,0x65,0x71,0x75,0x61,0x6c,0x73,0x20,
  0x74,0x68,0x65,0x20,0x64,0x75,0x74,0x79,0x20,0x63,0x79,0x63,0x6c,0x65,0x20,0x74,
  0x69,0x6d,0x65,0x73,0x20,0x74,0x68,0x65,0x20,0x73,0x75,0x70,0x70,0x6c,0x79,0x20,
  0x76,0x6f,0x6c,0x74,0x61,0x67,0x65,0x2e,0x08,0x61,0x76,0x6f,0x67,0x61,0x64,0x72,
  0x6f,0x01,0x2f,0x00,0x54,0x68,0x65,0x20,0x41,0x76,0x6f,0x67,0x61,0x64,0x72,0x6f,
  0x20,0x63,0x6f,0x6e,0x73,0x74,0x61,0x6e,0x74,0x20,0x69,0x73,0x20,0x36,0x2e,0x30,
  0x32,0x32,0x31,0x34,0x30,0x37,0x36,0x65,0x32,0x33,0x20,0x70,0x65,0x72,0x20,0x6d,
  0x6f,0x6c,0x2e,0x0f,0x61,0x76,0x6f,0x67,0x61,0x64,0x72,0x6f,0x20,0x6e,0x75,0x6d,
  0x62,0x65,0x72,0x01,0x2f,0x00,0x54,0x68,0x65,0x20,0x41,0x76,0x6f,0x67,0x61,0x64,
  0x72,0x6f,0x20,0x63,0x6f,0x6e,0x73,0x74,0x61,0x6e,0x74,0x20,0x69,0x73,0x20,0x36,
  0x2e,0x30,0x32,0x32,0x31,0x34,0x30,0x37,0x36,0x65,0x32,0x33,0x20,0x70,0x65,0x72,
  0x20,0x6d,0x6f,0x6c,0x2e,0x06,0x61,0x77,0x67,0x20,0x31,0x30,0x01,0x45,0x00,0x41,
  0x57,0x47,0x20,0x31,0x30,0x20,0x63,0x6f,0x70,0x70,0x65,0x72,0x20,0x77,0x69,0x72,
  0x65,0x20,0x69,0x73,0x20,0x32,0x2e,0x35,0x38,0x38,0x20,0x6d,0x6d,0x20,0x69,0x6e,
  0x20,0x64,0x69,0x61,0x6d,0x65,0x74,0x65,0x72,0x20,0x61,0x6e,0x64,0x20,0x63,0x61,
  0x72,0x72,0x69,0x65,0x73,0x20,0x61,0x62,0x6f,0x75,0x74,0x20,0x33,0x30,0x20,0x61,
  0x6d,0x70,0x73,0x2e,0x06,0x61,0x77,0x67,0x20,0x31,0x32,0x01,0x45,0x00,0x41,0x57,
  0x47,0x20,0x31,0x32,0x20,0x63,0x6f,0x70,0x70,0x65,0x72,0x20,0x77,0x69,0x72,0x65,
  0x20,0x69,0x73,0x20,0x32,0x2e,0x30,0x35,0x33,0x20,0x6d,0x6d,0x20,0x69,0x6e,0x20,
  0x64,0x69,0x61,0x6d,0x65,0x74,0x65,0x72,0x20,0x61,0x6e,0x64,0x20,0x63,0x61,0x72,
  0x72,0x69,0x65,0x73,0x20,0x61,0x62,0x6f,0x75,0x74,0x20,0x32,0x30,0x20,0x61,0x6d,
  0x70,0x73,0x2e,0x06,0x61,0x77,0x67,0x20,0x31,0x34,0x01,0x45,0x00,0x41,0x57,0x47,
  0x20,0x31,0x34,0x20,0x63,0x6f,0x70,0x70,0x65,0x72,0x20,0x77,0x69,0x72,0x65,0x20,
  0x69,0x73,0x20,0x31,0x2e,0x36,0x32,0x38,0x20,0x6d,0x6d,0x20,0x69,0x6e,0x20,0x64,
  0x69,0x61,0x6d,0x65,0x74,0x65,0x72,0x20,0x61,0x6e,0x64,0x20,0x63,0x61,0x72,0x72,
  0x69,0x65,0x73,0x20,0x61,0x62,0x6f,0x75,0x74,0x20,0x31,0x35,0x20,0x61,0x6d,0x70,
  0x73,0x2e,0x06,0x61,0x77,0x67,0x20,0x31,0x36,0x01,0x45,0x00,0x41,0x57,0x47,0x20,
  0x31,0x36,0x20,0x63,0x6f,0x70,0x70,0x65,0x72,0x20,0x77,0x69,0x72,0x65,0x20,0x69,
  0x73,0x20,0x31,0x2e,0x32,0x39,0x31,0x20,0x6d,0x6d,0x20,0x69,0x6e,0x20,0x64,0x69,
  0x61,0x6d,0x65,0x74,0x65,0x72,0x20,0x61,0x6e,0x64,0x20,0x63,0x61,0x72,0x72,0x69,
  0x65,0x73,0x20,0x61,0x62,0x6f,0x75,0x74,0x20,0x31,0x30,0x20,0x61,0x6d,0x70,0x73,
  0x2e,0x06,0x61,0x77,0x67,0x20,0x31,0x38,0x01,0x44,0x00,0x41,0x57,0x47,0x20,0x31,
  0x38,0x20,0x63,0x6f,0x70,0x70,0x65,0x72,0x20,0x77,0x69,0x72,0x65,0x20,0x69,0x73,
  0x20,0x31,0x2e,0x30,0x32,0x34,0x20,0x6d,0x6d,0x20,0x69,0x6e,0x20,0x64,0x69,0x61,
  0x6d,0x65,0x74,0x65,0x72,0x20,0x61,0x6e,0x64,0x20,0x63,0x61,0x72,0x72,0x69,0x65,
  0x73,0x20,0x61,0x62,0x6f,0x75,0x74,0x20,0x37,0x20,0x61,0x6d,0x70,0x73,0x2e,0x06,
  0x61,0x77,0x67,0x20,0x32,0x30,0x01,0x44,0x00,0x41,0x57,0x47,0x20,0x32,0x30,0x20,
  0x63,0x6f,0x70,0x70,0x65,0x72,0x20,0x77,0x69,0x72,0x65,0x20,0x69,0x73,0x20,0x30,
  0x2e,0x38,0x31,0x32,0x20,0x6d,0x6d,0x20,0x69,0x6e,0x20,0x64,0x69,0x61,0x6d,0x65,
  0x74,0x65,0x72,0x20,0x61,0x6e,0x64,0x20,0x63,0x61,0x72,0x72,0x69,0x65,0x73,0x20,
  0x61,0x62,0x6f,0x75,0x74,0x20,0x35,0x20,0x61,0x6d,0x70,0x73,0x2e,0x06,0x61,0x77,
  0x67,0x20,0x32,0x32,0x01,0x44,0x00,0x41,0x57,0x47,0x20,0x32,0x32,0x20,0x63,0x6f,
  0x70,0x70,0x65,0x72,0x20,0x77,0x69,0x72,0x65,0x20,0x69,0x73,0x20,0x30,0x2e,0x36,
  0x34,0x34,0x20,0x6d,0x6d,0x20,0x69,0x6e,0x20,0x64,0x69,0x61,0x6d,0x65,0x74,0x65,
  0x72,0x20,0x61,0x6e,0x64,0x20,0x63,0x61,0x72,0x72,0x69,0x65,0x73,0x20,0x61,0x62,
  0x6f,0x75,0x74,0x20,0x33,0x20,0x61,0x6d,0x70,0x73,0x2e,0x06,0x61,0x77,0x67,0x20,
  0x32,0x34,0x01,0x44,0x00,0x41,0x57,0x47,0x20,0x32,0x34,0x20,0x63,0x6f,0x70,0x70,
  0x65,0x72,0x20,0x77,0x69,0x72,0x65,0x20,0x69,0x73,0x20,0x30,0x2e,0x35,0x31,0x31,
  0x20,0x6d,0x6d,0x20,0x69,0x6e,0x20,0x64,0x69,0x61,0x6d,0x65,0x74,0x65,0x72,0x20,
  0x61,0x6e,0x64,0x20,0x63,0x61,0x72,0x72,0x69,0x65,0x73,0x20,0x61,0x62,0x6f,0x75,
  0x74,0x20,0x32,0x20,0x61,0x6d,0x70,0x73,0x2e,0x05,0x61,0x77,0x67,0x20,0x38,0x01,
  0x44,0x00,0x41,0x57,0x47,0x20,0x38,0x20,0x63,0x6f,0x70,0x70,0x65,0x72,0x20,0x77,
  0x69,0x72,0x65,0x20,0x69,0x73,0x20,0x33,0x2e,0x32,0x36,0x34,0x20,0x6d,0x6d,0x20,
  0x69,0x6e,0x20,0x64,0x69,0x61,0x6d,0x65,0x74,0x65,0x72,0x20,0x61,0x6e,0x64,0x20,
  0x63,0x61,0x72,0x72,0x69,0x65,0x73,0x20,0x61,0x62,0x6f,0x75,0x74,0x20,0x34,0x30,
  0x20,0x61,0x6d,0x70,0x73,0x2e,0x04,0x62,0x61,0x6e,0x64,0x06,0x28,0x00,0x41,0x20,
  0x62,0x6c,0x61,0x63,0x6b,0x20,0x72,0x65,0x73,0x69,0x73,0x74,0x6f,0x72,0x20,0x62,
  0x61,0x6e,0x64,0x20,0x6d,0x65,0x61,0x6e,0x73,0x20,0x74,0x68,0x65,0x20,0x64,0x69,
  0x67,0x69,0x74,0x20,0x30,0x2e,0x28,0x00,0x41,0x20,0x62,0x72,0x6f,0x77,0x6e,0x20,
  0x72,0x65,0x73,0x69,0x73,0x74,0x6f,0x72,0x20,0x62,0x61,0x6e,0x64,0x20,0x6d,0x65,
  0x61,0x6e,0x73,0x20,0x74,0x68,0x65,0x20,0x64,0x69,0x67,0x69,0x74,0x20,0x31,0x2e,
  0x26,0x00,0x41,0x20,0x72,0x65,0x64,0x20,0x72,0x65,0x73,0x69,0x73,0x74,0x6f,0x72,
  0x20,0x62,0x61,0x6e,0x64,0x20,0x6d,0x65,0x61,0x6e,0x73,0x20,0x74,0x68,0x65,0x20,
  0x64,0x69,0x67,0x69,0x74,0x20,0x32,0x2e,0x29,0x00,0x41,0x20,0x6f,0x72,0x61,0x6e,
  0x67,0x65,0x20,0x72,0x65,0x73,0x69,0x73,0x74,0x6f,0x72,0x20,0x62,0x61,0x6e,0x64,
  0x20,0x6d,0x65,0x61,0x6e,0x73,0x20,0x74,0x68,0x65,0x20,0x64,0x69,0x67,0x69,0x74,
  0x20,0x33,0x2e,0x29,0x00,0x41,0x20,0x79,0x65,0x6c,0x6c,0x6f,0x77,0x20,0x72,0x65,
  0x73,0x69,0x73,0x74,0x6f,0x72,0x20,0x62,0x61,0x6e,0x64,0x20,0x6d,0x65,0x61,0x6e,
  0x73,0x20,0x74,0x68,0x65,0x20,0x64,0x69,0x67,0x69,0x74,0x20,0x34,0x2e,0x28,0x00,
  0x41,0x20,0x67,0x72,0x65,0x65,0x6e,0x20,0x72,0x65,0x73,0x69,0x73,0x74,0x6f,0x72,
  0x20,0x62,0x61,0x6e,0x64,0x20,0x6d,0x65,0x61,0x6e,0x73,0x20,0x74,0x68,0x65,0x20,
  0x64,0x69,0x67,0x69,0x74,0x20,0x35,0x2e,0x03,0x62,0x61,0x72,0x01,0x1a,0x00,0x4f,
  0x6e,0x65,0x20,0x62,0x61,0x72,0x20,0x69,0x73,0x20,0x31,0x30,0x30,0x30,0x30,0x30,
  0x20,0x70,0x61,0x73,0x63,0x61,0x6c,0x73,0x2e,0x04,0x62,0x61,0x73,0x65,0x01,0x51,
  0x00,0x41,0x20,0x63,0x6f,0x6e,0x64,0x75,0x63,0x74,0x69,0x6e,0x67,0x20,0x73,0x69,
  0x6c,0x69,0x63,0x6f,0x6e,0x20,0x74,0x72,0x61,0x6e,0x73,0x69,0x73,0x74,0x6f,0x72,
  0x20,0x68,0x61,0x73,0x20,0x61,0x20,0x62,0x61,0x73,0x65,0x20,0x74,0x6f,0x20,0x65,
  0x6d,0x69,0x74,0x74,0x65,0x72,0x20,0x76,0x6f,0x6c,0x74,0x61,0x67,0x65,0x20,0x6f,
  0x66,0x20,0x61,0x62,0x6f,0x75,0x74,0x20,0x30,0x2e,0x37,0x20,0x76,0x6f,0x6c,0x74,
  0x73,0x2e,0x0c,0x62,0x61,0x73,0x65,0x20,0x65,0x6d,0x69,0x74,0x74,0x65,0x72,0x01,
  0x51,0x00,0x41,0x20,0x63,0x6f,0x6e,0x64,0x75,0x63,0x74,0x69,0x6e,0x67,0x20,0x73,
  0x69,0x6c,0x69,0x63,0x6f,0x6e,0x20,0x74,0x72,0x61,0x6e,0x73,0x69,0x73,0x74,0x6f,
  0x72,0x20,0x68,0x61,0x73,0x20,0x61,0x20,0x62,0x61,0x73,0x65,0x20,0x74,0x6f,0x20,
  0x65,0x6d,0x69,0x74,0x74,0x65,0x72,0x20,0x76,0x6f,0x6c,0x74,0x61,0x67,0x65,0x20,
  0x6f,0x66,0x20,0x61,0x62,0x6f,0x75,0x74,0x20,0x30,0x2e,0x37,0x20,0x76,0x6f,0x6c,
  0x74,0x73,0x2e,0x07,0x62,0x61,0x74,0x74,0x65,0x72,0x79,0x02,0x4c,0x00,0x42,0x61,
  0x74,0x74,0x65,0x72,0x79,0x20,0x65,0x6e,0x65,0x72,0x67,0x79,0x20,0x69,0x6e,0x20,
  0x77,0x61,0x74,0x74,0x20,0x68,0x6f,0x75,0x72,0x73,0x20,0x65,0x71,0x75,0x61,0x6c,
  0x73,0x20,0x63,0x61,0x70,0x61,0x63,0x69,0x74,0x79,0x20,0x69,0x6e,0x20,0x61,0x6d,
  0x70,0x20,0x68,0x6f,0x75,0x72,0x73,0x20,0x74,0x69,0x6d,0x65,0x73,0x20,0x74,0x68,
  0x65,0x20,0x76,0x6f,0x6c,0x74,0x61,0x67,0x65,0x2e,0x5a,0x00,0x52,0x75,0x6e,0x74,
  0x69,0x6d,0x65,0x20,0x69,0x6e,0x20,0x68,0x6f,0x75,0x72,0x73,0x20,0x65,0x71,0x75,
  0x61,0x6c,0x73,0x20,0x62,0x61,0x74,0x74,0x65,0x72,0x79,0x20,0x63,0x61,0x70,0x61,
  0x63,0x69,0x74,0x79,0x20,0x69,0x6e,0x20,0x61,0x6d,0x70,0x20,0x68,0x6f,0x75,0x72,
  0x73,0x20,0x64,0x69,0x76,0x69,0x64,0x65,0x64,0x20,0x62,0x79,0x20,0x74,0x68,0x65,
  0x20,0x63,0x75,0x72,0x72,0x65,0x6e,0x74,0x20,0x64,0x72,0x61,0x77,0x20,0x69,0x6e,
  0x20,0x61,0x6d,0x70,0x73,0x2e,0x10,0x62,0x61,0x74,0x74,0x65,0x72,0x79,0x20,0x63,
  0x61,0x70,0x61,0x63,0x69,0x74,0x79,0x01,0x4c,0x00,0x42,0x61,0x74,0x74,0x65,0x72,
  0x79,0x20,0x65,0x6e,0x65,0x72,0x67,0x79,0x20,0x69,0x6e,0x20,0x77,0x61,0x74,0x74,
  0x20,0x68,0x6f,0x75,0x72,0x73,0x20,0x65,0x71,0x75,0x61,0x6c,0x73,0x20,0x63,0x61,
  0x70,0x61,0x63,0x69,0x74,0x79,0x20,0x69,0x6e,0x20,0x61,0x6d,0x70,0x20,0x68,0x6f,
  0x75,0x72,0x73,0x20,0x74,0x69,0x6d,0x65,0x73,0x20,0x74,0x68,0x65,0x20,0x76,0x6f,
  0x6c,0x74,0x61,0x67,0x65,0x2e,0x0f,0x62,0x61,0x74,0x74,0x65,0x72,0x79,0x20,0x72,
  0x75,0x6e,0x74,0x69,0x6d,0x65,0x01,0x5a,0x00,0x52,0x75,0x6e,0x74,0x69,0x6d,0x65,
  0x20,0x69,0x6e,0x20,0x68,0x6f,0x75,0x72,0x73,0x20,0x65,0x71,0x75,0x61,0x6c,0x73,
  0x20,0x62,0x61,0x74,0x74,0x65,0x72,0x79,0x20,0x63,0x61,0x70,0x61,0x63,0x69,0x74,
  0x79,0x20,0x69,0x6e,0x20,0x61,0x6d,0x70,0x20,0x68,0x6f,0x75,0x72,0x73,0x20,0x64,
  0x69,0x76,0x69,0x64,0x65,0x64,0x20,0x62,0x79,0x20,0x74,0x68,0x65,0x20,0x63,0x75,
  0x72,0x72,0x65,0x6e,0x74,0x20,0x64,0x72,0x61,0x77,0x20,0x69,0x6e,0x20,0x61,0x6d,
  0x70,0x73,0x2e,0x04,0x62,0x61,0x75,0x64,0x01,0x2d,0x00,0x43,0x6f,0x6d,0x6d,0x6f,
  0x6e,0x20,0x62,0x61,0x75,0x64,0x20,0x72,0x61,0x74,0x65,0x73,0x20,0x61,0x72,0x65,
  0x20,0x39,0x36,0x30,0x30,0x2c,0x20,0x35,0x37,0x36,0x30,0x30,0x20,0x61,0x6e,0x64,
  0x20,0x31,0x31,0x35,0x32,0x30,0x30,0x2e,0x09,0x62,0x61,0x75,0x64,0x20,0x72,0x61,
  0x74,0x65,0x01,0x2d,0x00,0x43,0x6f,0x6d,0x6d,0x6f,0x6e,0x20,0x62,0x61,0x75,0x64,
  0x20,0x72,0x61,0x74,0x65,0x73,0x20,0x61,0x72,0x65,0x20,0x39,0x36,0x30,0x30,0x2c,
  0x20,0x35,0x37,0x36,0x30,0x30,0x20,0x61,0x6e,0x64,0x20,0x31,0x31,0x35,0x32,0x30,
  0x30,0x2e,0x09,0x62,0x65,0x72,0x79,0x6c,0x6c,0x69,0x75,0x6d,0x03,0x41,0x00,0x42,
  0x65,0x72,0x79,0x6c,0x6c,0x69,0x75,0x6d,0x20,0x68,0x61,0x73,0x20,0x73,0x79,0x6d,
  0x62,0x6f,0x6c,0x20,0x42,0x65,0x2c,0x20,0x61,0x74,0x6f,0x6d,0x69,0x63,0x20,0x6e,
  0x75,0x6d,0x62,0x65,0x72,0x20,0x34,0x2c,0x20,0x61,0x6e,0x64,0x20,0x61,0x74,0x6f,
  0x6d,0x69,0x63,0x20,0x6d,0x61,0x73,0x73,0x20,0x39,0x2e,0x30,0x31,0x32,0x32,0x2e,
  0x39,0x00,0x54,0x68,0x65,0x20,0x61,0x74,0x6f,0x6d,0x69,0x63,0x20,0x6d,0x61,0x73,
  0x73,0x20,0x6f,0x66,0x20,0x62,0x65,0x72,0x79,0x6c,0x6c,0x69,0x75,0x6d,0x20,0x69,
  0x73,0x20,0x39,0x2e,0x30,0x31,0x32,0x32,0x20,0x61,0x74,0x6f,0x6d,0x69,0x63,0x20,
  0x6d,0x61,0x73,0x73,0x20,0x75,0x6e,0x69,0x74,0x73,0x2e,0x24,0x00,0x54,0x68,0x65,
  0x20,0x61,0x74,0x6f,0x6d,0x69,0x63,0x20,0x6e,0x75,0x6d,0x62,0x65,0x72,0x20,0x6f,
  0x66,0x20,0x62,0x65,0x72,0x79,0x6c,0x6c,0x69,0x75,0x6d,0x20,0x69,0x73,0x20,0x34,
  0x2e,0x10,0x62,0x65,0x72,0x79,0x6c,0x6c,0x69,0x75,0x6d,0x20,0x61,0x74,0x6f,0x6d,
  0x69,0x63,0x02,0x39,0x00,0x54,0x68,0x65,0x20,0x61,0x74,0x6f,0x6d,0x69,0x63,0x20,
  0x6d,0x61,0x73,0x73,0x20,0x6f,0x66,0x20,0x62,0x65,0x72,0x79,0x6c,0x6c,0x69,0x75,
  0x6d,0x20,0x69,0x73,0x20,0x39,0x2e,0x30,0x31,0x32,0x32,0x20,0x61,0x74,0x6f,0x6d,
  0x69,0x63,0x20,0x6d,0x61,0x73,0x73,0x20,0x75,0x6e,0x69,0x74,0x73,0x2e,0x24,0x00,
  0x54,0x68,0x65,0x20,0x61,0x74,0x6f,0x6d,0x69,0x63,0x20,0x6e,0x75,0x6d,0x62,0x65,
  0x72,0x20,0x6f,0x66,0x20,0x62,0x65,0x72,0x79,0x6c,0x6c,0x69,0x75,0x6d,0x20,0x69,
  0x73,0x20,0x34,0x2e,0x15,0x62,0x65,0x72,0x79,0x6c,0x6c,0x69,0x75,0x6d,0x20,0x61,
  0x74,0x6f,0x6d,0x69,0x63,0x20,0x6d,0x61,0x73,0x73,0x01,0x39,0x00,0x54,0x68,0x65,
  0x20,0x61,0x74,0x6f,0x6d,0x69,0x63,0x20,0x6d,0x61,0x73,0x73,0x20,0x6f,0x66,0x20,
  0x62,0x65,0x72,0x79,0x6c,0x6c,0x69,0x75,0x6d,0x20,0x69,0x73,0x20,0x39,0x2e,0x30,
  0x31,0x32,0x32,0x20,0x61,0x74,0x6f,0x6d,0x69,0x63,0x20,0x6d,0x61,0x73,0x73,0x20,
  0x75,0x6e,0x69,0x74,0x73,0x2e,0x17,0x62,0x65,0x72,0x79,0x6c,0x6c,0x69,0x75,0x6d,
  0x20,0x61,0x74,0x6f,0x6d,0x69,0x63,0x20,0x6e,0x75,0x6d,0x62,0x65,0x72,0x01,0x24,
  0x00,0x54,0x68,0x65,0x20,0x61,0x74,0x6f,0x6d,0x69,0x63,0x20,0x6e,0x75,0x6d,0x62,
  0x65,0x72,0x20,0x6f,0x66,0x20,0x62,0x65,0x72,0x79,0x6c,0x6c,0x69,0x75,0x6d,0x20,
  0x69,0x73,0x20,0x34,0x2e,0x0e,0x62,0x65,0x72,0x79,0x6c,0x6c,0x69,0x75,0x6d,0x20,
  0x6d,0x61,0x73,0x73,0x01,0x39,0x00,0x54,0x68,0x65,0x20,0x61,0x74,0x6f,0x6d,0x69,
  0x63,0x20,0x6d,0x61,0x73,0x73,0x20,0x6f,0x66,0x20,0x62,0x65,0x72,0x79,0x6c,0x6c,
  0x69,0x75,0x6d,0x20,0x69,0x73,0x20,0x39,0x2e,0x30,0x31,0x32,0x32,0x20,0x61,0x74,
  0x6f,0x6d,0x69,0x63,0x20,0x6d,0x61,0x73,0x73,0x20,0x75,0x6e,0x69,0x74,0x73,0x2e,
  0x10,0x62,0x65,0x72,0x79,0x6c,0x6c,0x69,0x75,0x6d,0x20,0x6e,0x75,0x6d,0x62,0x65,
  0x72,0x01,0x24,0x00,0x54,0x68,0x65,0x20,0x61,0x74,0x6f,0x6d,0x69,0x63,0x20,0x6e,
  0x75,0x6d,0x62,0x65,0x72,0x20,0x6f,0x66,0x20,0x62,0x65,0x72,0x79,0x6c,0x6c,0x69,
  0x75,0x6d,0x20,0x69,0x73,0x20,0x34,0x2e,0x03,0x62,0x69,0x74,0x02,0x23,0x00,0x41,
  0x20,0x31,0x32,0x2d,0x62,0x69,0x74,0x20,0x63,0x6f,0x6e,0x76,0x65,0x72,0x74,0x65,
  0x72,0x20,0x68,0x61,0x73,0x20,0x34,0x30,0x39,0x36,0x20,0x6c,0x65,0x76,0x65,0x6c,
  0x73,0x2e,0x23,0x00,0x41,0x20,0x31,0x30,0x2d,0x62,0x69,0x74,0x20,0x63,0x6f,0x6e,
  0x76,0x65,0x72,0x74,0x65,0x72,0x20,0x68,0x61,0x73,0x20,0x31,0x30,0x32,0x34,0x20,
  0x6c,0x65,0x76,0x65,0x6c,0x73,0x2e,0x07,0x62,0x69,0x74,0x20,0x61,0x64,0x63,0x02,
  0x23,0x00,0x41,0x20,0x31,0x32,0x2d,0x62,0x69,0x74,0x20,0x63,0x6f,0x6e,0x76,0x65,
  0x72,0x74,0x65,0x72,0x20,0x68,0x61,0x73,0x20,0x34,0x30,0x39,0x36,0x20,0x6c,0x65,
  0x76,0x65,0x6c,0x73,0x2e,0x23,0x00,0x41,0x20,0x31,0x30,0x2d,0x62,0x69,0x74,0x20,
  0x63,0x6f,0x6e,0x76,0x65,0x72,0x74,0x65,0x72,0x20,0x68,0x61,0x73,0x20,0x31,0x30,
  0x32,0x34,0x20,0x6c,0x65,0x76,0x65,0x6c,0x73,0x2e,0x03,0x62,0x6a,0x74,0x01,0x4a,
  0x00,0x49,0x6e,0x20,0x61,0x20,0x62,0x69,0x70,0x6f,0x6c,0x61,0x72,0x20,0x74,0x72,
  0x61,0x6e,0x73,0x69,0x73,0x74,0x6f,0x72,0x2c,0x20,0x63,0x6f,0x6c,0x6c,0x65,0x63,
  0x74,0x6f,0x72,0x20,0x63,0x75,0x72,0x72,0x65,0x6e,0x74,0x20,0x65,0x71,0x75,0x61,
  0x6c,0x73,0x20,0x62,0x65,0x74,0x61,0x20,0x74,0x69,0x6d,0x65,0x73,0x20,0x62,0x61,
  0x73,0x65,0x20,0x63,0x75,0x72,0x72,0x65,0x6e,0x74,0x2e,0x08,0x62,0x6a,0x74,0x20,
  0x67,0x61,0x69,0x6e,0x01,0x4a,0x00,0x49,0x6e,0x20,0x61,0x20,0x62,0x69,0x70,0x6f,
  0x6c,0x61,0x72,0x20,0x74,0x72,0x61,0x6e,0x73,0x69,0x73,0x74,0x6f,0x72,0x2c,0x20,
  0x63,0x6f,0x6c,0x6c,0x65,0x63,0x74,0x6f,0x72,0x20,0x63,0x75,0x72,0x72,0x65,0x6e,
  0x74,0x20,0x65,0x71,0x75,0x61,0x6c,0x73,0x20,0x62,0x65,0x74,0x61,0x20,0x74,0x69,
  0x6d,0x65,0x73,0x20,0x62,0x61,0x73,0x65,0x20,0x63,0x75,0x72,0x72,0x65,0x6e,0x74,
  0x2e,0x05,0x62,0x6c,0x61,0x63,0x6b,0x01,0x28,0x00,0x41,0x20,0x62,0x6c,0x61,0x63,
  0x6b,0x20,0x72,0x65,0x73,0x69,0x73,0x74,0x6f,0x72,0x20,0x62,0x61,0x6e,0x64,0x20,
  0x6d,0x65,0x61,0x6e,0x73,0x20,0x74,0x68,0x65,0x20,0x64,0x69,0x67,0x69,0x74,0x20,
  0x30,0x2e,0x0a,0x62,0x6c,0x61,0x63,0x6b,0x20,0x62,0x61,0x6e,0x64,0x01,0x28,0x00,
  0x41,0x20,0x62,0x6c,0x61,0x63,0x6b,0x20,0x72,0x65,0x73,0x69,0x73,0x74,0x6f,0x72,
  0x20,0x62,0x61,0x6e,0x64,0x20,0x6d,0x65,0x61,0x6e,0x73,0x20,0x74,0x68,0x65,0x20,
  0x64,0x69,0x67,0x69,0x74,0x20,0x30,0x2e,0x04,0x62,0x6c,0x75,0x65,0x02,0x27,0x00,
  0x41,0x20,0x62,0x6c,0x75,0x65,0x20,0x72,0x65,0x73,0x69,0x73,0x74,0x6f,0x72,0x20,
  0x62,0x61,0x6e,0x64,0x20,0x6d,0x65,0x61,0x6e,0x73,0x20,0x74,0x68,0x65,0x20,0x64,
  0x69,0x67,0x69,0x74,0x20,0x36,0x2e,0x34,0x00,0x41,0x20,0x62,0x6c,0x75,0x65,0x20,
  0x4c,0x45,0x44,0x20,0x68,0x61,0x73,0x20,0x61,0x20,0x66,0x6f,0x72,0x77,0x61,0x72,
  0x64,0x20,0x76,0x6f,0x6c,0x74,0x61,0x67,0x65,0x20,0x6f,0x66,0x20,0x61,0x62,0x6f,
  0x75,0x74,0x20,0x33,0x2e,0x32,0x20,0x76,0x6f,0x6c,0x74,0x73,0x2e,0x09,0x62,0x6c,
  0x75,0x65,0x20,0x62,0x61,0x6e,0x64,0x01,0x27,0x00,0x41,0x20,0x62,0x6c,0x75,0x65,
  0x20,0x72,0x65,0x73,0x69,0x73,0x74,0x6f,0x72,0x20,0x62,0x61,0x6e,0x64,0x20,0x6d,
  0x65,0x61,0x6e,0x73,0x20,0x74,0x68,0x65,0x20,0x64,0x69,0x67,0x69,0x74,0x20,0x36,
  0x2e,0x08,0x62,0x6c,0x75,0x65,0x20,0x6c,0x65,0x64,0x01,0x34,0x00,0x41,0x20,0x62,
  0x6c,0x75,0x65,0x20,0x4c,0x45,0x44,0x20,0x68,0x61,0x73,0x20,0x61,0x20,0x66,0x6f,
  0x72,0x77,0x61,0x72,0x64,0x20,0x76,0x6f,0x6c,0x74,0x61,0x67,0x65,0x20,0x6f,0x66,
  0x20,0x61,0x62,0x6f,0x75,0x74,0x20,0x33,0x2e,0x32,0x20,0x76,0x6f,0x6c,0x74,0x73,
  0x2e,0x07,0x62,0x6f,0x69,0x6c,0x69,0x6e,0x67,0x01,0x44,0x00,0x57,0x61,0x74,0x65,
  0x72,0x20,0x62,0x6f,0x69,0x6c,0x73,0x20,0x61,0x74,0x20,0x31,0x30,0x30,0x20,0x64,
  0x65,0x67,0x72,0x65,0x65,0x73,0x20,0x43,0x65,0x6c,0x73,0x69,0x75,0x73,0x20,0x61,
  0x74,0x20,0x73,0x74,0x61,0x6e,0x64,0x61,0x72,0x64,0x20,0x61,0x74,0x6d,0x6f,0x73,
  0x70,0x68,0x65,0x72,0x69,0x63,0x20,0x70,0x72,0x65,0x73,0x73,0x75,0x72,0x65,0x2e,
  0x09,0x62,0x6f,0x6c,0x74,0x7a,0x6d,0x61,0x6e,0x6e,0x02,0x2b,0x00,0x54,0x68,0x65,
  0x20,0x42,0x6f,0x6c,0x74,0x7a,0x6d,0x61,0x6e,0x6e,0x20,0x63,0x6f,0x6e,0x73,0x74,
  0x61,0x6e,0x74,0x20,0x69,0x73,0x20,0x31,0x2e,0x33,0x38,0x30,0x36,0x34,0x39,0x65,
  0x2d,0x32,0x33,0x20,0x4a,0x2f,0x4b,0x2e,0x3a,0x00,0x54,0x68,0x65,0x20,0x53,0x74,
  0x65,0x66,0x61,0x6e,0x2d,0x42,0x6f,0x6c,0x74,0x7a,0x6d,0x61,0x6e,0x6e,0x20,0x63,
  0x6f,0x6e,0x73,0x74,0x61,0x6e,0x74,0x20,0x69,0x73,0x20,0x35,0x2e,0x36,0x37,0x30,
  0x33,0x37,0x34,0x34,0x31,0x39,0x65,0x2d,0x38,0x20,0x57,0x2f,0x28,0x6d,0x32,0x20,
  0x4b,0x34,0x29,0x2e,0x12,0x62,0x6f,0x6c,0x74,0x7a,0x6d,0x61,0x6e,0x6e,0x20,0x63,
  0x6f,0x6e,0x73,0x74,0x61,0x6e,0x74,0x01,0x2b,0x00,0x54,0x68,0x65,0x20,0x42,0x6f,
  0x6c,0x74,0x7a,0x6d,0x61,0x6e,0x6e,0x20,0x63,0x6f,0x6e,0x73,0x74,0x61,0x6e,0x74,
  0x20,0x69,0x73,0x20,0x31,0x2e,0x33,0x38,0x30,0x36,0x34,0x39,0x65,0x2d,0x32,0x33,
  0x20,0x4a,0x2f,0x4b,0x2e,0x05,0x62,0x6f,0x6f,0x73,0x74,0x01,0x56,0x00,0x42,0x6f,
  0x6f,0x73,0x74,0x20,0x63,0x6f,0x6e,0x76,0x65,0x72,0x74,0x65,0x72,0x20,0x6f,0x75,
  0x74,0x70,0x75,0x74,0x20,0x76,0x6f,0x6c,0x74,0x61,0x67,0x65,0x20,0x65,0x71,0x75,
  0x61,0x6c,0x73,0x20,0x69,0x6e,0x70,0x75,0x74,0x20,0x76,0x6f,0x6c,0x74,0x61,0x67,
  0x65,0x20,0x64,0x69,0x76,0x69,0x64,0x65,0x64,0x20,0x62,0x79,0x20,0x31,0x20,0x6d,
  0x69,0x6e,0x75,0x73,0x20,0x74,0x68,0x65,0x20,0x64,0x75,0x74,0x79,0x20,0x63,0x79,
  0x63,0x6c,0x65,0x2e,0x0f,0x62,0x6f,0x6f,0x73,0x74,0x20,0x63,0x6f,0x6e,0x76,0x65,
  0x72,0x74,0x65,0x72,0x01,0x56,0x00,0x42,0x6f,0x6f,0x73,0x74,0x20,0x63,0x6f,0x6e,
  0x76,0x65,0x72,0x74,0x65,0x72,0x20,0x6f,0x75,0x74,0x70,0x75,0x74,0x20,0x76,0x6f,
  0x6c,0x74,0x61,0x67,0x65,0x20,0x65,0x71,0x75,0x61,0x6c,0x73,0x20,0x69,0x6e,0x70,
  0x75,0x74,0x20,0x76,0x6f,0x6c,0x74,0x61,0x67,0x65,0x20,0x64,0x69,0x76,0x69,0x64,
  0x65,0x64,0x20,0x62,0x79,0x20,0x31,0x20,0x6d,0x69,0x6e,0x75,0x73,0x20,0x74,0x68,
  0x65,0x20,0x64,0x75,0x74,0x79,0x20,0x63,0x79,0x63,0x6c,0x65,0x2e,0x05,0x62,0x6f,
  0x72,0x6f,0x6e,0x03,0x3b,0x00,0x42,0x6f,0x72,0x6f,0x6e,0x20,0x68,0x61,0x73,0x20,
  0x73,0x79,0x6d,0x62,0x6f,0x6c,0x20,0x42,0x2c,0x20,0x61,0x74,0x6f,0x6d,0x69,0x63,
  0x20,0x6e,0x75,0x6d,0x62,0x65,0x72,0x20,0x35,0x2c,0x20,0x61,0x6e,0x64,0x20,0x61,
  0x74,0x6f,0x6d,0x69,0x63,0x20,0x6d,0x61,0x73,0x73,0x20,0x31,0x30,0x2e,0x38,0x31,
  0x2e,0x34,0x00,0x54,0x68,0x65,0x20,0x61,0x74,0x6f,0x6d,0x69,0x63,0x20,0x6d,0x61,
  0x73,0x73,0x20,0x6f,0x66,0x20,0x62,0x6f,0x72,0x6f,0x6e,0x20,0x69,0x73,0x20,0x31,
  0x30,0x2e,0x38,0x31,0x20,0x61,0x74,0x6f,0x6d,0x69,0x63,0x20,0x6d,0x61,0x73,0x73,
  0x20,0x75,0x6e,0x69,0x74,0x73,0x2e,0x20,0x00,0x54,0x68,0x65,0x20,0x61,0x74,0x6f,
  0x6d,0x69,0x63,0x20,0x6e,0x75,0x6d,0x62,0x65,0x72,0x20,0x6f,0x66,0x20,0x62,0x6f,
  0x72,0x6f,0x6e,0x20,0x69,0x73,0x20,0x35,0x2e,0x0c,0x62,0x6f,0x72,0x6f,0x6e,0x20,
  0x61,0x74,0x6f,0x6d,0x69,0x63,0x02,0x34,0x00,0x54,0x68,0x65,0x20,0x61,0x74,0x6f,
  0x6d,0x69,0x63,0x20,0x6d,0x61,0x73,0x73,0x20,0x6f,0x66,0x20,0x62,0x6f,0x72,0x6f,
  0x6e,0x20,0x69,0x73,0x20,0x31,0x30,0x2e,0x38,0x31,0x20,0x61,0x74,0x6f,0x6d,0x69,
  0x63,0x20,0x6d,0x61,0x73,0x73,0x20,0x75,0x6e,0x69,0x74,0x73,0x2e,0x20,0x00,0x54,
  0x68,0x65,0x20,0x61,0x74,0x6f,0x6d,0x69,0x63,0x20,0x6e,0x75,0x6d,0x62,0x65,0x72,
  0x20,0x6f,0x66,0x20,0x62,0x6f,0x72,0x6f,0x6e,0x20,0x69,0x73,0x20,0x35,0x2e,0x11,
  0x62,0x6f,0x72,0x6f,0x6e,0x20,0x61,0x74,0x6f,0x6d,0x69,0x63,0x20,0x6d,0x61,0x73,
  0x73,0x01,0x34,0x00,0x54,0x68,0x65,0x20,0x61,0x74,0x6f,0x6d,0x69,0x63,0x20,0x6d,
  0x61,0x73,0x73,0x20,0x6f,0x66,0x20,0x62,0x6f,0x72,0x6f,0x6e,0x20,0x69,0x73,0x20,
  0x31,0x30,0x2e,0x38,0x31,0x20,0x61,0x74,0x6f,0x6d,0x69,0x63,0x20,0x6d,0x61,0x73,
  0x73,0x20,0x75,0x6e,0x69,0x74,0x73,0x2e,0x13,0x62,0x6f,0x72,0x6f,0x6e,0x20,0x61,
  0x74,0x6f,0x6d,0x69,0x63,0x20,0x6e,0x75,0x6d,0x62,0x65,0x72,0x01,0x20,0x00,0x54,
  0x68,0x65,0x20,0x61,0x74,0x6f,0x6d,0x69,0x63,0x20,0x6e,0x75,0x6d,0x62,0x65,0x72,
  0x20,0x6f,0x66,0x20,0x62,0x6f,0x72,0x6f,0x6e,0x20,0x69,0x73,0x20,0x35,0x2e,0x0a,
  0x62,0x6f,0x72,0x6f,0x6e,0x20,0x6d,0x61,0x73,0x73,0x01,0x34,0x00,0x54,0x68,0x65,
  0x20,0x61,0x74,0x6f,0x6d,0x69,0x63,0x20,0x6d,0x61,0x73,0x73,0x20,0x6f,0x66,0x20,
  0x62,0x6f,0x72,0x6f,0x6e,0x20,0x69,0x73,0x20,0x31,0x30,0x2e,0x38,0x31,0x20,0x61,
  0x74,0x6f,0x6d,0x69,0x63,0x20,0x6d,0x61,0x73,0x73,0x20,0x75,0x6e,0x69,0x74,0x73,
  0x2e,0x0c,0x62,0x6f,0x72,0x6f,0x6e,0x20,0x6e,0x75,0x6d,0x62,0x65,0x72,0x01,0x20,
  0x00,0x54,0x68,0x65,0x20,0x61,0x74,0x6f,0x6d,0x69,0x63,0x20,0x6e,0x75,0x6d,0x62,
  0x65,0x72,0x20,0x6f,0x66,0x20,0x62,0x6f,0x72,0x6f,0x6e,0x20,0x69,0x73,0x20,0x35,
  0x2e,0x07,0x62,0x72,0x6f,0x6d,0x69,0x6e,0x65,0x03,0x40,0x00,0x42,0x72,0x6f,0x6d,
  0x69,0x6e,0x65,0x20,0x68,0x61,0x73,0x20,0x73,0x79,0x6d,0x62,0x6f,0x6c,0x20,0x42,
  0x72,0x2c,0x20,0x61,0x74,0x6f,0x6d,0x69,0x63,0x20,0x6e,0x75,0x6d,0x62,0x65,0x72,
  0x20,0x33,0x35,0x2c,0x20,0x61,0x6e,0x64,0x20,0x61,0x74,0x6f,0x6d,0x69,0x63,0x20,
  0x6d,0x61,0x73,0x73,0x20,0x37,0x39,0x2e,0x39,0x30,0x34,0x2e,0x37,0x00,0x54,0x68,
  0x65,0x20,0x61,0x74,0x6f,0x6d,0x69,0x63,0x20,0x6d,0x61,0x73,0x73,0x20,0x6f,0x66,
  0x20,0x62,0x72,0x6f,0x6d,0x69,0x6e,0x65,0x20,0x69,0x73,0x20,0x37,0x39,0x2e,0x39,
  0x30,0x34,0x20,0x61,0x74,0x6f,0x6d,0x69,0x63,0x20,0x6d,0x61,0x73,0x73,0x20,0x75,
  0x6e,0x69,0x74,0x73,0x2e,0x23,0x00,0x54,0x68,0x65,0x20,0x61,0x74,0x6f,0x6d,0x69,
  0x63,0x20,0x6e,0x75,0x6d,0x62,0x65,0x72,0x20,0x6f,0x66,0x20,0x62,0x72,0x6f,0x6d,
  0x69,0x6e,0x65,0x20,0x69,0x73,0x20,0x33,0x35,0x2e,0x0e,0x62,0x72,0x6f,0x6d,0x69,
  0x6e,0x65,0x20,0x61,0x74,0x6f,0x6d,0x69,0x63,0x02,0x37,0x00,0x54,0x68,0x65,0x20,
  0x61,0x74,0x6f,0x6d,0x69,0x63,0x20,0x6d,0x61,0x73,0x73,0x20,0x6f,0x66,0x20,0x62,
  0x72,0x6f,0x6d,0x69,0x6e,0x65,0x20,0x69,0x73,0x20,0x37,0x39,0x2e,0x39,0x30,0x34,
  0x20,0x61,0x74,0x6f,0x6d,0x69,0x63,0x20,0x6d,0x61,0x73,0x73,0x20,0x75,0x6e,0x69,
  0x74,0x73,0x2e,0x23,0x00,0x54,0x68,0x65,0x20,0x61,0x74,0x6f,0x6d,0x69,0x63,0x20,
  0x6e,0x75,0x6d,0x62,0x65,0x72,0x20,0x6f,0x66,0x20,0x62,0x72,0x6f,0x6d,0x69,0x6e,
  0x65,0x20,0x69,0x73,0x20,0x33,0x35,0x2e,0x13,0x62,0x72,0x6f,0x6d,0x69,0x6e,0x65,
  0x20,0x61,0x74,0x6f,0x6d,0x69,0x63,0x20,0x6d,0x61,0x73,0x73,0x01,0x37,0x00,0x54,
  0x68,0x65,0x20,0x61,0x74,0x6f,0x6d,0x69,0x63,0x20,0x6d,0x61,0x73,0x73,0x20,0x6f,
  0x66,0x20,0x62,0x72,0x6f,0x6d,0x69,0x6e,0x65,0x20,0x69,0x73,0x20,0x37,0x39,0x2e,
  0x39,0x30,0x34,0x20,0x61,0x74,0x6f,0x6d,0x69,0x63,0x20,0x6d,0x61,0x73,0x73,0x20,
  0x75,0x6e,0x69,0x74,0x73,0x2e,0x15,0x62,0x72,0x6f,0x6d,0x69,0x6e,0x65,0x20,0x61,
  0x74,0x6f,0x6d,0x69,0x63,0x20,0x6e,0x75,0x6d,0x62,0x65,0x72,0x01,0x23,0x00,0x54,
  0x68,0x65,0x20,0x61,0x74,0x6f,0x6d,0x69,0x63,0x20,0x6e,0x75,0x6d,0x62,0x65,0x72,
  0x20,0x6f,0x66,0x20,0x62,0x72,0x6f,0x6d,0x69,0x6e,0x65,0x20,0x69,0x73,0x20,0x33,
  0x35,0x2e,0x0c,0x62,0x72,0x6f,0x6d,0x69,0x6e,0x65,0x20,0x6d,0x61,0x73,0x73,0x01,
  0x37,0x00,0x54,0x68,0x65,0x20,0x61,0x74,0x6f,0x6d,0x69,0x63,0x20,0x6d,0x61,0x73,
  0x73,0x20,0x6f,0x66,0x20,0x62,0x72,0x6f,0x6d,0x69,0x6e,0x65,0x20,0x69,0x73,0x20,
  0x37,0x39,0x2e,0x39,0x30,0x34,0x20,0x61,0x74,0x6f,0x6d,0x69,0x63,0x20,0x6d,0x61,
  0x73,0x73,0x20,0x75,0x6e,0x69,0x74,0x73,0x2e,0x0e,0x62,0x72,0x6f,0x6d,0x69,0x6e,
  0x65,0x20,0x6e,0x75,0x6d,0x62,0x65,0x72,0x01,0x23,0x00,0x54,0x68,0x65,0x20,0x61,
  0x74,0x6f,0x6d,0x69,0x63,0x20,0x6e,0x75,0x6d,0x62,0x65,0x72,0x20,0x6f,0x66,0x20,
  0x62,0x72,0x6f,0x6d,0x69,0x6e,0x65,0x20,0x69,0x73,0x20,0x33,0x35,0x2e,0x05,0x62,
  0x72,0x6f,0x77,0x6e,0x01,0x28,0x00,0x41,0x20,0x62,0x72,0x6f,0x77,0x6e,0x20,0x72,
  0x65,0x73,0x69,0x73,0x74,0x6f,0x72,0x20,0x62,0x61,0x6e,0x64,0x20,0x6d,0x65,0x61,
  0x6e,0x73,0x20,0x74,0x68,0x65,0x20,0x64,0x69,0x67,0x69,0x74,0x20,0x31,0x2e,0x0a,
  0x62,0x72,0x6f,0x77,0x6e,0x20,0x62,0x61,0x6e,0x64,0x01,0x28,0x00,0x41,0x20,0x62,
  0x72,0x6f,0x77,0x6e,0x20,0x72,0x65,0x73,0x69,0x73,0x74,0x6f,0x72,0x20,0x62,0x61,
  0x6e,0x64,0x20,0x6d,0x65,0x61,0x6e,0x73,0x20,0x74,0x68,0x65,0x20,0x64,0x69,0x67,
  0x69,0x74,0x20,0x31,0x2e,0x04,0x62,0x79,0x74,0x65,0x01,0x13,0x00,0x4f,0x6e,0x65,
  0x20,0x62,0x79,0x74,0x65,0x20,0x69,0x73,0x20,0x38,0x20,0x62,0x69,0x74,0x73,0x2e,
  0x07,0x63,0x61,0x6c,0x63,0x69,0x75,0x6d,0x03,0x40,0x00,0x43,0x61,0x6c,0x63,0x69,
  0x75,0x6d,0x20,0x68,0x61,0x73,0x20,0x73,0x79,0x6d,0x62,0x6f,0x6c,0x20,0x43,0x61,
  0x2c,0x20,0x61,0x74,0x6f,0x6d,0x69,0x63,0x20,0x6e,0x75,0x6d,0x62,0x65,0x72,0x20,
  0x32,0x30,0x2c,0x20,0x61,0x6e,0x64,0x20,0x61,0x74,0x6f,0x6d,0x69,0x63,0x20,0x6d,
  0x61,0x73,0x73,0x20,0x34,0x30,0x2e,0x30,0x37,0x38,0x2e,0x37,0x00,0x54,0x68,0x65,
  0x20,0x61,0x74,0x6f,0x6d,0x69,0x63,0x20,0x6d,0x61,0x73,0x73,0x20,0x6f,0x66,0x20,
  0x63,0x61,0x6c,0x63,0x69,0x75,0x6d,0x20,0x69,0x73,0x20,0x34,0x30,0x2e,0x30,0x37,
  0x38,0x20,0x61,0x74,0x6f,0x6d,0x69,0x63,0x20,0x6d,0x61,0x73,0x73,0x20,0x75,0x6e,
  0x69,0x74,0x73,0x2e,0x23,0x00,0x54,0x68,0x65,0x20,0x61,0x74,0x6f,0x6d,0x69,0x63,
  0x20,0x6e,0x75,0x6d,0x62,0x65,0x72,0x20,0x6f,0x66,0x20,0x63,0x61,0x6c,0x63,0x69,
  0x75,0x6d,0x20,0x69,0x73,0x20,0x32,0x30,0x2e,0x0e,0x63,0x61,0x6c,0x63,0x69,0x75,
  0x6d,0x20,0x61,0x74,0x6f,0x6d,0x69,0x63,0x02,0x37,0x00,0x54,0x68,0x65,0x20,0x61,
  0x74,0x6f,0x6d,0x69,0x63,0x20,0x6d,0x61,0x73,0x73,0x20,0x6f,0x66,0x20,0x63,0x61,
  0x6c,0x63,0x69,0x75,0x6d,0x20,0x69,0x73,0x20,0x34,0x30,0x2e,0x30,0x37,0x38,0x20,
  0x61,0x74,0x6f,0x6d,0x69,0x63,0x20,0x6d,0x61,0x73,0x73,0x20,0x75,0x6e,0x69,0x74,
  0x73,0x2e,0x23,0x00,0x54,0x68,0x65,0x20,0x61,0x74,0x6f,0x6d,0x69,0x63,0x20,0x6e,
  0x75,0x6d,0x62,0x65,0x72,0x20,0x6f,0x66,0x20,0x63,0x61,0x6c,0x63,0x69,0x75,0x6d,
  0x20,0x69,0x73,0x20,0x32,0x30,0x2e,0x13,0x63,0x61,0x6c,0x63,0x69,0x75,0x6d,0x20,
  0x61,0x74,0x6f,0x6d,0x69,0x63,0x20,0x6d,0x61,0x73,0x73,0x01,0x37,0x00,0x54,0x68,
  0x65,0x20,0x61,0x74,0x6f,0x6d,0x69,0x63,0x20,0x6d,0x61,0x73,0x73,0x20,0x6f,0x66,
  0x20,0x63,0x61,0x6c,0x63,0x69,0x75,0x6d,0x20,0x69,0x73,0x20,0x34,0x30,0x2e,0x30,
  0x37,0x38,0x20,0x61,0x74,0x6f,0x6d,0x69,0x63,0x20,0x6d,0x61,0x73,0x73,0x20,0x75,
  0x6e,0x69,0x74,0x73,0x2e,0x15,0x63,0x61,0x6c,0x63,0x69,0x75,0x6d,0x20,0x61,0x74,
  0x6f,0x6d,0x69,0x63,0x20,0x6e,0x75,0x6d,0x62,0x65,0x72,0x01,0x23,0x00,0x54,0x68,
  0x65,0x20,0x61,0x74,0x6f,0x6d,0x69,0x63,0x20,0x6e,0x75,0x6d,0x62,0x65,0x72,0x20,
  0x6f,0x66,0x20,0x63,0x61,0x6c,0x63,0x69,0x75,0x6d,0x20,0x69,0x73,0x20,0x32,0x30,
  0x2e,0x0c,0x63,0x61,0x6c,0x63,0x69,0x75,0x6d,0x20,0x6d,0x61,0x73,0x73,0x01,0x37,
  0x00,0x54,0x68,0x65,0x20,0x61,0x74,0x6f,0x6d,0x69,0x63,0x20,0x6d,0x61,0x73,0x73,
  0x20,0x6f,0x66,0x20,0x63,0x61,0x6c,0x63,0x69,0x75,0x6d,0x20,0x69,0x73,0x20,0x34,
  0x30,0x2e,0x30,0x37,0x38,0x20,0x61,0x74,0x6f,0x6d,0x69,0x63,0x20,0x6d,0x61,0x73,
  0x73,0x20,0x75,0x6e,0x69,0x74,0x73,0x2e,0x0e,0x63,0x61,0x6c,0x63,0x69,0x75,0x6d,
  0x20,0x6e,0x75,0x6d,0x62,0x65,0x72,0x01,0x23,0x00,0x54,0x68,0x65,0x20,0x61,0x74,
  0x6f,0x6d,0x69,0x63,0x20,0x6e,0x75,0x6d,0x62,0x65,0x72,0x20,0x6f,0x66,0x20,0x63,
  0x61,0x6c,0x63,0x69,0x75,0x6d,0x20,0x69,0x73,0x20,0x32,0x30,0x2e,0x07,0x63,0x61,
  0x6c,0x6f,0x72,0x69,0x65,0x01,0x1c,0x00,0x4f,0x6e,0x65,0x20,0x63,0x61,0x6c,0x6f,
  0x72,0x69,0x65,0x20,0x69,0x73,0x20,0x34,0x2e,0x31,0x38,0x34,0x20,0x6a,0x6f,0x75,
  0x6c,0x65,0x73,0x2e,0x0b,0x63,0x61,0x70,0x61,0x63,0x69,0x74,0x61,0x6e,0x63,0x65,
  0x04,0x4c,0x00,0x46,0x6f,0x72,0x20,0x74,0x77,0x6f,0x20,0x63,0x61,0x70,0x61,0x63,
  0x69,0x74,0x6f,0x72,0x73,0x20,0x69,0x6e,0x20,0x73,0x65,0x72,0x69,0x65,0x73,0x2c,
  0x20,0x63,0x61,0x70,0x61,0x63,0x69,0x74,0x61,0x6e,0x63,0x65,0x20,0x69,0x73,0x20,
  0x74,0x68,0x65,0x20,0x70,0x72,0x6f,0x64,0x75,0x63,0x74,0x20,0x64,0x69,0x76,0x69,
  0x64,0x65,0x64,0x20,0x62,0x79,0x20,0x74,0x68,0x65,0x20,0x73,0x75,0x6d,0x2e,0x34,
  0x00,0x50,0x61,0x72,0x61,0x6c,0x6c,0x65,0x6c,0x20,0x63,0x61,0x70,0x61,0x63,0x69,
  0x74,0x61,0x6e,0x63,0x65,0x20,0x69,0x73,0x20,0x74,0x68,0x65,0x20,0x73,0x75,0x6d,
  0x20,0x6f,0x66,0x20,0x74,0x68,0x65,0x20,0x63,0x61,0x70,0x61,0x63,0x69,0x74,0x61,
  0x6e,0x63,0x65,0x73,0x2e,0x32,0x00,0x43,0x61,0x70,0x61,0x63,0x69,0x74,0x69,0x76,
  0x65,0x20,0x72,0x65,0x61,0x63,0x74,0x61,0x6e,0x63,0x65,0x20,0x65,0x71,0x75,0x61,
  0x6c,0x73,0x20,0x31,0x20,0x64,0x69,0x76,0x69,0x64,0x65,0x64,0x20,0x62,0x79,0x20,
  0x32,0x20,0x70,0x69,0x20,0x66,0x20,0x43,0x2e,0x39,0x00,0x54,0x68,0x65,0x20,0x52,
  0x43,0x20,0x74,0x69,0x6d,0x65,0x20,0x63,0x6f,0x6e,0x73,0x74,0x61,0x6e,0x74,0x20,
  0x65,0x71,0x75,0x61,0x6c,0x73,0x20,0x72,0x65,0x73,0x69,0x73,0x74,0x61,0x6e,0x63,
  0x65,0x20,0x74,0x69,0x6d,0x65,0x73,0x20,0x63,0x61,0x70,0x61,0x63,0x69,0x74,0x61,
  0x6e,0x63,0x65,0x2e,0x0a,0x63,0x61,0x70,0x61,0x63,0x69,0x74,0x69,0x76,0x65,0x01,
  0x32,0x00,0x43,0x61,0x70,0x61,0x63,0x69,0x74,0x69,0x76,0x65,0x20,0x72,0x65,0x61,
  0x63,0x74,0x61,0x6e,0x63,0x65,0x20,0x65,0x71,0x75,0x61,0x6c,0x73,0x20,0x31,0x20,
  0x64,0x69,0x76,0x69,0x64,0x65,0x64,0x20,0x62,0x79,0x20,0x32,0x20,0x70,0x69,0x20,
  0x66,0x20,0x43,0x2e,0x14,0x63,0x61,0x70,0x61,0x63,0x69,0x74,0x69,0x76,0x65,0x20,
  0x72,0x65,0x61,0x63,0x74,0x61,0x6e,0x63,0x65,0x01,0x32,0x00,0x43,0x61,0x70,0x61,
  0x63,0x69,0x74,0x69,0x76,0x65,0x20,0x72,0x65,0x61,0x63,0x74,0x61,0x6e,0x63,0x65,
  0x20,0x65,0x71,0x75,0x61,0x6c,0x73,0x20,0x31,0x20,0x64,0x69,0x76,0x69,0x64,0x65,
  0x64,0x20,0x62,0x79,0x20,0x32,0x20,0x70,0x69,0x20,0x66,0x20,0x43,0x2e,0x09,0x63,
  0x61,0x70,0x61,0x63,0x69,0x74,0x6f,0x72,0x06,0x3a,0x00,0x45,0x6e,0x65,0x72,0x67,
  0x79,0x20,0x69,0x6e,0x20,0x61,0x20,0x63,0x61,0x70,0x61,0x63,0x69,0x74,0x6f,0x72,
  0x20,0x65,0x71,0x75,0x61,0x6c,0x73,0x20,0x68,0x61,0x6c,0x66,0x20,0x43,0x20,0x74,
  0x69,0x6d,0x65,0x73,0x20,0x76,0x6f,0x6c,0x74,0x61,0x67,0x65,0x20,0x73,0x71,0x75,
  0x61,0x72,0x65,0x64,0x2e,0x3b,0x00,0x54,0x68,0x65,0x20,0x63,0x68,0x61,0x72,0x67,
  0x65,0x20,0x6f,0x6e,0x20,0x61,0x20,0x63,0x61,0x70,0x61,0x63,0x69,0x74,0x6f,0x72,
  0x20,0x65,0x71,0x75,0x61,0x6c,0x73,0x20,0x63,0x61,0x70,0x61,0x63,0x69,0x74,0x61,
  0x6e,0x63,0x65,0x20,0x74,0x69,0x6d,0x65,0x73,0x20,0x76,0x6f,0x6c,0x74,0x61,0x67,
  0x65,0x2e,0x21,0x00,0x41,0x20,0x63,0x61,0x70,0x61,0x63,0x69,0x74,0x6f,0x72,0x20,
  0x6d,0x61,0x72,0x6b,0x65,0x64,0x20,0x31,0x30,0x31,0x20,0x69,0x73,0x20,0x31,0x30,
  0x30,0x20,0x70,0x46,0x2e,0x1f,0x00,0x41,0x20,0x63,0x61,0x70,0x61,0x63,0x69,0x74,
  0x6f,0x72,0x20,0x6d,0x61,0x72,0x6b,0x65,0x64,0x20,0x31,0x30,0x32,0x20,0x69,0x73,
  0x20,0x31,0x20,0x6e,0x46,0x2e,0x20,0x00,0x41,0x20,0x63,0x61,0x70,0x61,0x63,0x69,
  0x74,0x6f,0x72,0x20,0x6d,0x61,0x72,0x6b,0x65,0x64,0x20,0x31,0x30,0x33,0x20,0x69,
  0x73,0x20,0x31,0x30,0x20,0x6e,0x46,0x2e,0x21,0x00,0x41,0x20,0x63,0x61,0x70,0x61,
  0x63,0x69,0x74,0x6f,0x72,0x20,0x6d,0x61,0x72,0x6b,0x65,0x64,0x20,0x31,0x30,0x34,
  0x20,0x69,0x73,0x20,0x31,0x30,0x30,0x20,0x6e,0x46,0x2e,0x0d,0x63,0x61,0x70,0x61,
  0x63,0x69,0x74,0x6f,0x72,0x20,0x31,0x30,0x31,0x01,0x21,0x00,0x41,0x20,0x63,0x61,
  0x70,0x61,0x63,0x69,0x74,0x6f,0x72,0x20,0x6d,0x61,0x72,0x6b,0x65,0x64,0x20,0x31,
  0x30,0x31,0x20,0x69,0x73,0x20,0x31,0x30,0x30,0x20,0x70,0x46,0x2e,0x0d,0x63,0x61,
  0x70,0x61,0x63,0x69,0x74,0x6f,0x72,0x20,0x31,0x30,0x32,0x01,0x1f,0x00,0x41,0x20,
  0x63,0x61,0x70,0x61,0x63,0x69,0x74,0x6f,0x72,0x20,0x6d,0x61,0x72,0x6b,0x65,0x64,
  0x20,0x31,0x30,0x32,0x20,0x69,0x73,0x20,0x31,0x20,0x6e,0x46,0x2e,0x0d,0x63,0x61,
  0x70,0x61,0x63,0x69,0x74,0x6f,0x72,0x20,0x31,0x30,0x33,0x01,0x20,0x00,0x41,0x20,
  0x63,0x61,0x70,0x61,0x63,0x69,0x74,0x6f,0x72,0x20,0x6d,0x61,0x72,0x6b,0x65,0x64,
  0x20,0x31,0x30,0x33,0x20,0x69,0x73,0x20,0x31,0x30,0x20,0x6e,0x46,0x2e,0x0d,0x63,
  0x61,0x70,0x61,0x63,0x69,0x74,0x6f,0x72,0x20,0x31,0x30,0x34,0x01,0x21,0x00,0x41,
  0x20,0x63,0x61,0x70,0x61,0x63,0x69,0x74,0x6f,0x72,0x20,0x6d,0x61,0x72,0x6b,0x65,
  0x64,0x20,0x31,0x30,0x34,0x20,0x69,0x73,0x20,0x31,0x30,0x30,0x20,0x6e,0x46,0x2e,
  0x0d,0x63,0x61,0x70,0x61,0x63,0x69,0x74,0x6f,0x72,0x20,0x31,0x30,0x35,0x01,0x1f,
  0x00,0x41,0x20,0x63,0x61,0x70,0x61,0x63,0x69,0x74,0x6f,0x72,0x20,0x6d,0x61,0x72,
  0x6b,0x65,0x64,0x20,0x31,0x30,0x35,0x20,0x69,0x73,0x20,0x31,0x20,0x75,0x46,0x2e,
  0x0d,0x63,0x61,0x70,0x61,0x63,0x69,0x74,0x6f,0x72,0x20,0x31,0x30,0x36,0x01,0x20,
  0x00,0x41,0x20,0x63,0x61,0x70,0x61,0x63,0x69,0x74,0x6f,0x72,0x20,0x6d,0x61,0x72,
  0x6b,0x65,0x64,0x20,0x31,0x30,0x36,0x20,0x69,0x73,0x20,0x31,0x30,0x20,0x75,0x46,
  0x2e,0x0d,0x63,0x61,0x70,0x61,0x63,0x69,0x74,0x6f,0x72,0x20,0x32,0x32,0x31,0x01,
  0x21,0x00,0x41,0x20,0x63,0x61,0x70,0x61,0x63,0x69,0x74,0x6f,0x72,0x20,0x6d,0x61,
  0x72,0x6b,0x65,0x64,0x20,0x32,0x32,0x31,0x20,0x69,0x73,0x20,0x32,0x32,0x30,0x20,
  0x70,0x46,0x2e,0x0d,0x63,0x61,0x70,0x61,0x63,0x69,0x74,0x6f,0x72,0x20,0x32,0x32,
  0x32,0x01,0x21,0x00,0x41,0x20,0x63,0x61,0x70,0x61,0x63,0x69,0x74,0x6f,0x72,0x20,
  0x6d,0x61,0x72,0x6b,0x65,0x64,0x20,0x32,0x32,0x32,0x20,0x69,0x73,0x20,0x32,0x2e,
  0x32,0x20,0x6e,0x46,0x2e,0x0d,0x63,0x61,0x70,0x61,0x63,0x69,0x74,0x6f,0x72,0x20,
  0x32,0x32,0x34,0x01,0x21,0x00,0x41,0x20,0x63,0x61,0x70,0x61,0x63,0x69,0x74,0x6f,
  0x72,0x20,0x6d,0x61,0x72,0x6b,0x65,0x64,0x20,0x32,0x32,0x34,0x20,0x69,0x73,0x20,
  0x32,0x32,0x30,0x20,0x6e,0x46,0x2e,0x0d,0x63,0x61,0x70,0x61,0x63,0x69,0x74,0x6f,
  0x72,0x20,0x34,0x37,0x31,0x01,0x21,0x00,0x41,0x20,0x63,0x61,0x70,0x61,0x63,0x69,
  0x74,0x6f,0x72,0x20,0x6d,0x61,0x72,0x6b,0x65,0x64,0x20,0x34,0x37,0x31,0x20,0x69,
  0x73,0x20,0x34,0x37,0x30,0x20,0x70,0x46,0x2e,0x0d,0x63,0x61,0x70,0x61,0x63,0x69,
  0x74,0x6f,0x72,0x20,0x34,0x37,0x33,0x01,0x20,0x00,0x41,0x20,0x63,0x61,0x70,0x61,
  0x63,0x69,0x74,0x6f,0x72,0x20,0x6d,0x61,0x72,0x6b,0x65,0x64,0x20,0x34,0x37,0x33,
  0x20,0x69,0x73,0x20,0x34,0x37,0x20,0x6e,0x46,0x2e,0x10,0x63,0x61,0x70,0x61,0x63,
  0x69,0x74,0x6f,0x72,0x20,0x63,0x68,0x61,0x72,0x67,0x65,0x01,0x3b,0x00,0x54,0x68,
  0x65,0x20,0x63,0x68,0x61,0x72,0x67,0x65,0x20,0x6f,0x6e,0x20,0x61,0x20,0x63,0x61,
  0x70,0x61,0x63,0x69,0x74,0x6f,0x72,0x20,0x65,0x71,0x75,0x61,0x6c,0x73,0x20,0x63,
  0x61,0x70,0x61,0x63,0x69,0x74,0x61,0x6e,0x63,0x65,0x20,0x74,0x69,0x6d,0x65,0x73,
  0x20,0x76,0x6f,0x6c,0x74,0x61,0x67,0x65,0x2e,0x0e,0x63,0x61,0x70,0x61,0x63,0x69,
  0x74,0x6f,0x72,0x20,0x63,0x6f,0x64,0x65,0x06,0x21,0x00,0x41,0x20,0x63,0x61,0x70,
  0x61,0x63,0x69,0x74,0x6f,0x72,0x20,0x6d,0x61,0x72,0x6b,0x65,0x64,0x20,0x31,0x30,
  0x31,0x20,0x69,0x73,0x20,0x31,0x30,0x30,0x20,0x70,0x46,0x2e,0x1f,0x00,0x41,0x20,
  0x63,0x61,0x70,0x61,0x63,0x69,0x74,0x6f,0x72,0x20,0x6d,0x61,0x72,0x6b,0x65,0x64,
  0x20,0x31,0x30,0x32,0x20,0x69,0x73,0x20,0x31,0x20,0x6e,0x46,0x2e,0x20,0x00,0x41,
  0x20,0x63,0x61,0x70,0x61,0x63,0x69,0x74,0x6f,0x72,0x20,0x6d,0x61,0x72,0x6b,0x65,
  0x64,0x20,0x31,0x30,0x33,0x20,0x69,0x73,0x20,0x31,0x30,0x20,0x6e,0x46,0x2e,0x21,
  0x00,0x41,0x20,0x63,0x61,0x70,0x61,0x63,0x69,0x74,0x6f,0x72,0x20,0x6d,0x61,0x72,
  0x6b,0x65,0x64,0x20,0x31,0x30,0x34,0x20,0x69,0x73,0x20,0x31,0x30,0x30,0x20,0x6e,
  0x46,0x2e,0x1f,0x00,0x41,0x20,0x63,0x61,0x70,0x61,0x63,0x69,0x74,0x6f,0x72,0x20,
  0x6d,0x61,0x72,0x6b,0x65,0x64,0x20,0x31,0x30,0x35,0x20,0x69,0x73,0x20,0x31,0x20,
  0x75,0x46,0x2e,0x20,0x00,0x41,0x20,0x63,0x61,0x70,0x61,0x63,0x69,0x74,0x6f,0x72,
  0x20,0x6d,0x61,0x72,0x6b,0x65,0x64,0x20,0x31,0x30,0x36,0x20,0x69,0x73,0x20,0x31,
  0x30,0x20,0x75,0x46,0x2e,0x12,0x63,0x61,0x70,0x61,0x63,0x69,0x74,0x6f,0x72,0x20,
  0x63,0x6f,0x64,0x65,0x20,0x31,0x30,0x31,0x01,0x21,0x00,0x41,0x20,0x63,0x61,0x70,
  0x61,0x63,0x69,0x74,0x6f,0x72,0x20,0x6d,0x61,0x72,0x6b,0x65,0x64,0x20,0x31,0x30,
  0x31,0x20,0x69,0x73,0x20,0x31,0x30,0x30,0x20,0x70,0x46,0x2e,0x12,0x63,0x61,0x70,
  0x61,0x63,0x69,0x74,0x6f,0x72,0x20,0x63,0x6f,0x64,0x65,0x20,0x31,0x30,0x32,0x01,
  0x1f,0x00,0x41,0x20,0x63,0x61,0x70,0x61,0x63,0x69,0x74,0x6f,0x72,0x20,0x6d,0x61,
  0x72,0x6b,0x65,0x64,0x20,0x31,0x30,0x32,0x20,0x69,0x73,0x20,0x31,0x20,0x6e,0x46,
  0x2e,0x12,0x63,0x61,0x70,0x61,0x63,0x69,0x74,0x6f,0x72,0x20,0x63,0x6f,0x64,0x65,
  0x20,0x31,0x30,0x33,0x01,0x20,0x00,0x41,0x20,0x63,0x61,0x70,0x61,0x63,0x69,0x74,
  0x6f,0x72,0x20,0x6d,0x61,0x72,0x6b,0x65,0x64,0x20,0x31,0x30,0x33,0x20,0x69,0x73,
  0x20,0x31,0x30,0x20,0x6e,0x46,0x2e,0x12,0x63,0x61,0x70,0x61,0x63,0x69,0x74,0x6f,
  0x72,0x20,0x63,0x6f,0x64,0x65,0x20,0x31,0x30,0x34,0x01,0x21,0x00,0x41,0x20,0x63,
  0x61,0x70,0x61,0x63,0x69,0x74,0x6f,0x72,0x20,0x6d,0x61,0x72,0x6b,0x65,0x64,0x20,
  0x31,0x30,0x34,0x20,0x69,0x73,0x20,0x31,0x30,0x30,0x20,0x6e,0x46,0x2e,0x12,0x63,
  0x61,0x70,0x61,0x63,0x69,0x74,0x6f,0x72,0x20,0x63,0x6f,0x64,0x65,0x20,0x31,0x30,
  0x35,0x01,0x1f,0x00,0x41,0x20,0x63,0x61,0x70,0x61,0x63,0x69,0x74,0x6f,0x72,0x20,
  0x6d,0x61,0x72,0x6b,0x65,0x64,0x20,0x31,0x30,0x35,0x20,0x69,0x73,0x20,0x31,0x20,
  0x75,0x46,0x2e,0x12,0x63,0x61,0x70,0x61,0x63,0x69,0x74,0x6f,0x72,0x20,0x63,0x6f,
  0x64,0x65,0x20,0x31,0x30,0x36,0x01,0x20,0x00,0x41,0x20,0x63,0x61,0x70,0x61,0x63,
  0x69,0x74,0x6f,0x72,0x20,0x6d,0x61,0x72,0x6b,0x65,0x64,0x20,0x31,0x30,0x36,0x20,
  0x69,0x73,0x20,0x31,0x30,0x20,0x75,0x46,0x2e,0x12,0x63,0x61,0x70,0x61,0x63,0x69,
  0x74,0x6f,0x72,0x20,0x63,0x6f,0x64,0x65,0x20,0x32,0x32,0x31,0x01,0x21,0x00,0x41,
  0x20,0x63,0x61,0x70,0x61,0x63,0x69,0x74,0x6f,0x72,0x20,0x6d,0x61,0x72,0x6b,0x65,
  0x64,0x20,0x32,0x32,0x31,0x20,0x69,0x73,0x20,0x32,0x32,0x30,0x20,0x70,0x46,0x2e,
  0x12,0x63,0x61,0x70,0x61,0x63,0x69,0x74,0x6f,0x72,0x20,0x63,0x6f,0x64,0x65,0x20,
  0x32,0x32,0x32,0x01,0x21,0x00,0x41,0x20,0x63,0x61,0x70,0x61,0x63,0x69,0x74,0x6f,
  0x72,0x20,0x6d,0x61,0x72,0x6b,0x65,0x64,0x20,0x32,0x32,0x32,0x20,0x69,0x73,0x20,
  0x32,0x2e,0x32,0x20,0x6e,0x46,0x2e,0x12,0x63,0x61,0x70,0x61,0x63,0x69,0x74,0x6f,
  0x72,0x20,0x63,0x6f,0x64,0x65,0x20,0x32,0x32,0x34,0x01,0x21,0x00,0x41,0x20,0x63,
  0x61,0x70,0x61,0x63,0x69,0x74,0x6f,0x72,0x20,0x6d,0x61,0x72,0x6b,0x65,0x64,0x20,
  0x32,0x32,0x34,0x20,0x69,0x73,0x20,0x32,0x32,0x30,0x20,0x6e,0x46,0x2e,0x12,0x63,
  0x61,0x70,0x61,0x63,0x69,0x74,0x6f,0x72,0x20,0x63,0x6f,0x64,0x65,0x20,0x34,0x37,
  0x31,0x01,0x21,0x00,0x41,0x20,0x63,0x61,0x70,0x61,0x63,0x69,0x74,0x6f,0x72,0x20,
  0x6d,0x61,0x72,0x6b,0x65,0x64,0x20,0x34,0x37,0x31,0x20,0x69,0x73,0x20,0x34,0x37,
  0x30,0x20,0x70,0x46,0x2e,0x12,0x63,0x61,0x70,0x61,0x63,0x69,0x74,0x6f,0x72,0x20,
  0x63,0x6f,0x64,0x65,0x20,0x34,0x37,0x33,0x01,0x20,0x00,0x41,0x20,0x63,0x61,0x70,
  0x61,0x63,0x69,0x74,0x6f,0x72,0x20,0x6d,0x61,0x72,0x6b,0x65,0x64,0x20,0x34,0x37,
  0x33,0x20,0x69,0x73,0x20,0x34,0x37,0x20,0x6e,0x46,0x2e,0x10,0x63,0x61,0x70,0x61,
  0x63,0x69,0x74,0x6f,0x72,0x20,0x65,0x6e,0x65,0x72,0x67,0x79,0x01,0x3a,0x00,0x45,
  0x6e,0x65,0x72,0x67,0x79,0x20,0x69,0x6e,0x20,0x61,0x20,0x63,0x61,0x70,0x61,0x63,
  0x69,0x74,0x6f,0x72,0x20,0x65,0x71,0x75,0x61,0x6c,0x73,0x20,0x68,0x61,0x6c,0x66,
  0x20,0x43,0x20,0x74,0x69,0x6d,0x65,0x73,0x20,0x76,0x6f,0x6c,0x74,0x61,0x67,0x65,
  0x20,0x73,0x71,0x75,0x61,0x72,0x65,0x64,0x2e,0x08,0x63,0x61,0x70,0x61,0x63,0x69,
  0x74,0x79,0x01,0x4c,0x00,0x42,0x61,0x74,0x74,0x65,0x72,0x79,0x20,0x65,0x6e,0x65,
  0x72,0x67,0x79,0x20,0x69,0x6e,0x20,0x77,0x61,0x74,0x74,0x20,0x68,0x6f,0x75,0x72,
  0x73,0x20,0x65,0x71,0x75,0x61,0x6c,0x73,0x20,0x63,0x61,0x70,0x61,0x63,0x69,0x74,
  0x79,0x20,0x69,0x6e,0x20,0x61,0x6d,0x70,0x20,0x68,0x6f,0x75,0x72,0x73,0x20,0x74,
  0x69,0x6d,0x65,0x73,0x20,0x74,0x68,0x65,0x20,0x76,0x6f,0x6c,0x74,0x61,0x67,0x65,
  0x2e,0x06,0x63,0x61,0x72,0x62,0x6f,0x6e,0x03,0x3d,0x00,0x43,0x61,0x72,0x62,0x6f,
  0x6e,0x20,0x68,0x61,0x73,0x20,0x73,0x79,0x6d,0x62,0x6f,0x6c,0x20,0x43,0x2c,0x20,
  0x61,0x74,0x6f,0x6d,0x69,0x63,0x20,0x6e,0x75,0x6d,0x62,0x65,0x72,0x20,0x36,0x2c,
  0x20,0x61,0x6e,0x64,0x20,0x61,0x74,0x6f,0x6d,0x69,0x63,0x20,0x6d,0x61,0x73,0x73,
  0x20,0x31,0x32,0x2e,0x30,0x31,0x31,0x2e,0x36,0x00,0x54,0x68,0x65,0x20,0x61,0x74,
  0x6f,0x6d,0x69,0x63,0x20,0x6d,0x61,0x73,0x73,0x20,0x6f,0x66,0x20,0x63,0x61,0x72,
  0x62,0x6f,0x6e,0x20,0x69,0x73,0x20,0x31,0x32,0x2e,0x30,0x31,0x31,0x20,0x61,0x74,
  0x6f,0x6d,0x69,0x63,0x20,0x6d,0x61,0x73,0x73,0x20,0x75,0x6e,0x69,0x74,0x73,0x2e,
  0x21,0x00,0x54,0x68,0x65,0x20,0x61,0x74,0x6f,0x6d,0x69,0x63,0x20,0x6e,0x75,0x6d,
  0x62,0x65,0x72,0x20,0x6f,0x66,0x20,0x63,0x61,0x72,0x62,0x6f,0x6e,0x20,0x69,0x73,
  0x20,0x36,0x2e,0x0d,0x63,0x61,0x72,0x62,0x6f,0x6e,0x20,0x61,0x74,0x6f,0x6d,0x69,
  0x63,0x02,0x36,0x00,0x54,0x68,0x65,0x20,0x61,0x74,0x6f,0x6d,0x69,0x63,0x20,0x6d,
  0x61,0x73,0x73,0x20,0x6f,0x66,0x20,0x63,0x61,0x72,0x62,0x6f,0x6e,0x20,0x69,0x73,
  0x20,0x31,0x32,0x2e,0x30,0x31,0x31,0x20,0x61,0x74,0x6f,0x6d,0x69,0x63,0x20,0x6d,
  0x61,0x73,0x73,0x20,0x75,0x6e,0x69,0x74,0x73,0x2e,0x21,0x00,0x54,0x68,0x65,0x20,
  0x61,0x74,0x6f,0x6d,0x69,0x63,0x20,0x6e,0x75,0x6d,0x62,0x65,0x72,0x20,0x6f,0x66,
  0x20,0x63,0x61,0x72,0x62,0x6f,0x6e,0x20,0x69,0x73,0x20,0x36,0x2e,0x12,0x63,0x61,
  0x72,0x62,0x6f,0x6e,0x20,0x61,0x74,0x6f,0x6d,0x69,0x63,0x20,0x6d,0x61,0x73,0x73,
  0x01,0x36,0x00,0x54,0x68,0x65,0x20,0x61,0x74,0x6f,0x6d,0x69,0x63,0x20,0x6d,0x61,
  0x73,0x73,0x20,0x6f,0x66,0x20,0x63,0x61,0x72,0x62,0x6f,0x6e,0x20,0x69,0x73,0x20,
  0x31,0x32,0x2e,0x30,0x31,0x31,0x20,0x61,0x74,0x6f,0x6d,0x69,0x63,0x20,0x6d,0x61,
  0x73,0x73,0x20,0x75,0x6e,0x69,0x74,0x73,0x2e,0x14,0x63,0x61,0x72,0x62,0x6f,0x6e,
  0x20,0x61,0x74,0x6f,0x6d,0x69,0x63,0x20,0x6e,0x75,0x6d,0x62,0x65,0x72,0x01,0x21,
  0x00,0x54,0x68,0x65,0x20,0x61,0x74,0x6f,0x6d,0x69,0x63,0x20,0x6e,0x75,0x6d,0x62,
  0x65,0x72,0x20,0x6f,0x66,0x20,0x63,0x61,0x72,0x62,0x6f,0x6e,0x20,0x69,0x73,0x20,
  0x36,0x2e,0x0b,0x63,0x61,0x72,0x62,0x6f,0x6e,0x20,0x6d,0x61,0x73,0x73,0x01,0x36,
  0x00,0x54,0x68,0x65,0x20,0x61,0x74,0x6f,0x6d,0x69,0x63,0x20,0x6d,0x61,0x73,0x73,
  0x20,0x6f,0x66,0x20,0x63,0x61,0x72,0x62,0x6f,0x6e,0x20,0x69,0x73,0x20,0x31,0x32,
  0x2e,0x30,0x31,0x31,0x20,0x61,0x74,0x6f,0x6d,0x69,0x63,0x20,0x6d,0x61,0x73,0x73,
  0x20,0x75,0x6e,0x69,0x74,0x73,0x2e,0x0d,0x63,0x61,0x72,0x62,0x6f,0x6e,0x20,0x6e,
  0x75,0x6d,0x62,0x65,0x72,0x01,0x21,0x00,0x54,0x68,0x65,0x20,0x61,0x74,0x6f,0x6d,
  0x69,0x63,0x20,0x6e,0x75,0x6d,0x62,0x65,0x72,0x20,0x6f,0x66,0x20,0x63,0x61,0x72,
  0x62,0x6f,0x6e,0x20,0x69,0x73,0x20,0x36,0x2e,0x04,0x63,0x65,0x6c,0x6c,0x06,0x21,
  0x00,0x41,0x6e,0x20,0x61,0x6c,0x6b,0x61,0x6c,0x69,0x6e,0x65,0x20,0x41,0x41,0x20,
  0x63,0x65,0x6c,0x6c,0x20,0x69,0x73,0x20,0x31,0x2e,0x35,0x20,0x76,0x6f,0x6c,0x74,
  0x73,0x2e,0x21,0x00,0x41,0x20,0x4e,0x69,0x4d,0x48,0x20,0x63,0x65,0x6c,0x6c,0x20,
  0x69,0x73,0x20,0x31,0x2e,0x32,0x20,0x76,0x6f,0x6c,0x74,0x73,0x20,0x6e,0x6f,0x6d,
  0x69,0x6e,0x61,0x6c,0x2e,0x44,0x00,0x41,0x20,0x6c,0x69,0x74,0x68,0x69,0x75,0x6d,
  0x20,0x69,0x6f,0x6e,0x20,0x63,0x65,0x6c,0x6c,0x20,0x69,0x73,0x20,0x33,0x2e,0x37,
  0x20,0x76,0x6f,0x6c,0x74,0x73,0x20,0x6e,0x6f,0x6d,0x69,0x6e,0x61,0x6c,0x20,0x61,
  0x6e,0x64,0x20,0x34,0x2e,0x32,0x20,0x76,0x6f,0x6c,0x74,0x73,0x20,0x66,0x75,0x6c,
  0x6c,0x79,0x20,0x63,0x68,0x61,0x72,0x67,0x65,0x64,0x2e,0x41,0x00,0x41,0x20,0x4c,
  0x69,0x46,0x65,0x50,0x4f,0x34,0x20,0x63,0x65,0x6c,0x6c,0x20,0x69,0x73,0x20,0x33,
  0x2e,0x32,0x20,0x76,0x6f,0x6c,0x74,0x73,0x20,0x6e,0x6f,0x6d,0x69,0x6e,0x61,0x6c,
  0x20,0x61,0x6e,0x64,0x20,0x33,0x2e,0x36,0x35,0x20,0x76,0x6f,0x6c,0x74,0x73,0x20,
  0x66,0x75,0x6c,0x6c,0x79,0x20,0x63,0x68,0x61,0x72,0x67,0x65,0x64,0x2e,0x42,0x00,
  0x41,0x20,0x6c,0x65,0x61,0x64,0x20,0x61,0x63,0x69,0x64,0x20,0x63,0x65,0x6c,0x6c,
  0x20,0x69,0x73,0x20,0x32,0x2e,0x31,0x20,0x76,0x6f,0x6c,0x74,0x73,0x2c,0x20,0x73,
  0x6f,0x20,0x61,0x20,0x31,0x32,0x20,0x76,0x6f,0x6c,0x74,0x20,0x62,0x61,0x74,0x74,
  0x65,0x72,0x79,0x20,0x68,0x61,0x73,0x20,0x73,0x69,0x78,0x20,0x63,0x65,0x6c,0x6c,
  0x73,0x2e,0x41,0x00,0x41,0x20,0x43,0x52,0x32,0x30,0x33,0x32,0x20,0x63,0x6f,0x69,
  0x6e,0x20,0x63,0x65,0x6c,0x6c,0x20,0x69,0x73,0x20,0x33,0x20,0x76,0x6f,0x6c,0x74,
  0x73,0x20,0x61,0x6e,0x64,0x20,0x68,0x6f,0x6c,0x64,0x73,0x20,0x61,0x62,0x6f,0x75,
  0x74,0x20,0x32,0x32,0x30,0x20,0x6d,0x69,0x6c,0x6c,0x69,0x61,0x6d,0x70,0x20,0x68,
  0x6f,0x75,0x72,0x73,0x2e,0x07,0x63,0x65,0x6c,0x73,0x69,0x75,0x73,0x01,0x37,0x00,
  0x46,0x61,0x68,0x72,0x65,0x6e,0x68,0x65,0x69,0x74,0x20,0x65,0x71,0x75,0x61,0x6c,
  0x73,0x20,0x43,0x65,0x6c,0x73,0x69,0x75,0x73,0x20,0x74,0x69,0x6d,0x65,0x73,0x20,
  0x39,0x20,0x64,0x69,0x76,0x69,0x64,0x65,0x64,0x20,0x62,0x79,0x20,0x35,0x20,0x70,
  0x6c,0x75,0x73,0x20,0x33,0x32,0x2e,0x12,0x63,0x65,0x6c,0x73,0x69,0x75,0x73,0x20,
  0x66,0x61,0x68,0x72,0x65,0x6e,0x68,0x65,0x69,0x74,0x01,0x37,0x00,0x46,0x61,0x68,
  0x72,0x65,0x6e,0x68,0x65,0x69,0x74,0x20,0x65,0x71,0x75,0x61,0x6c,0x73,0x20,0x43,
  0x65,0x6c,0x73,0x69,0x75,0x73,0x20,0x74,0x69,0x6d,0x65,0x73,0x20,0x39,0x20,0x64,
  0x69,0x76,0x69,0x64,0x65,0x64,0x20,0x62,0x79,0x20,0x35,0x20,0x70,0x6c,0x75,0x73,
  0x20,0x33,0x32,0x2e,0x0a,0x63,0x65,0x6c,0x73,0x69,0x75,0x73,0x20,0x74,0x6f,0x01,
  0x37,0x00,0x46,0x61,0x68,0x72,0x65,0x6e,0x68,0x65,0x69,0x74,0x20,0x65,0x71,0x75,
  0x61,0x6c,0x73,0x20,0x43,0x65,0x6c,0x73,0x69,0x75,0x73,0x20,0x74,0x69,0x6d,0x65,
  0x73,0x20,0x39,0x20,0x64,0x69,0x76,0x69,0x64,0x65,0x64,0x20,0x62,0x79,0x20,0x35,
  0x20,0x70,0x6c,0x75,0x73,0x20,0x33,0x32,0x2e,0x15,0x63,0x65,0x6c,0x73,0x69,0x75,
  0x73,0x20,0x74,0x6f,0x20,0x66,0x61,0x68,0x72,0x65,0x6e,0x68,0x65,0x69,0x74,0x01,
  0x37,0x00,0x46,0x61,0x68,0x72,0x65,0x6e,0x68,0x65,0x69,0x74,0x20,0x65,0x71,0x75,
  0x61,0x6c,0x73,0x20,0x43,0x65,0x6c,0x73,0x69,0x75,0x73,0x20,0x74,0x69,0x6d,0x65,
  0x73,0x20,0x39,0x20,0x64,0x69,0x76,0x69,0x64,0x65,0x64,0x20,0x62,0x79,0x20,0x35,
  0x20,0x70,0x6c,0x75,0x73,0x20,0x33,0x32,0x2e,0x0b,0x63,0x65,0x6e,0x74,0x72,0x69,
  0x70,0x65,0x74,0x61,0x6c,0x01,0x4b,0x00,0x43,0x65,0x6e,0x74,0x72,0x69,0x70,0x65,
  0x74,0x61,0x6c,0x20,0x66,0x6f,0x72,0x63,0x65,0x20,0x65,0x71,0x75,0x61,0x6c,0x73,
  0x20,0x6d,0x61,0x73,0x73,0x20,0x74,0x69,0x6d,0x65,0x73,0x20,0x76,0x65,0x6c,0x6f,
  0x63,0x69,0x74,0x79,0x20,0x73,0x71,0x75,0x61,0x72,0x65,0x64,0x20,0x64,0x69,0x76,
  0x69,0x64,0x65,0x64,0x20,0x62,0x79,0x20,0x74,0x68,0x65,0x20,0x72,0x61,0x64,0x69,
  0x75,0x73,0x2e,0x11,0x63,0x65,0x6e,0x74,0x72,0x69,0x70,0x65,0x74,0x61,0x6c,0x20,
  0x66,0x6f,0x72,0x63,0x65,0x01,0x4b,0x00,0x43,0x65,0x6e,0x74,0x72,0x69,0x70,0x65,
  0x74,0x61,0x6c,0x20,0x66,0x6f,0x72,0x63,0x65,0x20,0x65,0x71,0x75,0x61,0x6c,0x73,
  0x20,0x6d,0x61,0x73,0x73,0x20,0x74,0x69,0x6d,0x65,0x73,0x20,0x76,0x65,0x6c,0x6f,
  0x63,0x69,0x74,0x79,0x20,0x73,0x71,0x75,0x61,0x72,0x65,0x64,0x20,0x64,0x69,0x76,
  0x69,0x64,0x65,0x64,0x20,0x62,0x79,0x20,0x74,0x68,0x65,0x20,0x72,0x61,0x64,0x69,
  0x75,0x73,0x2e,0x06,0x63,0x68,0x61,0x72,0x67,0x65,0x03,0x21,0x00,0x43,0x68,0x61,
  0x72,0x67,0x65,0x20,0x65,0x71,0x75,0x61,0x6c,0x73,0x20,0x63,0x75,0x72,0x72,0x65,
  0x6e,0x74,0x20,0x74,0x69,0x6d,0x65,0x73,0x20,0x74,0x69,0x6d,0x65,0x2e,0x2b,0x00,
  0x54,0x68,0x65,0x20,0x65,0x6c,0x65,0x6d,0x65,0x6e,0x74,0x61,0x72,0x79,0x20,0x63,
  0x68,0x61,0x72,0x67,0x65,0x20,0x69,0x73,0x20,0x31,0x2e,0x36,0x30,0x32,0x31,0x37,
  0x36,0x36,0x33,0x34,0x65,0x2d,0x31,0x39,0x20,0x43,0x2e,0x3b,0x00,0x54,0x68,0x65,
  0x20,0x63,0x68,0x61,0x72,0x67,0x65,0x20,0x6f,0x6e,0x20,0x61,0x20,0x63,0x61,0x70,
  0x61,0x63,0x69,0x74,0x6f,0x72,0x20,0x65,0x71,0x75,0x61,0x6c,0x73,0x20,0x63,0x61,
  0x70,0x61,0x63,0x69,0x74,0x61,0x6e,0x63,0x65,0x20,0x74,0x69,0x6d,0x65,0x73,0x20,
  0x76,0x6f,0x6c,0x74,0x61,0x67,0x65,0x2e,0x04,0x63,0x68,0x69,0x70,0x01,0x42,0x00,
  0x53,0x50,0x49,0x20,0x75,0x73,0x65,0x73,0x20,0x66,0x6f,0x75,0x72,0x20,0x77,0x69,
  0x72,0x65,0x73,0x3a,0x20,0x4d,0x4f,0x53,0x49,0x2c,0x20,0x4d,0x49,0x53,0x4f,0x2c,
  0x20,0x53,0x43,0x4b,0x20,0x61,0x6e,0x64,0x20,0x61,0x20,0x63,0x68,0x69,0x70,0x20,
  0x73,0x65,0x6c,0x65,0x63,0x74,0x20,0x70,0x65,0x72,0x20,0x64,0x65,0x76,0x69,0x63,
  0x65,0x2e,0x0b,0x63,0x68,0x69,0x70,0x20,0x73,0x65,0x6c,0x65,0x63,0x74,0x01,0x42,
  0x00,0x53,0x50,0x49,0x20,0x75,0x73,0x65,0x73,0x20,0x66,0x6f,0x75,0x72,0x20,0x77,
  0x69,0x72,0x65,0x73,0x3a,0x20,0x4d,0x4f,0x53,0x49,0x2c,0x20,0x4d,0x49,0x53,0x4f,
  0x2c,0x20,0x53,0x43,0x4b,0x20,0x61,0x6e,0x64,0x20,0x61,0x20,0x63,0x68,0x69,0x70,
  0x20,0x73,0x65,0x6c,0x65,0x63,0x74,0x20,0x70,0x65,0x72,0x20,0x64,0x65,0x76,0x69,
  0x63,0x65,0x2e,0x08,0x63,0x68,0x6c,0x6f,0x72,0x69,0x6e,0x65,0x03,0x40,0x00,0x43,
  0x68,0x6c,0x6f,0x72,0x69,0x6e,0x65,0x20,0x68,0x61,0x73,0x20,0x73,0x79,0x6d,0x62,
  0x6f,0x6c,0x20,0x43,0x6c,0x2c,0x20,0x61,0x74,0x6f,0x6d,0x69,0x63,0x20,0x6e,0x75,
  0x6d,0x62,0x65,0x72,0x20,0x31,0x37,0x2c,0x20,0x61,0x6e,0x64,0x20,0x61,0x74,0x6f,
  0x6d,0x69,0x63,0x20,0x6d,0x61,0x73,0x73,0x20,0x33,0x35,0x2e,0x34,0x35,0x2e,0x37,
  0x00,0x54,0x68,0x65,0x20,0x61,0x74,0x6f,0x6d,0x69,0x63,0x20,0x6d,0x61,0x73,0x73,
  0x20,0x6f,0x66,0x20,0x63,0x68,0x6c,0x6f,0x72,0x69,0x6e,0x65,0x20,0x69,0x73,0x20,
  0x33,0x35,0x2e,0x34,0x35,0x20,0x61,0x74,0x6f,0x6d,0x69,0x63,0x20,0x6d,0x61,0x73,
  0x73,0x20,0x75,0x6e,0x69,0x74,0x73,0x2e,0x24,0x00,0x54,0x68,0x65,0x20,0x61,0x74,
  0x6f,0x6d,0x69,0x63,0x20,0x6e,0x75,0x6d,0x62,0x65,0x72,0x20,0x6f,0x66,0x20,0x63,
  0x68,0x6c,0x6f,0x72,0x69,0x6e,0x65,0x20,0x69,0x73,0x20,0x31,0x37,0x2e,0x0f,0x63,
  0x68,0x6c,0x6f,0x72,0x69,0x6e,0x65,0x20,0x61,0x74,0x6f,0x6d,0x69,0x63,0x02,0x37,
  0x00,0x54,0x68,0x65,0x20,0x61,0x74,0x6f,0x6d,0x69,0x63,0x20,0x6d,0x61,0x73,0x73,
  0x20,0x6f,0x66,0x20,0x63,0x68,0x6c,0x6f,0x72,0x69,0x6e,0x65,0x20,0x69,0x73,0x20,
  0x33,0x35,0x2e,0x34,0x35,0x20,0x61,0x74,0x6f,0x6d,0x69,0x63,0x20,0x6d,0x61,0x73,
  0x73,0x20,0x75,0x6e,0x69,0x74,0x73,0x2e,0x24,0x00,0x54,0x68,0x65,0x20,0x61,0x74,
  0x6f,0x6d,0x69,0x63,0x20,0x6e,0x75,0x6d,0x62,0x65,0x72,0x20,0x6f,0x66,0x20,0x63,
  0x68,0x6c,0x6f,0x72,0x69,0x6e,0x65,0x20,0x69,0x73,0x20,0x31,0x37,0x2e,0x14,0x63,
  0x68,0x6c,0x6f,0x72,0x69,0x6e,0x65,0x20,0x61,0x74,0x6f,0x6d,0x69,0x63,0x20,0x6d,
  0x61,0x73,0x73,0x01,0x37,0x00,0x54,0x68,0x65,0x20,0x61,0x74,0x6f,0x6d,0x69,0x63,
  0x20,0x6d,0x61,0x73,0x73,0x20,0x6f,0x66,0x20,0x63,0x68,0x6c,0x6f,0x72,0x69,0x6e,
  0x65,0x20,0x69,0x73,0x20,0x33,0x35,0x2e,0x34,0x35,0x20,0x61,0x74,0x6f,0x6d,0x69,
  0x63,0x20,0x6d,0x61,0x73,0x73,0x20,0x75,0x6e,0x69,0x74,0x73,0x2e,0x16,0x63,0x68,
  0x6c,0x6f,0x72,0x69,0x6e,0x65,0x20,0x61,0x74,0x6f,0x6d,0x69,0x63,0x20,0x6e,0x75,
  0x6d,0x62,0x65,0x72,0x01,0x24,0x00,0x54,0x68,0x65,0x20,0x61,0x74,0x6f,0x6d,0x69,
  0x63,0x20,0x6e,0x75,0x6d,0x62,0x65,0x72,0x20,0x6f,0x66,0x20,0x63,0x68,0x6c,0x6f,
  0x72,0x69,0x6e,0x65,0x20,0x69,0x73,0x20,0x31,0x37,0x2e,0x0d,0x63,0x68,0x6c,0x6f,
  0x72,0x69,0x6e,0x65,0x20,0x6d,0x61,0x73,0x73,0x01,0x37,0x00,0x54,0x68,0x65,0x20,
  0x61,0x74,0x6f,0x6d,0x69,0x63,0x20,0x6d,0x61,0x73,0x73,0x20,0x6f,0x66,0x20,0x63,
  0x68,0x6c,0x6f,0x72,0x69,0x6e,0x65,0x20,0x69,0x73,0x20,0x33,0x35,0x2e,0x34,0x35,
  0x20,0x61,0x74,0x6f,0x6d,0x69,0x63,0x20,0x6d,0x61,0x73,0x73,0x20,0x75,0x6e,0x69,
  0x74,0x73,0x2e,0x0f,0x63,0x68,0x6c,0x6f,0x72,0x69,0x6e,0x65,0x20,0x6e,0x75,0x6d,
  0x62,0x65,0x72,0x01,0x24,0x00,0x54,0x68,0x65,0x20,0x61,0x74,0x6f,0x6d,0x69,0x63,
  0x20,0x6e,0x75,0x6d,0x62,0x65,0x72,0x20,0x6f,0x66,0x20,0x63,0x68,0x6c,0x6f,0x72,
  0x69,0x6e,0x65,0x20,0x69,0x73,0x20,0x31,0x37,0x2e,0x08,0x63,0x68,0x72,0x6f,0x6d,
  0x69,0x75,0x6d,0x03,0x41,0x00,0x43,0x68,0x72,0x6f,0x6d,0x69,0x75,0x6d,0x20,0x68,
  0x61,0x73,0x20,0x73,0x79,0x6d,0x62,0x6f,0x6c,0x20,0x43,0x72,0x2c,0x20,0x61,0x74,
  0x6f,0x6d,0x69,0x63,0x20,0x6e,0x75,0x6d,0x62,0x65,0x72,0x20,0x32,0x34,0x2c,0x20,
  0x61,0x6e,0x64,0x20,0x61,0x74,0x6f,0x6d,0x69,0x63,0x20,0x6d,0x61,0x73,0x73,0x20,
  0x35,0x31,0x2e,0x39,0x39,0x36,0x2e,0x38,0x00,0x54,0x68,0x65,0x20,0x61,0x74,0x6f,
  0x6d,0x69,0x63,0x20,0x6d,0x61,0x73,0x73,0x20,0x6f,0x66,0x20,0x63,0x68,0x72,0x6f,
  0x6d,0x69,0x75,0x6d,0x20,0x69,0x73,0x20,0x35,0x31,0x2e,0x39,0x39,0x36,0x20,0x61,
  0x74,0x6f,0x6d,0x69,0x63,0x20,0x6d,0x61,0x73,0x73,0x20,0x75,0x6e,0x69,0x74,0x73,
  0x2e,0x24,0x00,0x54,0x68,0x65,0x20,0x61,0x74,0x6f,0x6d,0x69,0x63,0x20,0x6e,0x75,
  0x6d,0x62,0x65,0x72,0x20,0x6f,0x66,0x20,0x63,0x68,0x72,0x6f,0x6d,0x69,0x75,0x6d,
  0x20,0x69,0x73,0x20,0x32,0x34,0x2e,0x0f,0x63,0x68,0x72,0x6f,0x6d,0x69,0x75,0x6d,
  0x20,0x61,0x74,0x6f,0x6d,0x69,0x63,0x02,0x38,0x00,0x54,0x68,0x65,0x20,0x61,0x74,
  0x6f,0x6d,0x69,0x63,0x20,0x6d,0x61,0x73,0x73,0x20,0x6f,0x66,0x20,0x63,0x68,0x72,
  0x6f,0x6d,0x69,0x75,0x6d,0x20,0x69,0x73,0x20,0x35,0x31,0x2e,0x39,0x39,0x36,0x20,
  0x61,0x74,0x6f,0x6d,0x69,0x63,0x20,0x6d,0x61,0x73,0x73,0x20,0x75,0x6e,0x69,0x74,
  0x73,0x2e,0x24,0x00,0x54,0x68,0x65,0x20,0x61,0x74,0x6f,0x6d,0x69,0x63,0x20,0x6e,
  0x75,0x6d,0x62,0x65,0x72,0x20,0x6f,0x66,0x20,0x63,0x68,0x72,0x6f,0x6d,0x69,0x75,
  0x6d,0x20,0x69,0x73,0x20,0x32,0x34,0x2e,0x14,0x63,0x68,0x72,0x6f,0x6d,0x69,0x75,
  0x6d,0x20,0x61,0x74,0x6f,0x6d,0x69,0x63,0x20,0x6d,0x61,0x73,0x73,0x01,0x38,0x00,
  0x54,0x68,0x65,0x20,0x61,0x74,0x6f,0x6d,0x69,0x63,0x20,0x6d,0x61,0x73,0x73,0x20,
  0x6f,0x66,0x20,0x63,0x68,0x72,0x6f,0x6d,0x69,0x75,0x6d,0x20,0x69,0x73,0x20,0x35,
  0x31,0x2e,0x39,0x39,0x36,0x20,0x61,0x74,0x6f,0x6d,0x69,0x63,0x20,0x6d,0x61,0x73,
  0x73,0x20,0x75,0x6e,0x69,0x74,0x73,0x2e,0x16,0x63,0x68,0x72,0x6f,0x6d,0x69,0x75,
  0x6d,0x20,0x61,0x74,0x6f,0x6d,0x69,0x63,0x20,0x6e,0x75,0x6d,0x62,0x65,0x72,0x01,
  0x24,0x00,0x54,0x68,0x65,0x20,0x61,0x74,0x6f,0x6d,0x69,0x63,0x20,0x6e,0x75,0x6d,
  0x62,0x65,0x72,0x20,0x6f,0x66,0x20,0x63,0x68,0x72,0x6f,0x6d,0x69,0x75,0x6d,0x20,
  0x69,0x73,0x20,0x32,0x34,0x2e,0x0d,0x63,0x68,0x72,0x6f,0x6d,0x69,0x75,0x6d,0x20,
  0x6d,0x61,0x73,0x73,0x01,0x38,0x00,0x54,0x68,0x65,0x20,0x61,0x74,0x6f,0x6d,0x69,
  0x63,0x20,0x6d,0x61,0x73,0x73,0x20,0x6f,0x66,0x20,0x63,0x68,0x72,0x6f,0x6d,0x69,
  0x75,0x6d,0x20,0x69,0x73,0x20,0x35,0x31,0x2e,0x39,0x39,0x36,0x20,0x61,0x74,0x6f,
  0x6d,0x69,0x63,0x20,0x6d,0x61,0x73,0x73,0x20,0x75,0x6e,0x69,0x74,0x73,0x2e,0x0f,
  0x63,0x68,0x72,0x6f,0x6d,0x69,0x75,0x6d,0x20,0x6e,0x75,0x6d,0x62,0x65,0x72,0x01,
  0x24,0x00,0x54,0x68,0x65,0x20,0x61,0x74,0x6f,0x6d,0x69,0x63,0x20,0x6e,0x75,0x6d,
  0x62,0x65,0x72,0x20,0x6f,0x66,0x20,0x63,0x68,0x72,0x6f,0x6d,0x69,0x75,0x6d,0x20,
  0x69,0x73,0x20,0x32,0x34,0x2e,0x06,0x63,0x6f,0x62,0x61,0x6c,0x74,0x03,0x3f,0x00,
  0x43,0x6f,0x62,0x61,0x6c,0x74,0x20,0x68,0x61,0x73,0x20,0x73,0x79,0x6d,0x62,0x6f,
  0x6c,0x20,0x43,0x6f,0x2c,0x20,0x61,0x74,0x6f,0x6d,0x69,0x63,0x20,0x6e,0x75,0x6d,
  0x62,0x65,0x72,0x20,0x32,0x37,0x2c,0x20,0x61,0x6e,0x64,0x20,0x61,0x74,0x6f,0x6d,
  0x69,0x63,0x20,0x6d,0x61,0x73,0x73,0x20,0x35,0x38,0x2e,0x39,0x33,0x33,0x2e,0x36,
  0x00,0x54,0x68,0x65,0x20,0x61,0x74,0x6f,0x6d,0x69,0x63,0x20,0x6d,0x61,0x73,0x73,
  0x20,0x6f,0x66,0x20,0x63,0x6f,0x62,0x61,0x6c,0x74,0x20,0x69,0x73,0x20,0x35,0x38,
  0x2e,0x39,0x33,0x33,0x20,0x61,0x74,0x6f,0x6d,0x69,0x63,0x20,0x6d,0x61,0x73,0x73,
  0x20,0x75,0x6e,0x69,0x74,0x73,0x2e,0x22,0x00,0x54,0x68,0x65,0x20,0x61,0x74,0x6f,
  0x6d,0x69,0x63,0x20,0x6e,0x75,0x6d,0x62,0x65,0x72,0x20,0x6f,0x66,0x20,0x63,0x6f,
  0x62,0x61,0x6c,0x74,0x20,0x69,0x73,0x20,0x32,0x37,0x2e,0x0d,0x63,0x6f,0x62,0x61,
  0x6c,0x74,0x20,0x61,0x74,0x6f,0x6d,0x69,0x63,0x02,0x36,0x00,0x54,0x68,0x65,0x20,
  0x61,0x74,0x6f,0x6d,0x69,0x63,0x20,0x6d,0x61,0x73,0x73,0x20,0x6f,0x66,0x20,0x63,
  0x6f,0x62,0x61,0x6c,0x74,0x20,0x69,0x73,0x20,0x35,0x38,0x2e,0x39,0x33,0x33,0x20,
  0x61,0x74,0x6f,0x6d,0x69,0x63,0x20,0x6d,0x61,0x73,0x73,0x20,0x75,0x6e,0x69,0x74,
  0x73,0x2e,0x22,0x00,0x54,0x68,0x65,0x20,0x61,0x74,0x6f,0x6d,0x69,0x63,0x20,0x6e,
  0x75,0x6d,0x62,0x65,0x72,0x20,0x6f,0x66,0x20,0x63,0x6f,0x62,0x61,0x6c,0x74,0x20,
  0x69,0x73,0x20,0x32,0x37,0x2e,0x12,0x63,0x6f,0x62,0x61,0x6c,0x74,0x20,0x61,0x74,
  0x6f,0x6d,0x69,0x63,0x20,0x6d,0x61,0x73,0x73,0x01,0x36,0x00,0x54,0x68,0x65,0x20,
  0x61,0x74,0x6f,0x6d,0x69,0x63,0x20,0x6d,0x61,0x73,0x73,0x20,0x6f,0x66,0x20,0x63,
  0x6f,0x62,0x61,0x6c,0x74,0x20,0x69,0x73,0x20,0x35,0x38,0x2e,0x39,0x33,0x33,0x20,
  0x61,0x74,0x6f,0x6d,0x69,0x63,0x20,0x6d,0x61,0x73,0x73,0x20,0x75,0x6e,0x69,0x74,
  0x73,0x2e,0x14,0x63,0x6f,0x62,0x61,0x6c,0x74,0x20,0x61,0x74,0x6f,0x6d,0x69,0x63,
  0x20,0x6e,0x75,0x6d,0x62,0x65,0x72,0x01,0x22,0x00,0x54,0x68,0x65,0x20,0x61,0x74,
  0x6f,0x6d,0x69,0x63,0x20,0x6e,0x75,0x6d,0x62,0x65,0x72,0x20,0x6f,0x66,0x20,0x63,
  0x6f,0x62,0x61,0x6c,0x74,0x20,0x69,0x73,0x20,0x32,0x37,0x2e,0x0b,0x63,0x6f,0x62,
  0x61,0x6c,0x74,0x20,0x6d,0x61,0x73,0x73,0x01,0x36,0x00,0x54,0x68,0x65,0x20,0x61,
  0x74,0x6f,0x6d,0x69,0x63,0x20,0x6d,0x61,0x73,0x73,0x20,0x6f,0x66,0x20,0x63,0x6f,
  0x62,0x61,0x6c,0x74,0x20,0x69,0x73,0x20,0x35,0x38,0x2e,0x39,0x33,0x33,0x20,0x61,
  0x74,0x6f,0x6d,0x69,0x63,0x20,0x6d,0x61,0x73,0x73,0x20,0x75,0x6e,0x69,0x74,0x73,
  0x2e,0x0d,0x63,0x6f,0x62,0x61,0x6c,0x74,0x20,0x6e,0x75,0x6d,0x62,0x65,0x72,0x01,
  0x22,0x00,0x54,0x68,0x65,0x20,0x61,0x74,0x6f,0x6d,0x69,0x63,0x20,0x6e,0x75,0x6d,
  0x62,0x65,0x72,0x20,0x6f,0x66,0x20,0x63,0x6f,0x62,0x61,0x6c,0x74,0x20,0x69,0x73,
  0x20,0x32,0x37,0x2e,0x04,0x63,0x6f,0x64,0x65,0x06,0x21,0x00,0x41,0x20,0x63,0x61,
  0x70,0x61,0x63,0x69,0x74,0x6f,0x72,0x20,0x6d,0x61,0x72,0x6b,0x65,0x64,0x20,0x31,
  0x30,0x31,0x20,0x69,0x73,0x20,0x31,0x30,0x30,0x20,0x70,0x46,0x2e,0x1f,0x00,0x41,
  0x20,0x63,0x61,0x70,0x61,0x63,0x69,0x74,0x6f,0x72,0x20,0x6d,0x61,0x72,0x6b,0x65,
  0x64,0x20,0x31,0x30,0x32,0x20,0x69,0x73,0x20,0x31,0x20,0x6e,0x46,0x2e,0x20,0x00,
  0x41,0x20,0x63,0x61,0x70,0x61,0x63,0x69,0x74,0x6f,0x72,0x20,0x6d,0x61,0x72,0x6b,
  0x65,0x64,0x20,0x31,0x30,0x33,0x20,0x69,0x73,0x20,0x31,0x30,0x20,0x6e,0x46,0x2e,
  0x21,0x00,0x41,0x20,0x63,0x61,0x70,0x61,0x63,0x69,0x74,0x6f,0x72,0x20,0x6d,0x61,
  0x72,0x6b,0x65,0x64,0x20,0x31,0x30,0x34,0x20,0x69,0x73,0x20,0x31,0x30,0x30,0x20,
  0x6e,0x46,0x2e,0x1f,0x00,0x41,0x20,0x63,0x61,0x70,0x61,0x63,0x69,0x74,0x6f,0x72,
  0x20,0x6d,0x61,0x72,0x6b,0x65,0x64,0x20,0x31,0x30,0x35,0x20,0x69,0x73,0x20,0x31,
  0x20,0x75,0x46,0x2e,0x20,0x00,0x41,0x20,0x63,0x61,0x70,0x61,0x63,0x69,0x74,0x6f,
  0x72,0x20,0x6d,0x61,0x72,0x6b,0x65,0x64,0x20,0x31,0x30,0x36,0x20,0x69,0x73,0x20,
  0x31,0x30,0x20,0x75,0x46,0x2e,0x08,0x63,0x6f,0x64,0x65,0x20,0x31,0x30,0x31,0x01,
  0x21,0x00,0x41,0x20,0x63,0x61,0x70,0x61,0x63,0x69,0x74,0x6f,0x72,0x20,0x6d,0x61,
  0x72,0x6b,0x65,0x64,0x20,0x31,0x30,0x31,0x20,0x69,0x73,0x20,0x31,0x30,0x30,0x20,
  0x70,0x46,0x2e,0x08,0x63,0x6f,0x64,0x65,0x20,0x31,0x30,0x32,0x01,0x1f,0x00,0x41,
  0x20,0x63,0x61,0x70,0x61,0x63,0x69,0x74,0x6f,0x72,0x20,0x6d,0x61,0x72,0x6b,0x65,
  0x64,0x20,0x31,0x30,0x32,0x20,0x69,0x73,0x20,0x31,0x20,0x6e,0x46,0x2e,0x08,0x63,
  0x6f,0x64,0x65,0x20,0x31,0x30,0x33,0x01,0x20,0x00,0x41,0x20,0x63,0x61,0x70,0x61,
  0x63,0x69,0x74,0x6f,0x72,0x20,0x6d,0x61,0x72,0x6b,0x65,0x64,0x20,0x31,0x30,0x33,
  0x20,0x69,0x73,0x20,0x31,0x30,0x20,0x6e,0x46,0x2e,0x08,0x63,0x6f,0x64,0x65,0x20,
  0x31,0x30,0x34,0x01,0x21,0x00,0x41,0x20,0x63,0x61,0x70,0x61,0x63,0x69,0x74,0x6f,
  0x72,0x20,0x6d,0x61,0x72,0x6b,0x65,0x64,0x20,0x31,0x30,0x34,0x20,0x69,0x73,0x20,
  0x31,0x30,0x30,0x20,0x6e,0x46,0x2e,0x08,0x63,0x6f,0x64,0x65,0x20,0x31,0x30,0x35,
  0x01,0x1f,0x00,0x41,0x20,0x63,0x61,0x70,0x61,0x63,0x69,0x74,0x6f,0x72,0x20,0x6d,
  0x61,0x72,0x6b,0x65,0x64,0x20,0x31,0x30,0x35,0x20,0x69,0x73,0x20,0x31,0x20,0x75,
  0x46,0x2e,0x08,0x63,0x6f,0x64,0x65,0x20,0x31,0x30,0x36,0x01,0x20,0x00,0x41,0x20,
  0x63,0x61,0x70,0x61,0x63,0x69,0x74,0x6f,0x72,0x20,0x6d,0x61,0x72,0x6b,0x65,0x64,
  0x20,0x31,0x30,0x36,0x20,0x69,0x73,0x20,0x31,0x30,0x20,0x75,0x46,0x2e,0x08,0x63,
  0x6f,0x64,0x65,0x20,0x32,0x32,0x31,0x01,0x21,0x00,0x41,0x20,0x63,0x61,0x70,0x61,
  0x63,0x69,0x74,0x6f,0x72,0x20,0x6d,0x61,0x72,0x6b,0x65,0x64,0x20,0x32,0x32,0x31,
  0x20,0x69,0x73,0x20,0x32,0x32,0x30,0x20,0x70,0x46,0x2e,0x08,0x63,0x6f,0x64,0x65,
  0x20,0x32,0x32,0x32,0x01,0x21,0x00,0x41,0x20,0x63,0x61,0x70,0x61,0x63,0x69,0x74,
  0x6f,0x72,0x20,0x6d,0x61,0x72,0x6b,0x65,0x64,0x20,0x32,0x32,0x32,0x20,0x69,0x73,
  0x20,0x32,0x2e,0x32,0x20,0x6e,0x46,0x2e,0x08,0x63,0x6f,0x64,0x65,0x20,0x32,0x32,
  0x34,0x01,0x21,0x00,0x41,0x20,0x63,0x61,0x70,0x61,0x63,0x69,0x74,0x6f,0x72,0x20,
  0x6d,0x61,0x72,0x6b,0x65,0x64,0x20,0x32,0x32,0x34,0x20,0x69,0x73,0x20,0x32,0x32,
  0x30,0x20,0x6e,0x46,0x2e,0x08,0x63,0x6f,0x64,0x65,0x20,0x34,0x37,0x31,0x01,0x21,
  0x00,0x41,0x20,0x63,0x61,0x70,0x61,0x63,0x69,0x74,0x6f,0x72,0x20,0x6d,0x61,0x72,
  0x6b,0x65,0x64,0x20,0x34,0x37,0x31,0x20,0x69,0x73,0x20,0x34,0x37,0x30,0x20,0x70,
  0x46,0x2e,0x08,0x63,0x6f,0x64,0x65,0x20,0x34,0x37,0x33,0x01,0x20,0x00,0x41,0x20,
  0x63,0x61,0x70,0x61,0x63,0x69,0x74,0x6f,0x72,0x20,0x6d,0x61,0x72,0x6b,0x65,0x64,
  0x20,0x34,0x37,0x33,0x20,0x69,0x73,0x20,0x34,0x37,0x20,0x6e,0x46,0x2e,0x04,0x63,
  0x6f,0x69,0x6e,0x01,0x41,0x00,0x41,0x20,0x43,0x52,0x32,0x30,0x33,0x32,0x20,0x63,
  0x6f,0x69,0x6e,0x20,0x63,0x65,0x6c,0x6c,0x20,0x69,0x73,0x20,0x33,0x20,0x76,0x6f,
  0x6c,0x74,0x73,0x20,0x61,0x6e,0x64,0x20,0x68,0x6f,0x6c,0x64,0x73,0x20,0x61,0x62,
  0x6f,0x75,0x74,0x20,0x32,0x32,0x30,0x20,0x6d,0x69,0x6c,0x6c,0x69,0x61,0x6d,0x70,
  0x20,0x68,0x6f,0x75,0x72,0x73,0x2e,0x09,0x63,0x6f,0x69,0x6e,0x20,0x63,0x65,0x6c,
  0x6c,0x01,0x41,0x00,0x41,0x20,0x43,0x52,0x32,0x30,0x33,0x32,0x20,0x63,0x6f,0x69,
  0x6e,0x20,0x63,0x65,0x6c,0x6c,0x20,0x69,0x73,0x20,0x33,0x20,0x76,0x6f,0x6c,0x74,
  0x73,0x20,0x61,0x6e,0x64,0x20,0x68,0x6f,0x6c,0x64,0x73,0x20,0x61,0x62,0x6f,0x75,
  0x74,0x20,0x32,0x32,0x30,0x20,0x6d,0x69,0x6c,0x6c,0x69,0x61,0x6d,0x70,0x20,0x68,
  0x6f,0x75,0x72,0x73,0x2e,0x06,0x63,0x6f,0x6d,0x6d,0x6f,0x6e,0x01,0x2d,0x00,0x43,
  0x6f,0x6d,0x6d,0x6f,0x6e,0x20,0x62,0x61,0x75,0x64,0x20,0x72,0x61,0x74,0x65,0x73,
  0x20,0x61,0x72,0x65,0x20,0x39,0x36,0x30,0x30,0x2c,0x20,0x35,0x37,0x36,0x30,0x30,
  0x20,0x61,0x6e,0x64,0x20,0x31,0x31,0x35,0x32,0x30,0x30,0x2e,0x0b,0x63,0x6f,0x6d,
  0x6d,0x6f,0x6e,0x20,0x62,0x61,0x75,0x64,0x01,0x2d,0x00,0x43,0x6f,0x6d,0x6d,0x6f,
  0x6e,0x20,0x62,0x61,0x75,0x64,0x20,0x72,0x61,0x74,0x65,0x73,0x20,0x61,0x72,0x65,
  0x20,0x39,0x36,0x30,0x30,0x2c,0x20,0x35,0x37,0x36,0x30,0x30,0x20,0x61,0x6e,0x64,
  0x20,0x31,0x31,0x35,0x32,0x30,0x30,0x2e,0x0a,0x63,0x6f,0x6d,0x70,0x61,0x72,0x61,
  0x74,0x6f,0x72,0x01,0x58,0x00,0x41,0x20,0x63,0x6f,0x6d,0x70,0x61,0x72,0x61,0x74,
  0x6f,0x72,0x20,0x6f,0x75,0x74,0x70,0x75,0x74,0x20,0x67,0x6f,0x65,0x73,0x20,0x68,
  0x69,0x67,0x68,0x20,0x77,0x68,0x65,0x6e,0x20,0x74,0x68,0x65,0x20,0x6e,0x6f,0x6e,
  0x2d,0x69,0x6e,0x76,0x65,0x72,0x74,0x69,0x6e,0x67,0x20,0x69,0x6e,0x70,0x75,0x74,
  0x20,0x69,0x73,0x20,0x61,0x62,0x6f,0x76,0x65,0x20,0x74,0x68,0x65,0x20,0x69,0x6e,
  0x76,0x65,0x72,0x74,0x69,0x6e,0x67,0x20,0x69,0x6e,0x70,0x75,0x74,0x2e,0x0a,0x63,
  0x6f,0x6e,0x64,0x75,0x63,0x74,0x69,0x6f,0x6e,0x01,0x63,0x00,0x48,0x65,0x61,0x74,
  0x20,0x66,0x6c,0x6f,0x77,0x20,0x65,0x71,0x75,0x61,0x6c,0x73,0x20,0x74,0x68,0x65,
  0x72,0x6d,0x61,0x6c,0x20,0x63,0x6f,0x6e,0x64,0x75,0x63,0x74,0x69,0x76,0x69,0x74,
  0x79,0x20,0x74,0x69,0x6d,0x65,0x73,0x20,0x61,0x72,0x65,0x61,0x20,0x74,0x69,0x6d,
  0x65,0x73,0x20,0x74,0x65,0x6d,0x70,0x65,0x72,0x61,0x74,0x75,0x72,0x65,0x20,0x64,
  0x69,0x66,0x66,0x65,0x72,0x65,0x6e,0x63,0x65,0x20,0x64,0x69,0x76,0x69,0x64,0x65,
  0x64,0x20,0x62,0x79,0x20,0x74,0x68,0x69,0x63,0x6b,0x6e,0x65,0x73,0x73,0x2e,0x0c,
  0x63,0x6f,0x6e,0x64,0x75,0x63,0x74,0x69,0x76,0x69,0x74,0x79,0x02,0x38,0x00,0x54,
  0x68,0x65,0x20,0x74,0x68,0x65,0x72,0x6d,0x61,0x6c,0x20,0x63,0x6f,0x6e,0x64,0x75,
  0x63,0x74,0x69,0x76,0x69,0x74,0x79,0x20,0x6f,0x66,0x20,0x63,0x6f,0x70,0x70,0x65,
  0x72,0x20,0x69,0x73,0x20,0x61,0x62,0x6f,0x75,0x74,0x20,0x34,0x30,0x31,0x20,0x57,
  0x2f,0x28,0x6d,0x20,0x4b,0x29,0x2e,0x3b,0x00,0x54,0x68,0x65,0x20,0x74,0x68,0x65,
  0x72,0x6d,0x61,0x6c,0x20,0x63,0x6f,0x6e,0x64,0x75,0x63,0x74,0x69,0x76,0x69,0x74,
  0x79,0x20,0x6f,0x66,0x20,0x61,0x6c,0x75,0x6d,0x69,0x6e,0x69,0x75,0x6d,0x20,0x69,
  0x73,0x20,0x61,0x62,0x6f,0x75,0x74,0x20,0x32,0x33,0x37,0x20,0x57,0x2f,0x28,0x6d,
  0x20,0x4b,0x29,0x2e,0x08,0x63,0x6f,0x6e,0x73,0x74,0x61,0x6e,0x74,0x06,0x2a,0x00,
  0x54,0x68,0x65,0x20,0x50,0x6c,0x61,0x6e,0x63,0x6b,0x20,0x63,0x6f,0x6e,0x73,0x74,
  0x61,0x6e,0x74,0x20,0x69,0x73,0x20,0x36,0x2e,0x36,0x32,0x36,0x30,0x37,0x30,0x31,
  0x35,0x65,0x2d,0x33,0x34,0x20,0x4a,0x20,0x73,0x2e,0x2b,0x00,0x54,0x68,0x65,0x20,
  0x42,0x6f,0x6c,0x74,0x7a,0x6d,0x61,0x6e,0x6e,0x20,0x63,0x6f,0x6e,0x73,0x74,0x61,
  0x6e,0x74,0x20,0x69,0x73,0x20,0x31,0x2e,0x33,0x38,0x30,0x36,0x34,0x39,0x65,0x2d,
  0x32,0x33,0x20,0x4a,0x2f,0x4b,0x2e,0x33,0x00,0x54,0x68,0x65,0x20,0x67,0x72,0x61,
  0x76,0x69,0x74,0x61,0x74,0x69,0x6f,0x6e,0x61,0x6c,0x20,0x63,0x6f,0x6e,0x73,0x74,
  0x61,0x6e,0x74,0x20,0x69,0x73,0x20,0x36,0x2e,0x36,0x37,0x34,0x33,0x30,0x65,0x2d,
  0x31,0x31,0x20,0x4e,0x20,0x6d,0x32,0x2f,0x6b,0x67,0x32,0x2e,0x30,0x00,0x54,0x68,
  0x65,0x20,0x6d,0x6f,0x6c,0x61,0x72,0x20,0x67,0x61,0x73,0x20,0x63,0x6f,0x6e,0x73,
  0x74,0x61,0x6e,0x74,0x20,0x69,0x73,0x20,0x38,0x2e,0x33,0x31,0x34,0x34,0x36,0x32,
  0x36,0x31,0x38,0x20,0x4a,0x2f,0x28,0x6d,0x6f,0x6c,0x20,0x4b,0x29,0x2e,0x39,0x00,
  0x54,0x68,0x65,0x20,0x52,0x43,0x20,0x74,0x69,0x6d,0x65,0x20,0x63,0x6f,0x6e,0x73,
  0x74,0x61,0x6e,0x74,0x20,0x65,0x71,0x75,0x61,0x6c,0x73,0x20,0x72,0x65,0x73,0x69,
  0x73,0x74,0x61,0x6e,0x63,0x65,0x20,0x74,0x69,0x6d,0x65,0x73,0x20,0x63,0x61,0x70,
  0x61,0x63,0x69,0x74,0x61,0x6e,0x63,0x65,0x2e,0x3d,0x00,0x54,0x68,0x65,0x20,0x52,
  0x4c,0x20,0x74,0x69,0x6d,0x65,0x20,0x63,0x6f,0x6e,0x73,0x74,0x61,0x6e,0x74,0x20,
  0x65,0x71,0x75,0x61,0x6c,0x73,0x20,0x69,0x6e,0x64,0x75,0x63,0x74,0x61,0x6e,0x63,
  0x65,0x20,0x64,0x69,0x76,0x69,0x64,0x65,0x64,0x20,0x62,0x79,0x20,0x72,0x65,0x73,
  0x69,0x73,0x74,0x61,0x6e,0x63,0x65,0x2e,0x09,0x63,0x6f,0x6e,0x76,0x65,0x72,0x74,
  0x65,0x72,0x01,0x56,0x00,0x42,0x6f,0x6f,0x73,0x74,0x20,0x63,0x6f,0x6e,0x76,0x65,
  0x72,0x74,0x65,0x72,0x20,0x6f,0x75,0x74,0x70,0x75,0x74,0x20,0x76,0x6f,0x6c,0x74,
  0x61,0x67,0x65,0x20,0x65,0x71,0x75,0x61,0x6c,0x73,0x20,0x69,0x6e,0x70,0x75,0x74,
  0x20,0x76,0x6f,0x6c,0x74,0x61,0x67,0x65,0x20,0x64,0x69,0x76,0x69,0x64,0x65,0x64,
  0x20,0x62,0x79,0x20,0x31,0x20,0x6d,0x69,0x6e,0x75,0x73,0x20,0x74,0x68,0x65,0x20,
  0x64,0x75,0x74,0x79,0x20,0x63,0x79,0x63,0x6c,0x65,0x2e,0x06,0x63,0x6f,0x70,0x70,
  0x65,0x72,0x06,0x3f,0x00,0x43,0x6f,0x70,0x70,0x65,0x72,0x20,0x68,0x61,0x73,0x20,
  0x73,0x79,0x6d,0x62,0x6f,0x6c,0x20,0x43,0x75,0x2c,0x20,0x61,0x74,0x6f,0x6d,0x69,
  0x63,0x20,0x6e,0x75,0x6d,0x62,0x65,0x72,0x20,0x32,0x39,0x2c,0x20,0x61,0x6e,0x64,
  0x20,0x61,0x74,0x6f,0x6d,0x69,0x63,0x20,0x6d,0x61,0x73,0x73,0x20,0x36,0x33,0x2e,
  0x35,0x34,0x36,0x2e,0x33,0x00,0x54,0x68,0x65,0x20,0x72,0x65,0x73,0x69,0x73,0x74,
  0x69,0x76,0x69,0x74,0x79,0x20,0x6f,0x66,0x20,0x63,0x6f,0x70,0x70,0x65,0x72,0x20,
  0x69,0x73,0x20,0x31,0x2e,0x36,0x38,0x65,0x2d,0x38,0x20,0x6f,0x68,0x6d,0x20,0x6d,
  0x20,0x61,0x74,0x20,0x32,0x30,0x20,0x43,0x2e,0x38,0x00,0x54,0x68,0x65,0x20,0x64,
  0x65,0x6e,0x73,0x69,0x74,0x79,0x20,0x6f,0x66,0x20,0x63,0x6f,0x70,0x70,0x65,0x72,
  0x20,0x69,0x73,0x20,0x38,0x39,0x36,0x30,0x20,0x6b,0x69,0x6c,0x6f,0x67,0x72,0x61,
  0x6d,0x73,0x20,0x70,0x65,0x72,0x20,0x63,0x75,0x62,0x69,0x63,0x20,0x6d,0x65,0x74,
  0x72,0x65,0x2e,0x34,0x00,0x54,0x68,0x65,0x20,0x6d,0x65,0x6c,0x74,0x69,0x6e,0x67,
  0x20,0x70,0x6f,0x69,0x6e,0x74,0x20,0x6f,0x66,0x20,0x63,0x6f,0x70,0x70,0x65,0x72,
  0x20,0x69,0x73,0x20,0x31,0x30,0x38,0x35,0x20,0x64,0x65,0x67,0x72,0x65,0x65,0x73,
  0x20,0x43,0x65,0x6c,0x73,0x69,0x75,0x73,0x2e,0x38,0x00,0x54,0x68,0x65,0x20,0x74,
  0x68,0x65,0x72,0x6d,0x61,0x6c,0x20,0x63,0x6f,0x6e,0x64,0x75,0x63,0x74,0x69,0x76,
  0x69,0x74,0x79,0x20,0x6f,0x66,0x20,0x63,0x6f,0x70,0x70,0x65,0x72,0x20,0x69,0x73,
  0x20,0x61,0x62,0x6f,0x75,0x74,0x20,0x34,0x30,0x31,0x20,0x57,0x2f,0x28,0x6d,0x20,
  0x4b,0x29,0x2e,0x36,0x00,0x54,0x68,0x65,0x20,0x61,0x74,0x6f,0x6d,0x69,0x63,0x20,
  0x6d,0x61,0x73,0x73,0x20,0x6f,0x66,0x20,0x63,0x6f,0x70,0x70,0x65,0x72,0x20,0x69,
  0x73,0x20,0x36,0x33,0x2e,0x35,0x34,0x36,0x20,0x61,0x74,0x6f,0x6d,0x69,0x63,0x20,
  0x6d,0x61,0x73,0x73,0x20,0x75,0x6e,0x69,0x74,0x73,0x2e,0x0d,0x63,0x6f,0x70,0x70,
  0x65,0x72,0x20,0x61,0x74,0x6f,0x6d,0x69,0x63,0x02,0x36,0x00,0x54,0x68,0x65,0x20,
  0x61,0x74,0x6f,0x6d,0x69,0x63,0x20,0x6d,0x61,0x73,0x73,0x20,0x6f,0x66,0x20,0x63,
  0x6f,0x70,0x70,0x65,0x72,0x20,0x69,0x73,0x20,0x36,0x33,0x2e,0x35,0x34,0x36,0x20,
  0x61,0x74,0x6f,0x6d,0x69,0x63,0x20,0x6d,0x61,0x73,0x73,0x20,0x75,0x6e,0x69,0x74,
  0x73,0x2e,0x22,0x00,0x54,0x68,0x65,0x20,0x61,0x74,0x6f,0x6d,0x69,0x63,0x20,0x6e,
  0x75,0x6d,0x62,0x65,0x72,0x20,0x6f,0x66,0x20,0x63,0x6f,0x70,0x70,0x65,0x72,0x20,
  0x69,0x73,0x20,0x32,0x39,0x2e,0x12,0x63,0x6f,0x70,0x70,0x65,0x72,0x20,0x61,0x74,
  0x6f,0x6d,0x69,0x63,0x20,0x6d,0x61,0x73,0x73,0x01,0x36,0x00,0x54,0x68,0x65,0x20,
  0x61,0x74,0x6f,0x6d,0x69,0x63,0x20,0x6d,0x61,0x73,0x73,0x20,0x6f,0x66,0x20,0x63,
  0x6f,0x70,0x70,0x65,0x72,0x20,0x69,0x73,0x20,0x36,0x33,0x2e,0x35,0x34,0x36,0x20,
  0x61,0x74,0x6f,0x6d,0x69,0x63,0x20,0x6d,0x61,0x73,0x73,0x20,0x75,0x6e,0x69,0x74,
  0x73,0x2e,0x14,0x63,0x6f,0x70,0x70,0x65,0x72,0x20,0x61,0x74,0x6f,0x6d,0x69,0x63,
  0x20,0x6e,0x75,0x6d,0x62,0x65,0x72,0x01,0x22,0x00,0x54,0x68,0x65,0x20,0x61,0x74,
  0x6f,0x6d,0x69,0x63,0x20,0x6e,0x75,0x6d,0x62,0x65,0x72,0x20,0x6f,0x66,0x20,0x63,
  0x6f,0x70,0x70,0x65,0x72,0x20,0x69,0x73,0x20,0x32,0x39,0x2e,0x13,0x63,0x6f,0x70,
  0x70,0x65,0x72,0x20,0x63,0x6f,0x6e,0x64,0x75,0x63,0x74,0x69,0x76,0x69,0x74,0x79,
  0x01,0x38,0x00,0x54,0x68,0x65,0x20,0x74,0x68,0x65,0x72,0x6d,0x61,0x6c,0x20,0x63,
  0x6f,0x6e,0x64,0x75,0x63,0x74,0x69,0x76,0x69,0x74,0x79,0x20,0x6f,0x66,0x20,0x63,
  0x6f,0x70,0x70,0x65,0x72,0x20,0x69,0x73,0x20,0x61,0x62,0x6f,0x75,0x74,0x20,0x34,
  0x30,0x31,0x20,0x57,0x2f,0x28,0x6d,0x20,0x4b,0x29,0x2e,0x0e,0x63,0x6f,0x70,0x70,
  0x65,0x72,0x20,0x64,0x65,0x6e,0x73,0x69,0x74,0x79,0x01,0x38,0x00,0x54,0x68,0x65,
  0x20,0x64,0x65,0x6e,0x73,0x69,0x74,0x79,0x20,0x6f,0x66,0x20,0x63,0x6f,0x70,0x70,
  0x65,0x72,0x20,0x69,0x73,0x20,0x38,0x39,0x36,0x30,0x20,0x6b,0x69,0x6c,0x6f,0x67,
  0x72,0x61,0x6d,0x73,0x20,0x70,0x65,0x72,0x20,0x63,0x75,0x62,0x69,0x63,0x20,0x6d,
  0x65,0x74,0x72,0x65,0x2e,0x0b,0x63,0x6f,0x70,0x70,0x65,0x72,0x20,0x6d,0x61,0x73,
  0x73,0x01,0x36,0x00,0x54,0x68,0x65,0x20,0x61,0x74,0x6f,0x6d,0x69,0x63,0x20,0x6d,
  0x61,0x73,0x73,0x20,0x6f,0x66,0x20,0x63,0x6f,0x70,0x70,0x65,0x72,0x20,0x69,0x73,
  0x20,0x36,0x33,0x2e,0x35,0x34,0x36,0x20,0x61,0x74,0x6f,0x6d,0x69,0x63,0x20,0x6d,
  0x61,0x73,0x73,0x20,0x75,0x6e,0x69,0x74,0x73,0x2e,0x0e,0x63,0x6f,0x70,0x70,0x65,
  0x72,0x20,0x6d,0x65,0x6c,0x74,0x69,0x6e,0x67,0x01,0x34,0x00,0x54,0x68,0x65,0x20,
  0x6d,0x65,0x6c,0x74,0x69,0x6e,0x67,0x20,0x70,0x6f,0x69,0x6e,0x74,0x20,0x6f,0x66,
  0x20,0x63,0x6f,0x70,0x70,0x65,0x72,0x20,0x69,0x73,0x20,0x31,0x30,0x38,0x35,0x20,
  0x64,0x65,0x67,0x72,0x65,0x65,0x73,0x20,0x43,0x65,0x6c,0x73,0x69,0x75,0x73,0x2e,
  0x14,0x63,0x6f,0x70,0x70,0x65,0x72,0x20,0x6d,0x65,0x6c,0x74,0x69,0x6e,0x67,0x20,
  0x70,0x6f,0x69,0x6e,0x74,0x01,0x34,0x00,0x54,0x68,0x65,0x20,0x6d,0x65,0x6c,0x74,
  0x69,0x6e,0x67,0x20,0x70,0x6f,0x69,0x6e,0x74,0x20,0x6f,0x66,0x20,0x63,0x6f,0x70,
  0x70,0x65,0x72,0x20,0x69,0x73,0x20,0x31,0x30,0x38,0x35,0x20,0x64,0x65,0x67,0x72,
  0x65,0x65,0x73,0x20,0x43,0x65,0x6c,0x73,0x69,0x75,0x73,0x2e,0x0d,0x63,0x6f,0x70,
  0x70,0x65,0x72,0x20,0x6e,0x75,0x6d,0x62,0x65,0x72,0x01,0x22,0x00,0x54,0x68,0x65,
  0x20,0x61,0x74,0x6f,0x6d,0x69,0x63,0x20,0x6e,0x75,0x6d,0x62,0x65,0x72,0x20,0x6f,
  0x66,0x20,0x63,0x6f,0x70,0x70,0x65,0x72,0x20,0x69,0x73,0x20,0x32,0x39,0x2e,0x0c,
  0x63,0x6f,0x70,0x70,0x65,0x72,0x20,0x70,0x6f,0x69,0x6e,0x74,0x01,0x34,0x00,0x54,
  0x68,0x65,0x20,0x6d,0x65,0x6c,0x74,0x69,0x6e,0x67,0x20,0x70,0x6f,0x69,0x6e,0x74,
  0x20,0x6f,0x66,0x20,0x63,0x6f,0x70,0x70,0x65,0x72,0x20,0x69,0x73,0x20,0x31,0x30,
  0x38,0x35,0x20,0x64,0x65,0x67,0x72,0x65,0x65,0x73,0x20,0x43,0x65,0x6c,0x73,0x69,
  0x75,0x73,0x2e,0x12,0x63,0x6f,0x70,0x70,0x65,0x72,0x20,0x72,0x65,0x73,0x69,0x73,
  0x74,0x69,0x76,0x69,0x74,0x79,0x01,0x33,0x00,0x54,0x68,0x65,0x20,0x72,0x65,0x73,
  0x69,0x73,0x74,0x69,0x76,0x69,0x74,0x79,0x20,0x6f,0x66,0x20,0x63,0x6f,0x70,0x70,
  0x65,0x72,0x20,0x69,0x73,0x20,0x31,0x2e,0x36,0x38,0x65,0x2d,0x38,0x20,0x6f,0x68,
  0x6d,0x20,0x6d,0x20,0x61,0x74,0x20,0x32,0x30,0x20,0x43,0x2e,0x08,0x63,0x6f,0x75,
  0x6c,0x6f,0x6d,0x62,0x73,0x01,0x68,0x00,0x54,0x68,0x65,0x20,0x66,0x6f,0x72,0x63,
  0x65,0x20,0x62,0x65,0x74,0x77,0x65,0x65,0x6e,0x20,0x74,0x77,0x6f,0x20,0x63,0x68,
  0x61,0x72,0x67,0x65,0x73,0x20,0x65,0x71,0x75,0x61,0x6c,0x73,0x20,0x6b,0x20,0x74,
  0x69,0x6d,0x65,0x73,0x20,0x74,0x68,0x65,0x20,0x70,0x72,0x6f,0x64,0x75,0x63,0x74,
  0x20,0x6f,0x66,0x20,0x74,0x68,0x65,0x20,0x63,0x68,0x61,0x72,0x67,0x65,0x73,0x20,
  0x64,0x69,0x76,0x69,0x64,0x65,0x64,0x20,0x62,0x79,0x20,0x74,0x68,0x65,0x20,0x64,
  0x69,0x73,0x74,0x61,0x6e,0x63,0x65,0x20,0x73,0x71,0x75,0x61,0x72,0x65,0x64,0x2e,
  0x0c,0x63,0x6f,0x75,0x6c,0x6f,0x6d,0x62,0x73,0x20,0x6c,0x61,0x77,0x01,0x68,0x00,
  0x54,0x68,0x65,0x20,0x66,0x6f,0x72,0x63,0x65,0x20,0x62,0x65,0x74,0x77,0x65,0x65,
  0x6e,0x20,0x74,0x77,0x6f,0x20,0x63,0x68,0x61,0x72,0x67,0x65,0x73,0x20,0x65,0x71,
  0x75,0x61,0x6c,0x73,0x20,0x6b,0x20,0x74,0x69,0x6d,0x65,0x73,0x20,0x74,0x68,0x65,
  0x20,0x70,0x72,0x6f,0x64,0x75,0x63,0x74,0x20,0x6f,0x66,0x20,0x74,0x68,0x65,0x20,
  0x63,0x68,0x61,0x72,0x67,0x65,0x73,0x20,0x64,0x69,0x76,0x69,0x64,0x65,0x64,0x20,
  0x62,0x79,0x20,0x74,0x68,0x65,0x20,0x64,0x69,0x73,0x74,0x61,0x6e,0x63,0x65,0x20,
  0x73,0x71,0x75,0x61,0x72,0x65,0x64,0x2e,0x07,0x63,0x72,0x79,0x73,0x74,0x61,0x6c,
  0x01,0x53,0x00,0x41,0x20,0x63,0x72,0x79,0x73,0x74,0x61,0x6c,0x20,0x6e,0x65,0x65,
  0x64,0x73,0x20,0x69,0x74,0x73,0x20,0x73,0x70,0x65,0x63,0x69,0x66,0x69,0x65,0x64,
  0x20,0x6c,0x6f,0x61,0x64,0x20,0x63,0x61,0x70,0x61,0x63,0x69,0x74,0x61,0x6e,0x63,
  0x65,0x20,0x74,0x6f,0x20,0x6f,0x73,0x63,0x69,0x6c,0x6c,0x61,0x74,0x65,0x20,0x61,
  0x74,0x20,0x74,0x68,0x65,0x20,0x72,0x69,0x67,0x68,0x74,0x20,0x66,0x72,0x65,0x71,
  0x75,0x65,0x6e,0x63,0x79,0x2e,0x0c,0x63,0x72,0x79,0x73,0x74,0x61,0x6c,0x20,0x6c,
  0x6f,0x61,0x64,0x01,0x53,0x00,0x41,0x20,0x63,0x72,0x79,0x73,0x74,0x61,0x6c,0x20,
  0x6e,0x65,0x65,0x64,0x73,0x20,0x69,0x74,0x73,0x20,0x73,0x70,0x65,0x63,0x69,0x66,
  0x69,0x65,0x64,0x20,0x6c,0x6f,0x61,0x64,0x20,0x63,0x61,0x70,0x61,0x63,0x69,0x74,
  0x61,0x6e,0x63,0x65,0x20,0x74,0x6f,0x20,0x6f,0x73,0x63,0x69,0x6c,0x6c,0x61,0x74,
  0x65,0x20,0x61,0x74,0x20,0x74,0x68,0x65,0x20,0x72,0x69,0x67,0x68,0x74,0x20,0x66,
  0x72,0x65,0x71,0x75,0x65,0x6e,0x63,0x79,0x2e,0x07,0x63,0x75,0x72,0x72,0x65,0x6e,
  0x74,0x06,0x28,0x00,0x56,0x6f,0x6c,0x74,0x61,0x67,0x65,0x20,0x65,0x71,0x75,0x61,
  0x6c,0x73,0x20,0x63,0x75,0x72,0x72,0x65,0x6e,0x74,0x20,0x74,0x69,0x6d,0x65,0x73,
  0x20,0x72,0x65,0x73,0x69,0x73,0x74,0x61,0x6e,0x63,0x65,0x2e,0x23,0x00,0x50,0x6f,
  0x77,0x65,0x72,0x20,0x65,0x71,0x75,0x61,0x6c,0x73,0x20,0x76,0x6f,0x6c,0x74,0x61,
  0x67,0x65,0x20,0x74,0x69,0x6d,0x65,0x73,0x20,0x63,0x75,0x72,0x72,0x65,0x6e,0x74,
  0x2e,0x21,0x00,0x43,0x68,0x61,0x72,0x67,0x65,0x20,0x65,0x71,0x75,0x61,0x6c,0x73,
  0x20,0x63,0x75,0x72,0x72,0x65,0x6e,0x74,0x20,0x74,0x69,0x6d,0x65,0x73,0x20,0x74,
  0x69,0x6d,0x65,0x2e,0x3b,0x00,0x54,0x68,0x65,0x20,0x63,0x75,0x72,0x72,0x65,0x6e,
  0x74,0x73,0x20,0x65,0x6e,0x74,0x65,0x72,0x69,0x6e,0x67,0x20,0x61,0x20,0x6e,0x6f,
  0x64,0x65,0x20,0x65,0x71,0x75,0x61,0x6c,0x20,0x74,0x68,0x65,0x20,0x63,0x75,0x72,
  0x72,0x65,0x6e,0x74,0x73,0x20,0x6c,0x65,0x61,0x76,0x69,0x6e,0x67,0x20,0x69,0x74,
  0x2e,0x7a,0x00,0x49,0x6e,0x20,0x74,0x77,0x6f,0x20,0x70,0x61,0x72,0x61,0x6c,0x6c,
  0x65,0x6c,0x20,0x62,0x72,0x61,0x6e,0x63,0x68,0x65,0x73,0x2c,0x20,0x74,0x68,0x65,
  0x20,0x63,0x75,0x72,0x72,0x65,0x6e,0x74,0x20,0x69,0x6e,0x20,0x6f,0x6e,0x65,0x20,
  0x62,0x72,0x61,0x6e,0x63,0x68,0x20,0x65,0x71,0x75,0x61,0x6c,0x73,0x20,0x74,0x6f,
  0x74,0x61,0x6c,0x20,0x63,0x75,0x72,0x72,0x65,0x6e,0x74,0x20,0x74,0x69,0x6d,0x65,
  0x73,0x20,0x74,0x68,0x65,0x20,0x6f,0x70,0x70,0x6f,0x73,0x69,0x74,0x65,0x20,0x72,
  0x65,0x73,0x69,0x73,0x74,0x61,0x6e,0x63,0x65,0x20,0x64,0x69,0x76,0x69,0x64,0x65,
  0x64,0x20,0x62,0x79,0x20,0x74,0x68,0x65,0x20,0x73,0x75,0x6d,0x2e,0x51,0x00,0x46,
  0x6f,0x72,0x20,0x61,0x20,0x73,0x69,0x6e,0x65,0x20,0x77,0x61,0x76,0x65,0x2c,0x20,
  0x52,0x4d,0x53,0x20,0x63,0x75,0x72,0x72,0x65,0x6e,0x74,0x20,0x69,0x73,0x20,0x74,
  0x68,0x65,0x20,0x70,0x65,0x61,0x6b,0x20,0x63,0x75,0x72,0x72,0x65,0x6e,0x74,0x20,
  0x64,0x69,0x76,0x69,0x64,0x65,0x64,0x20,0x62,0x79,0x20,0x74,0x68,0x65,0x20,0x73,
  0x71,0x75,0x61,0x72,0x65,0x20,0x72,0x6f,0x6f,0x74,0x20,0x6f,0x66,0x20,0x32,0x2e,
  0x0f,0x63,0x75,0x72,0x72,0x65,0x6e,0x74,0x20,0x64,0x69,0x76,0x69,0x64,0x65,0x72,
  0x01,0x7a,0x00,0x49,0x6e,0x20,0x74,0x77,0x6f,0x20,0x70,0x61,0x72,0x61,0x6c,0x6c,
  0x65,0x6c,0x20,0x62,0x72,0x61,0x6e,0x63,0x68,0x65,0x73,0x2c,0x20,0x74,0x68,0x65,
  0x20,0x63,0x75,0x72,0x72,0x65,0x6e,0x74,0x20,0x69,0x6e,0x20,0x6f,0x6e,0x65,0x20,
  0x62,0x72,0x61,0x6e,0x63,0x68,0x20,0x65,0x71,0x75,0x61,0x6c,0x73,0x20,0x74,0x6f,
  0x74,0x61,0x6c,0x20,0x63,0x75,0x72,0x72,0x65,0x6e,0x74,0x20,0x74,0x69,0x6d,0x65,
  0x73,0x20,0x74,0x68,0x65,0x20,0x6f,0x70,0x70,0x6f,0x73,0x69,0x74,0x65,0x20,0x72,
  0x65,0x73,0x69,0x73,0x74,0x61,0x6e,0x63,0x65,0x20,0x64,0x69,0x76,0x69,0x64,0x65,
  0x64,0x20,0x62,0x79,0x20,0x74,0x68,0x65,0x20,0x73,0x75,0x6d,0x2e,0x05,0x63,0x79,
  0x63,0x6c,0x65,0x01,0x34,0x00,0x44,0x75,0x74,0x79,0x20,0x63,0x79,0x63,0x6c,0x65,
  0x20,0x65,0x71,0x75,0x61,0x6c,0x73,0x20,0x74,0x68,0x65,0x20,0x6f,0x6e,0x20,0x74,
  0x69,0x6d,0x65,0x20,0x64,0x69,0x76,0x69,0x64,0x65,0x64,0x20,0x62,0x79,0x20,0x74,
  0x68,0x65,0x20,0x70,0x65,0x72,0x69,0x6f,0x64,0x2e,0x08,0x64,0x65,0x62,0x6f,0x75,
  0x6e,0x63,0x65,0x01,0x47,0x00,0x41,0x20,0x6d,0x65,0x63,0x68,0x61,0x6e,0x69,0x63,
  0x61,0x6c,0x20,0x73,0x77,0x69,0x74,0x63,0x68,0x20,0x6e,0x65,0x65,0x64,0x73,0x20,
  0x61,0x62,0x6f,0x75,0x74,0x20,0x31,0x30,0x20,0x74,0x6f,0x20,0x35,0x30,0x20,0x6d,
  0x69,0x6c,0x6c,0x69,0x73,0x65,0x63,0x6f,0x6e,0x64,0x73,0x20,0x6f,0x66,0x20,0x64,
  0x65,0x62,0x6f,0x75,0x6e,0x63,0x65,0x20,0x74,0x69,0x6d,0x65,0x2e,0x07,0x64,0x65,
  0x63,0x69,0x62,0x65,0x6c,0x02,0x3a,0x00,0x47,0x61,0x69,0x6e,0x20,0x69,0x6e,0x20,
  0x64,0x65,0x63,0x69,0x62,0x65,0x6c,0x73,0x20,0x69,0x73,0x20,0x32,0x30,0x20,0x74,
  0x69,0x6d,0x65,0x73,0x20,0x74,0x68,0x65,0x20,0x6c,0x6f,0x67,0x20,0x6f,0x66,0x20,
  0x74,0x68,0x65,0x20,0x76,0x6f,0x6c,0x74,0x61,0x67,0x65,0x20,0x72,0x61,0x74,0x69,
  0x6f,0x2e,0x42,0x00,0x47,0x61,0x69,0x6e,0x20,0x69,0x6e,0x20,0x64,0x65,0x63,0x69,
  0x62,0x65,0x6c,0x73,0x20,0x66,0x6f,0x72,0x20,0x70,0x6f,0x77,0x65,0x72,0x20,0x69,
  0x73,0x20,0x31,0x30,0x20,0x74,0x69,0x6d,0x65,0x73,0x20,0x74,0x68,0x65,0x20,0x6c,
  0x6f,0x67,0x20,0x6f,0x66,0x20,0x74,0x68,0x65,0x20,0x70,0x6f,0x77,0x65,0x72,0x20,
  0x72,0x61,0x74,0x69,0x6f,0x2e,0x0d,0x64,0x65,0x63,0x69,0x62,0x65,0x6c,0x20,0x70,
  0x6f,0x77,0x65,0x72,0x01,0x42,0x00,0x47,0x61,0x69,0x6e,0x20,0x69,0x6e,0x20,0x64,
  0x65,0x63,0x69,0x62,0x65,0x6c,0x73,0x20,0x66,0x6f,0x72,0x20,0x70,0x6f,0x77,0x65,
  0x72,0x20,0x69,0x73,0x20,0x31,0x30,0x20,0x74,0x69,0x6d,0x65,0x73,0x20,0x74,0x68,
  0x65,0x20,0x6c,0x6f,0x67,0x20,0x6f,0x66,0x20,0x74,0x68,0x65,0x20,0x70,0x6f,0x77,
  0x65,0x72,0x20,0x72,0x61,0x74,0x69,0x6f,0x2e,0x0a,0x64,0x65,0x63,0x6f,0x75,0x70,
  0x6c,0x69,0x6e,0x67,0x01,0x4b,0x00,0x41,0x20,0x31,0x30,0x30,0x20,0x6e,0x46,0x20,
  0x63,0x61,0x70,0x61,0x63,0x69,0x74,0x6f,0x72,0x20,0x70,0x6c,0x61,0x63,0x65,0x64,
  0x20,0x63,0x6c,0x6f,0x73,0x65,0x20,0x74,0x6f,0x20,0x65,0x61,0x63,0x68,0x20,0x73,
  0x75,0x70,0x70,0x6c,0x79,0x20,0x70,0x69,0x6e,0x20,0x73,0x6d,0x6f,0x6f,0x74,0x68,
  0x73,0x20,0x73,0x77,0x69,0x74,0x63,0x68,0x69,0x6e,0x67,0x20,0x6e,0x6f,0x69,0x73,
  0x65,0x2e,0x14,0x64,0x65,0x63,0x6f,0x75,0x70,0x6c,0x69,0x6e,0x67,0x20,0x63,0x61,
  0x70,0x61,0x63,0x69,0x74,0x6f,0x72,0x01,0x4b,0x00,0x41,0x20,0x31,0x30,0x30,0x20,
  0x6e,0x46,0x20,0x63,0x61,0x70,0x61,0x63,0x69,0x74,0x6f,0x72,0x20,0x70,0x6c,0x61,
  0x63,0x65,0x64,0x20,0x63,0x6c,0x6f,0x73,0x65,0x20,0x74,0x6f,0x20,0x65,0x61,0x63,
  0x68,0x20,0x73,0x75,0x70,0x70,0x6c,0x79,0x20,0x70,0x69,0x6e,0x20,0x73,0x6d,0x6f,
  0x6f,0x74,0x68,0x73,0x20,0x73,0x77,0x69,0x74,0x63,0x68,0x69,0x6e,0x67,0x20,0x6e,
  0x6f,0x69,0x73,0x65,0x2e,0x07,0x64,0x65,0x6e,0x73,0x69,0x74,0x79,0x06,0x26,0x00,
  0x44,0x65,0x6e,0x73,0x69,0x74,0x79,0x20,0x65,0x71,0x75,0x61,0x6c,0x73,0x20,0x6d,
  0x61,0x73,0x73,0x20,0x64,0x69,0x76,0x69,0x64,0x65,0x64,0x20,0x62,0x79,0x20,0x76,
  0x6f,0x6c,0x75,0x6d,0x65,0x2e,0x37,0x00,0x54,0x68,0x65,0x20,0x64,0x65,0x6e,0x73,
  0x69,0x74,0x79,0x20,0x6f,0x66,0x20,0x77,0x61,0x74,0x65,0x72,0x20,0x69,0x73,0x20,
  0x31,0x30,0x30,0x30,0x20,0x6b,0x69,0x6c,0x6f,0x67,0x72,0x61,0x6d,0x73,0x20,0x70,
  0x65,0x72,0x20,0x63,0x75,0x62,0x69,0x63,0x20,0x6d,0x65,0x74,0x72,0x65,0x2e,0x3b,
  0x00,0x54,0x68,0x65,0x20,0x64,0x65,0x6e,0x73,0x69,0x74,0x79,0x20,0x6f,0x66,0x20,
  0x61,0x6c,0x75,0x6d,0x69,0x6e,0x69,0x75,0x6d,0x20,0x69,0x73,0x20,0x32,0x37,0x30,
  0x30,0x20,0x6b,0x69,0x6c,0x6f,0x67,0x72,0x61,0x6d,0x73,0x20,0x70,0x65,0x72,0x20,
  0x63,0x75,0x62,0x69,0x63,0x20,0x6d,0x65,0x74,0x72,0x65,0x2e,0x38,0x00,0x54,0x68,
  0x65,0x20,0x64,0x65,0x6e,0x73,0x69,0x74,0x79,0x20,0x6f,0x66,0x20,0x63,0x6f,0x70,
  0x70,0x65,0x72,0x20,0x69,0x73,0x20,0x38,0x39,0x36,0x30,0x20,0x6b,0x69,0x6c,0x6f,
  0x67,0x72,0x61,0x6d,0x73,0x20,0x70,0x65,0x72,0x20,0x63,0x75,0x62,0x69,0x63,0x20,
  0x6d,0x65,0x74,0x72,0x65,0x2e,0x37,0x00,0x54,0x68,0x65,0x20,0x64,0x65,0x6e,0x73,
  0x69,0x74,0x79,0x20,0x6f,0x66,0x20,0x73,0x74,0x65,0x65,0x6c,0x20,0x69,0x73,0x20,
  0x37,0x38,0x35,0x30,0x20,0x6b,0x69,0x6c,0x6f,0x67,0x72,0x61,0x6d,0x73,0x20,0x70,
  0x65,0x72,0x20,0x63,0x75,0x62,0x69,0x63,0x20,0x6d,0x65,0x74,0x72,0x65,0x2e,0x36,
  0x00,0x54,0x68,0x65,0x20,0x64,0x65,0x6e,0x73,0x69,0x74,0x79,0x20,0x6f,0x66,0x20,
  0x69,0x72,0x6f,0x6e,0x20,0x69,0x73,0x20,0x37,0x38,0x37,0x34,0x20,0x6b,0x69,0x6c,
  0x6f,0x67,0x72,0x61,0x6d,0x73,0x20,0x70,0x65,0x72,0x20,0x63,0x75,0x62,0x69,0x63,
  0x20,0x6d,0x65,0x74,0x72,0x65,0x2e,0x05,0x64,0x69,0x6f,0x64,0x65,0x03,0x3e,0x00,
  0x41,0x20,0x73,0x69,0x6c,0x69,0x63,0x6f,0x6e,0x20,0x64,0x69,0x6f,0x64,0x65,0x20,
  0x68,0x61,0x73,0x20,0x61,0x20,0x66,0x6f,0x72,0x77,0x61,0x72,0x64,0x20,0x76,0x6f,
  0x6c,0x74,0x61,0x67,0x65,0x20,0x64,0x72,0x6f,0x70,0x20,0x6f,0x66,0x20,0x61,0x62,
  0x6f,0x75,0x74,0x20,0x30,0x2e,0x37,0x20,0x76,0x6f,0x6c,0x74,0x73,0x2e,0x3f,0x00,
  0x41,0x20,0x53,0x63,0x68,0x6f,0x74,0x74,0x6b,0x79,0x20,0x64,0x69,0x6f,0x64,0x65,
  0x20,0x68,0x61,0x73,0x20,0x61,0x20,0x66,0x6f,0x72,0x77,0x61,0x72,0x64,0x20,0x76,
  0x6f,0x6c,0x74,0x61,0x67,0x65,0x20,0x64,0x72,0x6f,0x70,0x20,0x6f,0x66,0x20,0x61,
  0x62,0x6f,0x75,0x74,0x20,0x30,0x2e,0x33,0x20,0x76,0x6f,0x6c,0x74,0x73,0x2e,0x62,
  0x00,0x41,0x20,0x5a,0x65,0x6e,0x65,0x72,0x20,0x64,0x69,0x6f,0x64,0x65,0x20,0x68,
  0x6f,0x6c,0x64,0x73,0x20,0x61,0x20,0x73,0x74,0x65,0x61,0x64,0x79,0x20,0x76,0x6f,
  0x6c,0x74,0x61,0x67,0x65,0x20,0x61,0x63,0x72,0x6f,0x73,0x73,0x20,0x69,0x74,0x73,
  0x65,0x6c,0x66,0x20,0x77,0x68,0x65,0x6e,0x20,0x72,0x65,0x76,0x65,0x72,0x73,0x65,
  0x20,0x62,0x69,0x61,0x73,0x65,0x64,0x20,0x70,0x61,0x73,0x74,0x20,0x69,0x74,0x73,
  0x20,0x62,0x72,0x65,0x61,0x6b,0x64,0x6f,0x77,0x6e,0x20,0x76,0x6f,0x6c,0x74,0x61,
  0x67,0x65,0x2e,0x07,0x64,0x69,0x76,0x69,0x64,0x65,0x72,0x02,0x66,0x00,0x4f,0x75,
  0x74,0x70,0x75,0x74,0x20,0x76,0x6f,0x6c,0x74,0x61,0x67,0x65,0x20,0x65,0x71,0x75,
  0x61,0x6c,0x73,0x20,0x69,0x6e,0x70,0x75,0x74,0x20,0x76,0x6f,0x6c,0x74,0x61,0x67,
  0x65,0x20,0x74,0x69,0x6d,0x65,0x73,0x20,0x74,0x68,0x65,0x20,0x6c,0x6f,0x77,0x65,
  0x72,0x20,0x72,0x65,0x73,0x69,0x73,0x74,0x61,0x6e,0x63,0x65,0x20,0x64,0x69,0x76,
  0x69,0x64,0x65,0x64,0x20,0x62,0x79,0x20,0x74,0x68,0x65,0x20,0x73,0x75,0x6d,0x20,
  0x6f,0x66,0x20,0x62,0x6f,0x74,0x68,0x20,0x72,0x65,0x73,0x69,0x73,0x74,0x61,0x6e,
  0x63,0x65,0x73,0x2e,0x7a,0x00,0x49,0x6e,0x20,0x74,0x77,0x6f,0x20,0x70,0x61,0x72,
  0x61,0x6c,0x6c,0x65,0x6c,0x20,0x62,0x72,0x61,0x6e,0x63,0x68,0x65,0x73,0x2c,0x20,
  0x74,0x68,0x65,0x20,0x63,0x75,0x72,0x72,0x65,0x6e,0x74,0x20,0x69,0x6e,0x20,0x6f,
  0x6e,0x65,0x20,0x62,0x72,0x61,0x6e,0x63,0x68,0x20,0x65,0x71,0x75,0x61,0x6c,0x73,
  0x20,0x74,0x6f,0x74,0x61,0x6c,0x20,0x63,0x75,0x72,0x72,0x65,0x6e,0x74,0x20,0x74,
  0x69,0x6d,0x65,0x73,0x20,0x74,0x68,0x65,0x20,0x6f,0x70,0x70,0x6f,0x73,0x69,0x74,
  0x65,0x20,0x72,0x65,0x73,0x69,0x73,0x74,0x61,0x6e,0x63,0x65,0x20,0x64,0x69,0x76,
  0x69,0x64,0x65,0x64,0x20,0x62,0x79,0x20,0x74,0x68,0x65,0x20,0x73,0x75,0x6d,0x2e,
  0x05,0x64,0x72,0x61,0x69,0x6e,0x01,0x49,0x00,0x41,0x6e,0x20,0x6f,0x70,0x65,0x6e,
  0x20,0x64,0x72,0x61,0x69,0x6e,0x20,0x6f,0x75,0x74,0x70,0x75,0x74,0x20,0x63,0x61,
  0x6e,0x20,0x6f,0x6e,0x6c,0x79,0x20,0x70,0x75,0x6c,0x6c,0x20,0x6c,0x6f,0x77,0x2c,
  0x20,0x73,0x6f,0x20,0x69,0x74,0x20,0x6e,0x65,0x65,0x64,0x73,0x20,0x61,0x20,0x70,
  0x75,0x6c,0x6c,0x2d,0x75,0x70,0x20,0x74,0x6f,0x20,0x67,0x6f,0x20,0x68,0x69,0x67,
  0x68,0x2e,0x07,0x64,0x72,0x6f,0x70,0x6f,0x75,0x74,0x01,0x59,0x00,0x41,0x20,0x6c,
  0x6f,0x77,0x20,0x64,0x72,0x6f,0x70,0x6f,0x75,0x74,0x20,0x72,0x65,0x67,0x75,0x6c,
  0x61,0x74,0x6f,0x72,0x20,0x6e,0x65,0x65,0x64,0x73,0x20,0x69,0x74,0x73,0x20,0x69,
  0x6e,0x70,0x75,0x74,0x20,0x61,0x62,0x6f,0x76,0x65,0x20,0x74,0x68,0x65,0x20,0x6f,
  0x75,0x74,0x70,0x75,0x74,0x20,0x62,0x79,0x20,0x61,0x74,0x20,0x6c,0x65,0x61,0x73,
  0x74,0x20,0x74,0x68,0x65,0x20,0x64,0x72,0x6f,0x70,0x6f,0x75,0x74,0x20,0x76,0x6f,
  0x6c,0x74,0x61,0x67,0x65,0x2e,0x04,0x64,0x75,0x74,0x79,0x02,0x34,0x00,0x44,0x75,
  0x74,0x79,0x20,0x63,0x79,0x63,0x6c,0x65,0x20,0x65,0x71,0x75,0x61,0x6c,0x73,0x20,
  0x74,0x68,0x65,0x20,0x6f,0x6e,0x20,0x74,0x69,0x6d,0x65,0x20,0x64,0x69,0x76,0x69,
  0x64,0x65,0x64,0x20,0x62,0x79,0x20,0x74,0x68,0x65,0x20,0x70,0x65,0x72,0x69,0x6f,
  0x64,0x2e,0x47,0x00,0x54,0x68,0x65,0x20,0x61,0x76,0x65,0x72,0x61,0x67,0x65,0x20,
  0x50,0x57,0x4d,0x20,0x76,0x6f,0x6c,0x74,0x61,0x67,0x65,0x20,0x65,0x71,0x75,0x61,
  0x6c,0x73,0x20,0x74,0x68,0x65,0x20,0x64,0x75,0x74,0x79,0x20,0x63,0x79,0x63,0x6c,
  0x65,0x20,0x74,0x69,0x6d,0x65,0x73,0x20,0x74,0x68,0x65,0x20,0x73,0x75,0x70,0x70,
  0x6c,0x79,0x20,0x76,0x6f,0x6c,0x74,0x61,0x67,0x65,0x2e,0x0a,0x64,0x75,0x74,0x79,
  0x20,0x63,0x79,0x63,0x6c,0x65,0x01,0x34,0x00,0x44,0x75,0x74,0x79,0x20,0x63,0x79,
  0x63,0x6c,0x65,0x20,0x65,0x71,0x75,0x61,0x6c,0x73,0x20,0x74,0x68,0x65,0x20,0x6f,
  0x6e,0x20,0x74,0x69,0x6d,0x65,0x20,0x64,0x69,0x76,0x69,0x64,0x65,0x64,0x20,0x62,
  0x79,0x20,0x74,0x68,0x65,0x20,0x70,0x65,0x72,0x69,0x6f,0x64,0x2e,0x03,0x65,0x31,
  0x32,0x01,0x52,0x00,0x54,0x68,0x65,0x20,0x45,0x31,0x32,0x20,0x72,0x65,0x73,0x69,
  0x73,0x74,0x6f,0x72,0x20,0x73,0x65,0x72,0x69,0x65,0x73,0x20,0x76,0x61,0x6c,0x75,
  0x65,0x73,0x20,0x61,0x72,0x65,0x20,0x31,0x30,0x2c,0x20,0x31,0x32,0x2c,0x20,0x31,
  0x35,0x2c,0x20,0x31,0x38,0x2c,0x20,0x32,0x32,0x2c,0x20,0x32,0x37,0x2c,0x20,0x33,
  0x33,0x2c,0x20,0x33,0x39,0x2c,0x20,0x34,0x37,0x2c,0x20,0x35,0x36,0x2c,0x20,0x36,
  0x38,0x2c,0x20,0x38,0x32,0x2e,0x0a,0x65,0x31,0x32,0x20,0x73,0x65,0x72,0x69,0x65,
  0x73,0x01,0x52,0x00,0x54,0x68,0x65,0x20,0x45,0x31,0x32,0x20,0x72,0x65,0x73,0x69,
  0x73,0x74,0x6f,0x72,0x20,0x73,0x65,0x72,0x69,0x65,0x73,0x20,0x76,0x61,0x6c,0x75,
  0x65,0x73,0x20,0x61,0x72,0x65,0x20,0x31,0x30,0x2c,0x20,0x31,0x32,0x2c,0x20,0x31,
  0x35,0x2c,0x20,0x31,0x38,0x2c,0x20,0x32,0x32,0x2c,0x20,0x32,0x37,0x2c,0x20,0x33,
  0x33,0x2c,0x20,0x33,0x39,0x2c,0x20,0x34,0x37,0x2c,0x20,0x35,0x36,0x2c,0x20,0x36,
  0x38,0x2c,0x20,0x38,0x32,0x2e,0x03,0x65,0x32,0x34,0x01,0x82,0x00,0x54,0x68,0x65,
  0x20,0x45,0x32,0x34,0x20,0x72,0x65,0x73,0x69,0x73,0x74,0x6f,0x72,0x20,0x73,0x65,
  0x72,0x69,0x65,0x73,0x20,0x76,0x61,0x6c,0x75,0x65,0x73,0x20,0x61,0x72,0x65,0x20,
  0x31,0x30,0x2c,0x20,0x31,0x31,0x2c,0x20,0x31,0x32,0x2c,0x20,0x31,0x33,0x2c,0x20,
  0x31,0x35,0x2c,0x20,0x31,0x36,0x2c,0x20,0x31,0x38,0x2c,0x20,0x32,0x30,0x2c,0x20,
  0x32,0x32,0x2c,0x20,0x32,0x34,0x2c,0x20,0x32,0x37,0x2c,0x20,0x33,0x30,0x2c,0x20,
  0x33,0x33,0x2c,0x20,0x33,0x36,0x2c,0x20,0x33,0x39,0x2c,0x20,0x34,0x33,0x2c,0x20,
  0x34,0x37,0x2c,0x20,0x35,0x31,0x2c,0x20,0x35,0x36,0x2c,0x20,0x36,0x32,0x2c,0x20,
  0x36,0x38,0x2c,0x20,0x37,0x35,0x2c,0x20,0x38,0x32,0x2c,0x20,0x39,0x31,0x2e,0x0a,
  0x65,0x32,0x34,0x20,0x73,0x65,0x72,0x69,0x65,0x73,0x01,0x82,0x00,0x54,0x68,0x65,
  0x20,0x45,0x32,0x34,0x20,0x72,0x65,0x73,0x69,0x73,0x74,0x6f,0x72,0x20,0x73,0x65,
  0x72,0x69,0x65,0x73,0x20,0x76,0x61,0x6c,0x75,0x65,0x73,0x20,0x61,0x72,0x65,0x20,
  0x31,0x30,0x2c,0x20,0x31,0x31,0x2c,0x20,0x31,0x32,0x2c,0x20,0x31,0x33,0x2c,0x20,
  0x31,0x35,0x2c,0x20,0x31,0x36,0x2c,0x20,0x31,0x38,0x2c,0x20,0x32,0x30,0x2c,0x20,
  0x32,0x32,0x2c,0x20,0x32,0x34,0x2c,0x20,0x32,0x37,0x2c,0x20,0x33,0x30,0x2c,0x20,
  0x33,0x33,0x2c,0x20,0x33,0x36,0x2c,0x20,0x33,0x39,0x2c,0x20,0x34,0x33,0x2c,0x20,
  0x34,0x37,0x2c,0x20,0x35,0x31,0x2c,0x20,0x35,0x36,0x2c,0x20,0x36,0x32,0x2c,0x20,
  0x36,0x38,0x2c,0x20,0x37,0x35,0x2c,0x20,0x38,0x32,0x2c,0x20,0x39,0x31,0x2e,0x05,
  0x65,0x61,0x72,0x74,0x68,0x01,0x7c,0x00,0x45,0x61,0x72,0x74,0x68,0x20,0x68,0x61,
  0x73,0x20,0x61,0x20,0x64,0x69,0x61,0x6d,0x65,0x74,0x65,0x72,0x20,0x6f,0x66,0x20,
  0x61,0x62,0x6f,0x75,0x74,0x20,0x31,0x32,0x37,0x34,0x32,0x20,0x6b,0x6d,0x2c,0x20,
  0x6f,0x72,0x62,0x69,0x74,0x73,0x20,0x61,0x62,0x6f,0x75,0x74,0x20,0x31,0x34,0x39,
  0x2e,0x36,0x20,0x6d,0x69,0x6c,0x6c,0x69,0x6f,0x6e,0x20,0x6b,0x6d,0x20,0x66,0x72,
  0x6f,0x6d,0x20,0x74,0x68,0x65,0x20,0x53,0x75,0x6e,0x2c,0x20,0x61,0x6e,0x64,0x20,
  0x74,0x61,0x6b,0x65,0x73,0x20,0x61,0x62,0x6f,0x75,0x74,0x20,0x33,0x36,0x35,0x20,
  0x45,0x61,0x72,0x74,0x68,0x20,0x64,0x61,0x79,0x73,0x20,0x74,0x6f,0x20,0x6f,0x72,
  0x62,0x69,0x74,0x2e,0x0a,0x65,0x66,0x66,0x69,0x63,0x69,0x65,0x6e,0x63,0x79,0x01,
  0x45,0x00,0x45,0x66,0x66,0x69,0x63,0x69,0x65,0x6e,0x63,0x79,0x20,0x65,0x71,0x75,
  0x61,0x6c,0x73,0x20,0x75,0x73,0x65,0x66,0x75,0x6c,0x20,0x6f,0x75,0x74,0x70,0x75,
  0x74,0x20,0x65,0x6e,0x65,0x72,0x67,0x79,0x20,0x64,0x69,0x76,0x69,0x64,0x65,0x64,
  0x20,0x62,0x79,0x20,0x74,0x6f,0x74,0x61,0x6c,0x20,0x69,0x6e,0x70,0x75,0x74,0x20,
  0x65,0x6e,0x65,0x72,0x67,0x79,0x2e,0x0a,0x65,0x6c,0x65,0x63,0x74,0x72,0x69,0x63,
  0x61,0x6c,0x01,0x23,0x00,0x50,0x6f,0x77,0x65,0x72,0x20,0x65,0x71,0x75,0x61,0x6c,
  0x73,0x20,0x76,0x6f,0x6c,0x74,0x61,0x67,0x65,0x20,0x74,0x69,0x6d,0x65,0x73,0x20,
  0x63,0x75,0x72,0x72,0x65,0x6e,0x74,0x2e,0x10,0x65,0x6c,0x65,0x63,0x74,0x72,0x69,
  0x63,0x61,0x6c,0x20,0x70,0x6f,0x77,0x65,0x72,0x01,0x23,0x00,0x50,0x6f,0x77,0x65,
  0x72,0x20,0x65,0x71,0x75,0x61,0x6c,0x73,0x20,0x76,0x6f,0x6c,0x74,0x61,0x67,0x65,
  0x20,0x74,0x69,0x6d,0x65,0x73,0x20,0x63,0x75,0x72,0x72,0x65,0x6e,0x74,0x2e,0x08,
  0x65,0x6c,0x65,0x63,0x74,0x72,0x6f,0x6e,0x01,0x2e,0x00,0x54,0x68,0x65,0x20,0x65,
  0x6c,0x65,0x63,0x74,0x72,0x6f,0x6e,0x20,0x72,0x65,0x73,0x74,0x20,0x6d,0x61,0x73,
  0x73,0x20,0x69,0x73,0x20,0x39,0x2e,0x31,0x30,0x39,0x33,0x38,0x33,0x37,0x30,0x31,
  0x35,0x65,0x2d,0x33,0x31,0x20,0x6b,0x67,0x2e,0x0d,0x65,0x6c,0x65,0x63,0x74,0x72,
  0x6f,0x6e,0x20,0x6d,0x61,0x73,0x73,0x01,0x2e,0x00,0x54,0x68,0x65,0x20,0x65,0x6c,
  0x65,0x63,0x74,0x72,0x6f,0x6e,0x20,0x72,0x65,0x73,0x74,0x20,0x6d,0x61,0x73,0x73,
  0x20,0x69,0x73,0x20,0x39,0x2e,0x31,0x30,0x39,0x33,0x38,0x33,0x37,0x30,0x31,0x35,
  0x65,0x2d,0x33,0x31,0x20,0x6b,0x67,0x2e,0x0c,0x65,0x6c,0x65,0x63,0x74,0x72,0x6f,
  0x6e,0x76,0x6f,0x6c,0x74,0x01,0x2b,0x00,0x4f,0x6e,0x65,0x20,0x65,0x6c,0x65,0x63,
  0x74,0x72,0x6f,0x6e,0x76,0x6f,0x6c,0x74,0x20,0x69,0x73,0x20,0x31,0x2e,0x36,0x30,
  0x32,0x31,0x37,0x36,0x36,0x33,0x34,0x65,0x2d,0x31,0x39,0x20,0x6a,0x6f,0x75,0x6c,
  0x65,0x73,0x2e,0x0a,0x65,0x6c,0x65,0x6d,0x65,0x6e,0x74,0x61,0x72,0x79,0x01,0x2b,
  0x00,0x54,0x68,0x65,0x20,0x65,0x6c,0x65,0x6d,0x65,0x6e,0x74,0x61,0x72,0x79,0x20,
  0x63,0x68,0x61,0x72,0x67,0x65,0x20,0x69,0x73,0x20,0x31,0x2e,0x36,0x30,0x32,0x31,
  0x37,0x36,0x36,0x33,0x34,0x65,0x2d,0x31,0x39,0x20,0x43,0x2e,0x11,0x65,0x6c,0x65,
  0x6d,0x65,0x6e,0x74,0x61,0x72,0x79,0x20,0x63,0x68,0x61,0x72,0x67,0x65,0x01,0x2b,
  0x00,0x54,0x68,0x65,0x20,0x65,0x6c,0x65,0x6d,0x65,0x6e,0x74,0x61,0x72,0x79,0x20,
  0x63,0x68,0x61,0x72,0x67,0x65,0x20,0x69,0x73,0x20,0x31,0x2e,0x36,0x30,0x32,0x31,
  0x37,0x36,0x36,0x33,0x34,0x65,0x2d,0x31,0x39,0x20,0x43,0x2e,0x07,0x65,0x6d,0x69,
  0x74,0x74,0x65,0x72,0x01,0x51,0x00,0x41,0x20,0x63,0x6f,0x6e,0x64,0x75,0x63,0x74,
  0x69,0x6e,0x67,0x20,0x73,0x69,0x6c,0x69,0x63,0x6f,0x6e,0x20,0x74,0x72,0x61,0x6e,
  0x73,0x69,0x73,0x74,0x6f,0x72,0x20,0x68,0x61,0x73,0x20,0x61,0x20,0x62,0x61,0x73,
  0x65,0x20,0x74,0x6f,0x20,0x65,0x6d,0x69,0x74,0x74,0x65,0x72,0x20,0x76,0x6f,0x6c,
  0x74,0x61,0x67,0x65,0x20,0x6f,0x66,0x20,0x61,0x62,0x6f,0x75,0x74,0x20,0x30,0x2e,
  0x37,0x20,0x76,0x6f,0x6c,0x74,0x73,0x2e,0x06,0x65,0x6e,0x65,0x72,0x67,0x79,0x05,
  0x37,0x00,0x4b,0x69,0x6e,0x65,0x74,0x69,0x63,0x20,0x65,0x6e,0x65,0x72,0x67,0x79,
  0x20,0x65,0x71,0x75,0x61,0x6c,0x73,0x20,0x68,0x61,0x6c,0x66,0x20,0x6d,0x61,0x73,
  0x73,0x20,0x74,0x69,0x6d,0x65,0x73,0x20,0x76,0x65,0x6c,0x6f,0x63,0x69,0x74,0x79,
  0x20,0x73,0x71,0x75,0x61,0x72,0x65,0x64,0x2e,0x46,0x00,0x47,0x72,0x61,0x76,0x69,
  0x74,0x61,0x74,0x69,0x6f,0x6e,0x61,0x6c,0x20,0x70,0x6f,0x74,0x65,0x6e,0x74,0x69,
  0x61,0x6c,0x20,0x65,0x6e,0x65,0x72,0x67,0x79,0x20,0x65,0x71,0x75,0x61,0x6c,0x73,
  0x20,0x6d,0x61,0x73,0x73,0x20,0x74,0x69,0x6d,0x65,0x73,0x20,0x67,0x72,0x61,0x76,
  0x69,0x74,0x79,0x20,0x74,0x69,0x6d,0x65,0x73,0x20,0x68,0x65,0x69,0x67,0x68,0x74,
  0x2e,0x3a,0x00,0x45,0x6e,0x65,0x72,0x67,0x79,0x20,0x69,0x6e,0x20,0x61,0x20,0x63,
  0x61,0x70,0x61,0x63,0x69,0x74,0x6f,0x72,0x20,0x65,0x71,0x75,0x61,0x6c,0x73,0x20,
  0x68,0x61,0x6c,0x66,0x20,0x43,0x20,0x74,0x69,0x6d,0x65,0x73,0x20,0x76,0x6f,0x6c,
  0x74,0x61,0x67,0x65,0x20,0x73,0x71,0x75,0x61,0x72,0x65,0x64,0x2e,0x3a,0x00,0x45,
  0x6e,0x65,0x72,0x67,0x79,0x20,0x69,0x6e,0x20,0x61,0x6e,0x20,0x69,0x6e,0x64,0x75,
  0x63,0x74,0x6f,0x72,0x20,0x65,0x71,0x75,0x61,0x6c,0x73,0x20,0x68,0x61,0x6c,0x66,
  0x20,0x4c,0x20,0x74,0x69,0x6d,0x65,0x73,0x20,0x63,0x75,0x72,0x72,0x65,0x6e,0x74,
  0x20,0x73,0x71,0x75,0x61,0x72,0x65,0x64,0x2e,0x56,0x00,0x45,0x6e,0x65,0x72,0x67,
  0x79,0x20,0x73,0x74,0x6f,0x72,0x65,0x64,0x20,0x69,0x6e,0x20,0x61,0x20,0x73,0x70,
  0x72,0x69,0x6e,0x67,0x20,0x65,0x71,0x75,0x61,0x6c,0x73,0x20,0x68,0x61,0x6c,0x66,
  0x20,0x74,0x68,0x65,0x20,0x73,0x70,0x72,0x69,0x6e,0x67,0x20,0x63,0x6f,0x6e,0x73,
  0x74,0x61,0x6e,0x74,0x20,0x74,0x69,0x6d,0x65,0x73,0x20,0x74,0x68,0x65,0x20,0x65,
  0x78,0x74,0x65,0x6e,0x73,0x69,0x6f,0x6e,0x20,0x73,0x71,0x75,0x61,0x72,0x65,0x64,
  0x2e,0x08,0x65,0x71,0x75,0x61,0x74,0x69,0x6f,0x6e,0x01,0x5f,0x00,0x4f,0x6e,0x65,
  0x20,0x6f,0x76,0x65,0x72,0x20,0x74,0x68,0x65,0x20,0x66,0x6f,0x63,0x61,0x6c,0x20,
  0x6c,0x65,0x6e,0x67,0x74,0x68,0x20,0x65,0x71,0x75,0x61,0x6c,0x73,0x20,0x6f,0x6e,
  0x65,0x20,0x6f,0x76,0x65,0x72,0x20,0x74,0x68,0x65,0x20,0x6f,0x62,0x6a,0x65,0x63,
  0x74,0x20,0x64,0x69,0x73,0x74,0x61,0x6e,0x63,0x65,0x20,0x70,0x6c,0x75,0x73,0x20,
  0x6f,0x6e,0x65,0x20,0x6f,0x76,0x65,0x72,0x20,0x74,0x68,0x65,0x20,0x69,0x6d,0x61,
  0x67,0x65,0x20,0x64,0x69,0x73,0x74,0x61,0x6e,0x63,0x65,0x2e,0x05,0x65,0x73,0x70,
  0x33,0x32,0x01,0x2d,0x00,0x54,0x68,0x65,0x20,0x45,0x53,0x50,0x33,0x32,0x20,0x41,
  0x44,0x43,0x20,0x69,0x73,0x20,0x31,0x32,0x20,0x62,0x69,0x74,0x73,0x2c,0x20,0x67,
  0x69,0x76,0x69,0x6e,0x67,0x20,0x34,0x30,0x39,0x36,0x20,0x6c,0x65,0x76,0x65,0x6c,
  0x73,0x2e,0x09,0x65,0x73,0x70,0x33,0x32,0x20,0x61,0x64,0x63,0x01,0x2d,0x00,0x54,
  0x68,0x65,0x20,0x45,0x53,0x50,0x33,0x32,0x20,0x41,0x44,0x43,0x20,0x69,0x73,0x20,
  0x31,0x32,0x20,0x62,0x69,0x74,0x73,0x2c,0x20,0x67,0x69,0x76,0x69,0x6e,0x67,0x20,
  0x34,0x30,0x39,0x36,0x20,0x6c,0x65,0x76,0x65,0x6c,0x73,0x2e,0x08,0x65,0x73,0x70,
  0x33,0x32,0x20,0x73,0x33,0x01,0x3d,0x00,0x54,0x68,0x65,0x20,0x45,0x53,0x50,0x33,
  0x32,0x2d,0x53,0x33,0x20,0x69,0x73,0x20,0x61,0x20,0x64,0x75,0x61,0x6c,0x20,0x63,
  0x6f,0x72,0x65,0x20,0x58,0x74,0x65,0x6e,0x73,0x61,0x20,0x4c,0x58,0x37,0x20,0x72,
  0x75,0x6e,0x6e,0x69,0x6e,0x67,0x20,0x75,0x70,0x20,0x74,0x6f,0x20,0x32,0x34,0x30,
  0x20,0x4d,0x48,0x7a,0x2e,0x09,0x65,0x78,0x70,0x61,0x6e,0x73,0x69,0x6f,0x6e,0x01,
  0x6d,0x00,0x54,0x68,0x65,0x20,0x63,0x68,0x61,0x6e,0x67,0x65,0x20,0x69,0x6e,0x20,
  0x6c,0x65,0x6e,0x67,0x74,0x68,0x20,0x65,0x71,0x75,0x61,0x6c,0x73,0x20,0x74,0x68,
  0x65,0x20,0x65,0x78,0x70,0x61,0x6e,0x73,0x69,0x6f,0x6e,0x20,0x63,0x6f,0x65,0x66,
  0x66,0x69,0x63,0x69,0x65,0x6e,0x74,0x20,0x74,0x69,0x6d,0x65,0x73,0x20,0x74,0x68,
  0x65,0x20,0x6f,0x72,0x69,0x67,0x69,0x6e,0x61,0x6c,0x20,0x6c,0x65,0x6e,0x67,0x74,
  0x68,0x20,0x74,0x69,0x6d,0x65,0x73,0x20,0x74,0x68,0x65,0x20,0x74,0x65,0x6d,0x70,
  0x65,0x72,0x61,0x74,0x75,0x72,0x65,0x20,0x63,0x68,0x61,0x6e,0x67,0x65,0x2e,0x06,
  0x66,0x61,0x63,0x74,0x6f,0x72,0x01,0x39,0x00,0x50,0x6f,0x77,0x65,0x72,0x20,0x66,
  0x61,0x63,0x74,0x6f,0x72,0x20,0x65,0x71,0x75,0x61,0x6c,0x73,0x20,0x72,0x65,0x61,
  0x6c,0x20,0x70,0x6f,0x77,0x65,0x72,0x20,0x64,0x69,0x76,0x69,0x64,0x65,0x64,0x20,
  0x62,0x79,0x20,0x61,0x70,0x70,0x61,0x72,0x65,0x6e,0x74,0x20,0x70,0x6f,0x77,0x65,
  0x72,0x2e,0x0a,0x66,0x61,0x68,0x72,0x65,0x6e,0x68,0x65,0x69,0x74,0x01,0x37,0x00,
  0x46,0x61,0x68,0x72,0x65,0x6e,0x68,0x65,0x69,0x74,0x20,0x65,0x71,0x75,0x61,0x6c,
  0x73,0x20,0x43,0x65,0x6c,0x73,0x69,0x75,0x73,0x20,0x74,0x69,0x6d,0x65,0x73,0x20,
  0x39,0x20,0x64,0x69,0x76,0x69,0x64,0x65,0x64,0x20,0x62,0x79,0x20,0x35,0x20,0x70,
  0x6c,0x75,0x73,0x20,0x33,0x32,0x2e,0x05,0x66,0x61,0x72,0x61,0x64,0x01,0x22,0x00,
  0x4f,0x6e,0x65,0x20,0x66,0x61,0x72,0x61,0x64,0x20,0x69,0x73,0x20,0x6f,0x6e,0x65,
  0x20,0x63,0x6f,0x75,0x6c,0x6f,0x6d,0x62,0x20,0x70,0x65,0x72,0x20,0x76,0x6f,0x6c,
  0x74,0x2e,0x05,0x66,0x6c,0x61,0x73,0x68,0x01,0x4c,0x00,0x50,0x72,0x6f,0x67,0x72,
  0x61,0x6d,0x20,0x63,0x6f,0x64,0x65,0x20,0x69,0x73,0x20,0x73,0x74,0x6f,0x72,0x65,
  0x64,0x20,0x69,0x6e,0x20,0x66,0x6c,0x61,0x73,0x68,0x20,0x6d,0x65,0x6d,0x6f,0x72,
  0x79,0x20,0x61,0x6e,0x64,0x20,0x6b,0x65,0x65,0x70,0x73,0x20,0x69,0x74,0x73,0x20,
  0x63,0x6f,0x6e,0x74,0x65,0x6e,0x74,0x73,0x20,0x77,0x69,0x74,0x68,0x6f,0x75,0x74,
  0x20,0x70,0x6f,0x77,0x65,0x72,0x2e,0x04,0x66,0x6c,0x6f,0x77,0x01,0x63,0x00,0x48,
  0x65,0x61,0x74,0x20,0x66,0x6c,0x6f,0x77,0x20,0x65,0x71,0x75,0x61,0x6c,0x73,0x20,
  0x74,0x68,0x65,0x72,0x6d,0x61,0x6c,0x20,0x63,0x6f,0x6e,0x64,0x75,0x63,0x74,0x69,
  0x76,0x69,0x74,0x79,0x20,0x74,0x69,0x6d,0x65,0x73,0x20,0x61,0x72,0x65,0x61,0x20,
  0x74,0x69,0x6d,0x65,0x73,0x20,0x74,0x65,0x6d,0x70,0x65,0x72,0x61,0x74,0x75,0x72,
  0x65,0x20,0x64,0x69,0x66,0x66,0x65,0x72,0x65,0x6e,0x63,0x65,0x20,0x64,0x69,0x76,
  0x69,0x64,0x65,0x64,0x20,0x62,0x79,0x20,0x74,0x68,0x69,0x63,0x6b,0x6e,0x65,0x73,
  0x73,0x2e,0x08,0x66,0x6c,0x75,0x6f,0x72,0x69,0x6e,0x65,0x03,0x3f,0x00,0x46,0x6c,
  0x75,0x6f,0x72,0x69,0x6e,0x65,0x20,0x68,0x61,0x73,0x20,0x73,0x79,0x6d,0x62,0x6f,
  0x6c,0x20,0x46,0x2c,0x20,0x61,0x74,0x6f,0x6d,0x69,0x63,0x20,0x6e,0x75,0x6d,0x62,
  0x65,0x72,0x20,0x39,0x2c,0x20,0x61,0x6e,0x64,0x20,0x61,0x74,0x6f,0x6d,0x69,0x63,
  0x20,0x6d,0x61,0x73,0x73,0x20,0x31,0x38,0x2e,0x39,0x39,0x38,0x2e,0x38,0x00,0x54,
  0x68,0x65,0x20,0x61,0x74,0x6f,0x6d,0x69,0x63,0x20,0x6d,0x61,0x73,0x73,0x20,0x6f,
  0x66,0x20,0x66,0x6c,0x75,0x6f,0x72,0x69,0x6e,0x65,0x20,0x69,0x73,0x20,0x31,0x38,
  0x2e,0x39,0x39,0x38,0x20,0x61,0x74,0x6f,0x6d,0x69,0x63,0x20,0x6d,0x61,0x73,0x73,
  0x20,0x75,0x6e,0x69,0x74,0x73,0x2e,0x23,0x00,0x54,0x68,0x65,0x20,0x61,0x74,0x6f,
  0x6d,0x69,0x63,0x20,0x6e,0x75,0x6d,0x62,0x65,0x72,0x20,0x6f,0x66,0x20,0x66,0x6c,
  0x75,0x6f,0x72,0x69,0x6e,0x65,0x20,0x69,0x73,0x20,0x39,0x2e,0x0f,0x66,0x6c,0x75,
  0x6f,0x72,0x69,0x6e,0x65,0x20,0x61,0x74,0x6f,0x6d,0x69,0x63,0x02,0x38,0x00,0x54,
  0x68,0x65,0x20,0x61,0x74,0x6f,0x6d,0x69,0x63,0x20,0x6d,0x61,0x73,0x73,0x20,0x6f,
  0x66,0x20,0x66,0x6c,0x75,0x6f,0x72,0x69,0x6e,0x65,0x20,0x69,0x73,0x20,0x31,0x38,
  0x2e,0x39,0x39,0x38,0x20,0x61,0x74,0x6f,0x6d,0x69,0x63,0x20,0x6d,0x61,0x73,0x73,
  0x20,0x75,0x6e,0x69,0x74,0x73,0x2e,0x23,0x00,0x54,0x68,0x65,0x20,0x61,0x74,0x6f,
  0x6d,0x69,0x63,0x20,0x6e,0x75,0x6d,0x62,0x65,0x72,0x20,0x6f,0x66,0x20,0x66,0x6c,
  0x75,0x6f,0x72,0x69,0x6e,0x65,0x20,0x69,0x73,0x20,0x39,0x2e,0x14,0x66,0x6c,0x75,
  0x6f,0x72,0x69,0x6e,0x65,0x20,0x61,0x74,0x6f,0x6d,0x69,0x63,0x20,0x6d,0x61,0x73,
  0x73,0x01,0x38,0x00,0x54,0x68,0x65,0x20,0x61,0x74,0x6f,0x6d,0x69,0x63,0x20,0x6d,
  0x61,0x73,0x73,0x20,0x6f,0x66,0x20,0x66,0x6c,0x75,0x6f,0x72,0x69,0x6e,0x65,0x20,
  0x69,0x73,0x20,0x31,0x38,0x2e,0x39,0x39,0x38,0x20,0x61,0x74,0x6f,0x6d,0x69,0x63,
  0x20,0x6d,0x61,0x73,0x73,0x20,0x75,0x6e,0x69,0x74,0x73,0x2e,0x16,0x66,0x6c,0x75,
  0x6f,0x72,0x69,0x6e,0x65,0x20,0x61,0x74,0x6f,0x6d,0x69,0x63,0x20,0x6e,0x75,0x6d,
  0x62,0x65,0x72,0x01,0x23,0x00,0x54,0x68,0x65,0x20,0x61,0x74,0x6f,0x6d,0x69,0x63,
  0x20,0x6e,0x75,0x6d,0x62,0x65,0x72,0x20,0x6f,0x66,0x20,0x66,0x6c,0x75,0x6f,0x72,
  0x69,0x6e,0x65,0x20,0x69,0x73,0x20,0x39,0x2e,0x0d,0x66,0x6c,0x75,0x6f,0x72,0x69,
  0x6e,0x65,0x20,0x6d,0x61,0x73,0x73,0x01,0x38,0x00,0x54,0x68,0x65,0x20,0x61,0x74,
  0x6f,0x6d,0x69,0x63,0x20,0x6d,0x61,0x73,0x73,0x20,0x6f,0x66,0x20,0x66,0x6c,0x75,
  0x6f,0x72,0x69,0x6e,0x65,0x20,0x69,0x73,0x20,0x31,0x38,0x2e,0x39,0x39,0x38,0x20,
  0x61,0x74,0x6f,0x6d,0x69,0x63,0x20,0x6d,0x61,0x73,0x73,0x20,0x75,0x6e,0x69,0x74,
  0x73,0x2e,0x0f,0x66,0x6c,0x75,0x6f,0x72,0x69,0x6e,0x65,0x20,0x6e,0x75,0x6d,0x62,
  0x65,0x72,0x01,0x23,0x00,0x54,0x68,0x65,0x20,0x61,0x74,0x6f,0x6d,0x69,0x63,0x20,
  0x6e,0x75,0x6d,0x62,0x65,0x72,0x20,0x6f,0x66,0x20,0x66,0x6c,0x75,0x6f,0x72,0x69,
  0x6e,0x65,0x20,0x69,0x73,0x20,0x39,0x2e,0x08,0x66,0x6f,0x6c,0x6c,0x6f,0x77,0x65,
  0x72,0x01,0x43,0x00,0x41,0x20,0x76,0x6f,0x6c,0x74,0x61,0x67,0x65,0x20,0x66,0x6f,
  0x6c,0x6c,0x6f,0x77,0x65,0x72,0x20,0x68,0x61,0x73,0x20,0x61,0x20,0x67,0x61,0x69,
  0x6e,0x20,0x6f,0x66,0x20,0x31,0x20,0x61,0x6e,0x64,0x20,0x61,0x20,0x76,0x65,0x72,
  0x79,0x20,0x68,0x69,0x67,0x68,0x20,0x69,0x6e,0x70,0x75,0x74,0x20,0x69,0x6d,0x70,
  0x65,0x64,0x61,0x6e,0x63,0x65,0x2e,0x04,0x66,0x6f,0x6f,0x74,0x01,0x1a,0x00,0x4f,
  0x6e,0x65,0x20,0x66,0x6f,0x6f,0x74,0x20,0x69,0x73,0x20,0x30,0x2e,0x33,0x30,0x34,
  0x38,0x20,0x6d,0x65,0x74,0x72,0x65,0x73,0x2e,0x05,0x66,0x6f,0x72,0x63,0x65,0x06,
  0x25,0x00,0x46,0x6f,0x72,0x63,0x65,0x20,0x65,0x71,0x75,0x61,0x6c,0x73,0x20,0x6d,
  0x61,0x73,0x73,0x20,0x74,0x69,0x6d,0x65,0x73,0x20,0x61,0x63,0x63,0x65,0x6c,0x65,
  0x72,0x61,0x74,0x69,0x6f,0x6e,0x2e,0x21,0x00,0x57,0x6f,0x72,0x6b,0x20,0x65,0x71,
  0x75,0x61,0x6c,0x73,0x20,0x66,0x6f,0x72,0x63,0x65,0x20,0x74,0x69,0x6d,0x65,0x73,
  0x20,0x64,0x69,0x73,0x74,0x61,0x6e,0x63,0x65,0x2e,0x26,0x00,0x50,0x72,0x65,0x73,
  0x73,0x75,0x72,0x65,0x20,0x65,0x71,0x75,0x61,0x6c,0x73,0x20,0x66,0x6f,0x72,0x63,
  0x65,0x20,0x64,0x69,0x76,0x69,0x64,0x65,0x64,0x20,0x62,0x79,0x20,0x61,0x72,0x65,
  0x61,0x2e,0x5d,0x00,0x54,0x68,0x65,0x20,0x66,0x6f,0x72,0x63,0x65,0x20,0x6f,0x6e,
  0x20,0x61,0x20,0x63,0x75,0x72,0x72,0x65,0x6e,0x74,0x2d,0x63,0x61,0x72,0x72,0x79,
  0x69,0x6e,0x67,0x20,0x77,0x69,0x72,0x65,0x20,0x65,0x71,0x75,0x61,0x6c,0x73,0x20,
  0x6d,0x61,0x67,0x6e,0x65,0x74,0x69,0x63,0x20,0x66,0x6c,0x75,0x78,0x20,0x64,0x65,
  0x6e,0x73,0x69,0x74,0x79,0x20,0x74,0x69,0x6d,0x65,0x73,0x20,0x63,0x75,0x72,0x72,
  0x65,0x6e,0x74,0x20,0x74,0x69,0x6d,0x65,0x73,0x20,0x6c,0x65,0x6e,0x67,0x74,0x68,
  0x2e,0x3c,0x00,0x53,0x70,0x72,0x69,0x6e,0x67,0x20,0x66,0x6f,0x72,0x63,0x65,0x20,
  0x65,0x71,0x75,0x61,0x6c,0x73,0x20,0x74,0x68,0x65,0x20,0x73,0x70,0x72,0x69,0x6e,
  0x67,0x20,0x63,0x6f,0x6e,0x73,0x74,0x61,0x6e,0x74,0x20,0x74,0x69,0x6d,0x65,0x73,
  0x20,0x74,0x68,0x65,0x20,0x65,0x78,0x74,0x65,0x6e,0x73,0x69,0x6f,0x6e,0x2e,0x4b,
  0x00,0x43,0x65,0x6e,0x74,0x72,0x69,0x70,0x65,0x74,0x61,0x6c,0x20,0x66,0x6f,0x72,
  0x63,0x65,0x20,0x65,0x71,0x75,0x61,0x6c,0x73,0x20,0x6d,0x61,0x73,0x73,0x20,0x74,
  0x69,0x6d,0x65,0x73,0x20,0x76,0x65,0x6c,0x6f,0x63,0x69,0x74,0x79,0x20,0x73,0x71,
  0x75,0x61,0x72,0x65,0x64,0x20,0x64,0x69,0x76,0x69,0x64,0x65,0x64,0x20,0x62,0x79,
  0x20,0x74,0x68,0x65,0x20,0x72,0x61,0x64,0x69,0x75,0x73,0x2e,0x07,0x66,0x6f,0x72,
  0x6d,0x75,0x6c,0x61,0x01,0x4b,0x00,0x48,0x65,0x61,0x74,0x20,0x65,0x71,0x75,0x61,
  0x6c,0x73,0x20,0x6d,0x61,0x73,0x73,0x20,0x74,0x69,0x6d,0x65,0x73,0x20,0x73,0x70,
  0x65,0x63,0x69,0x66,0x69,0x63,0x20,0x68,0x65,0x61,0x74,0x20,0x63,0x61,0x70,0x61,
  0x63,0x69,0x74,0x79,0x20,0x74,0x69,0x6d,0x65,0x73,0x20,0x74,0x68,0x65,0x20,0x74,
  0x65,0x6d,0x70,0x65,0x72,0x61,0x74,0x75,0x72,0x65,0x20,0x63,0x68,0x61,0x6e,0x67,
  0x65,0x2e,0x07,0x66,0x6f,0x72,0x77,0x61,0x72,0x64,0x02,0x3e,0x00,0x41,0x20,0x73,
  0x69,0x6c,0x69,0x63,0x6f,0x6e,0x20,0x64,0x69,0x6f,0x64,0x65,0x20,0x68,0x61,0x73,
  0x20,0x61,0x20,0x66,0x6f,0x72,0x77,0x61,0x72,0x64,0x20,0x76,0x6f,0x6c,0x74,0x61,
  0x67,0x65,0x20,0x64,0x72,0x6f,0x70,0x20,0x6f,0x66,0x20,0x61,0x62,0x6f,0x75,0x74,
  0x20,0x30,0x2e,0x37,0x20,0x76,0x6f,0x6c,0x74,0x73,0x2e,0x33,0x00,0x41,0x20,0x72,
  0x65,0x64,0x20,0x4c,0x45,0x44,0x20,0x68,0x61,0x73,0x20,0x61,0x20,0x66,0x6f,0x72,
  0x77,0x61,0x72,0x64,0x20,0x76,0x6f,0x6c,0x74,0x61,0x67,0x65,0x20,0x6f,0x66,0x20,
  0x61,0x62,0x6f,0x75,0x74,0x20,0x31,0x2e,0x38,0x20,0x76,0x6f,0x6c,0x74,0x73,0x2e,
  0x0f,0x66,0x6f,0x72,0x77,0x61,0x72,0x64,0x20,0x76,0x6f,0x6c,0x74,0x61,0x67,0x65,
  0x02,0x3e,0x00,0x41,0x20,0x73,0x69,0x6c,0x69,0x63,0x6f,0x6e,0x20,0x64,0x69,0x6f,
  0x64,0x65,0x20,0x68,0x61,0x73,0x20,0x61,0x20,0x66,0x6f,0x72,0x77,0x61,0x72,0x64,
  0x20,0x76,0x6f,0x6c,0x74,0x61,0x67,0x65,0x20,0x64,0x72,0x6f,0x70,0x20,0x6f,0x66,
  0x20,0x61,0x62,0x6f,0x75,0x74,0x20,0x30,0x2e,0x37,0x20,0x76,0x6f,0x6c,0x74,0x73,
  0x2e,0x33,0x00,0x41,0x20,0x72,0x65,0x64,0x20,0x4c,0x45,0x44,0x20,0x68,0x61,0x73,
  0x20,0x61,0x20,0x66,0x6f,0x72,0x77,0x61,0x72,0x64,0x20,0x76,0x6f,0x6c,0x74,0x61,
  0x67,0x65,0x20,0x6f,0x66,0x20,0x61,0x62,0x6f,0x75,0x74,0x20,0x31,0x2e,0x38,0x20,
  0x76,0x6f,0x6c,0x74,0x73,0x2e,0x08,0x66,0x72,0x65,0x65,0x7a,0x69,0x6e,0x67,0x01,
  0x44,0x00,0x57,0x61,0x74,0x65,0x72,0x20,0x66,0x72,0x65,0x65,0x7a,0x65,0x73,0x20,
  0x61,0x74,0x20,0x30,0x20,0x64,0x65,0x67,0x72,0x65,0x65,0x73,0x20,0x43,0x65,0x6c,
  0x73,0x69,0x75,0x73,0x20,0x61,0x74,0x20,0x73,0x74,0x61,0x6e,0x64,0x61,0x72,0x64,
  0x20,0x61,0x74,0x6d,0x6f,0x73,0x70,0x68,0x65,0x72,0x69,0x63,0x20,0x70,0x72,0x65,
  0x73,0x73,0x75,0x72,0x65,0x2e,0x09,0x66,0x72,0x65,0x71,0x75,0x65,0x6e,0x63,0x79,
  0x06,0x32,0x00,0x43,0x61,0x70,0x61,0x63,0x69,0x74,0x69,0x76,0x65,0x20,0x72,0x65,
  0x61,0x63,0x74,0x61,0x6e,0x63,0x65,0x20,0x65,0x71,0x75,0x61,0x6c,0x73,0x20,0x31,
  0x20,0x64,0x69,0x76,0x69,0x64,0x65,0x64,0x20,0x62,0x79,0x20,0x32,0x20,0x70,0x69,
  0x20,0x66,0x20,0x43,0x2e,0x24,0x00,0x49,0x6e,0x64,0x75,0x63,0x74,0x69,0x76,0x65,
  0x20,0x72,0x65,0x61,0x63,0x74,0x61,0x6e,0x63,0x65,0x20,0x65,0x71,0x75,0x61,0x6c,
  0x73,0x20,0x32,0x20,0x70,0x69,0x20,0x66,0x20,0x4c,0x2e,0x4f,0x00,0x52,0x65,0x73,
  0x6f,0x6e,0x61,0x6e,0x74,0x20,0x66,0x72,0x65,0x71,0x75,0x65,0x6e,0x63,0x79,0x20,
  0x65,0x71,0x75,0x61,0x6c,0x73,0x20,0x31,0x20,0x64,0x69,0x76,0x69,0x64,0x65,0x64,
  0x20,0x62,0x79,0x20,0x32,0x20,0x70,0x69,0x20,0x74,0x69,0x6d,0x65,0x73,0x20,0x74,
  0x68,0x65,0x20,0x73,0x71,0x75,0x61,0x72,0x65,0x20,0x72,0x6f,0x6f,0x74,0x20,0x6f,
  0x66,0x20,0x4c,0x20,0x74,0x69,0x6d,0x65,0x73,0x20,0x43,0x2e,0x2d,0x00,0x57,0x61,
  0x76,0x65,0x20,0x73,0x70,0x65,0x65,0x64,0x20,0x65,0x71,0x75,0x61,0x6c,0x73,0x20,
  0x66,0x72,0x65,0x71,0x75,0x65,0x6e,0x63,0x79,0x20,0x74,0x69,0x6d,0x65,0x73,0x20,
  0x77,0x61,0x76,0x65,0x6c,0x65,0x6e,0x67,0x74,0x68,0x2e,0x29,0x00,0x46,0x72,0x65,
  0x71,0x75,0x65,0x6e,0x63,0x79,0x20,0x65,0x71,0x75,0x61,0x6c,0x73,0x20,0x31,0x20,
  0x64,0x69,0x76,0x69,0x64,0x65,0x64,0x20,0x62,0x79,0x20,0x74,0x68,0x65,0x20,0x70,
  0x65,0x72,0x69,0x6f,0x64,0x2e,0x32,0x00,0x41,0x6e,0x67,0x75,0x6c,0x61,0x72,0x20,
  0x66,0x72,0x65,0x71,0x75,0x65,0x6e,0x63,0x79,0x20,0x65,0x71,0x75,0x61,0x6c,0x73,
  0x20,0x32,0x20,0x70,0x69,0x20,0x74,0x69,0x6d,0x65,0x73,0x20,0x74,0x68,0x65,0x20,
  0x66,0x72,0x65,0x71,0x75,0x65,0x6e,0x63,0x79,0x2e,0x10,0x66,0x72,0x65,0x71,0x75,
  0x65,0x6e,0x63,0x79,0x20,0x70,0x65,0x72,0x69,0x6f,0x64,0x01,0x29,0x00,0x46,0x72,
  0x65,0x71,0x75,0x65,0x6e,0x63,0x79,0x20,0x65,0x71,0x75,0x61,0x6c,0x73,0x20,0x31,
  0x20,0x64,0x69,0x76,0x69,0x64,0x65,0x64,0x20,0x62,0x79,0x20,0x74,0x68,0x65,0x20,
  0x70,0x65,0x72,0x69,0x6f,0x64,0x2e,0x08,0x66,0x72,0x69,0x63,0x74,0x69,0x6f,0x6e,
  0x01,0x49,0x00,0x46,0x72,0x69,0x63,0x74,0x69,0x6f,0x6e,0x20,0x66,0x6f,0x72,0x63,
  0x65,0x20,0x65,0x71,0x75,0x61,0x6c,0x73,0x20,0x74,0x68,0x65,0x20,0x63,0x6f,0x65,
  0x66,0x66,0x69,0x63,0x69,0x65,0x6e,0x74,0x20,0x6f,0x66,0x20,0x66,0x72,0x69,0x63,
  0x74,0x69,0x6f,0x6e,0x20,0x74,0x69,0x6d,0x65,0x73,0x20,0x74,0x68,0x65,0x20,0x6e,
  0x6f,0x72,0x6d,0x61,0x6c,0x20,0x66,0x6f,0x72,0x63,0x65,0x2e,0x06,0x66,0x75,0x73,
  0x69,0x6f,0x6e,0x01,0x36,0x00,0x4d,0x65,0x6c,0x74,0x69,0x6e,0x67,0x20,0x6f,0x6e,
  0x65,0x20,0x6b,0x69,0x6c,0x6f,0x67,0x72,0x61,0x6d,0x20,0x6f,0x66,0x20,0x69,0x63,
  0x65,0x20,0x74,0x61,0x6b,0x65,0x73,0x20,0x61,0x62,0x6f,0x75,0x74,0x20,0x33,0x33,
  0x34,0x30,0x30,0x30,0x20,0x6a,0x6f,0x75,0x6c,0x65,0x73,0x2e,0x04,0x67,0x61,0x69,
  0x6e,0x04,0x66,0x00,0x46,0x6f,0x72,0x20,0x61,0x6e,0x20,0x69,0x6e,0x76,0x65,0x72,
  0x74,0x69,0x6e,0x67,0x20,0x61,0x6d,0x70,0x6c,0x69,0x66,0x69,0x65,0x72,0x2c,0x20,
  0x67,0x61,0x69,0x6e,0x20,0x65,0x71,0x75,0x61,0x6c,0x73,0x20,0x6d,0x69,0x6e,0x75,
  0x73,0x20,0x74,0x68,0x65,0x20,0x66,0x65,0x65,0x64,0x62,0x61,0x63,0x6b,0x20,0x72,
  0x65,0x73,0x69,0x73,0x74,0x61,0x6e,0x63,0x65,0x20,0x64,0x69,0x76,0x69,0x64,0x65,
  0x64,0x20,0x62,0x79,0x20,0x74,0x68,0x65,0x20,0x69,0x6e,0x70,0x75,0x74,0x20,0x72,
  0x65,0x73,0x69,0x73,0x74,0x61,0x6e,0x63,0x65,0x2e,0x6b,0x00,0x46,0x6f,0x72,0x20,
  0x61,0x20,0x6e,0x6f,0x6e,0x2d,0x69,0x6e,0x76,0x65,0x72,0x74,0x69,0x6e,0x67,0x20,
  0x61,0x6d,0x70,0x6c,0x69,0x66,0x69,0x65,0x72,0x2c,0x20,0x67,0x61,0x69,0x6e,0x20,
  0x65,0x71,0x75,0x61,0x6c,0x73,0x20,0x31,0x20,0x70,0x6c,0x75,0x73,0x20,0x74,0x68,
  0x65,0x20,0x66,0x65,0x65,0x64,0x62,0x61,0x63,0x6b,0x20,0x72,0x65,0x73,0x69,0x73,
  0x74,0x61,0x6e,0x63,0x65,0x20,0x64,0x69,0x76,0x69,0x64,0x65,0x64,0x20,0x62,0x79,
  0x20,0x74,0x68,0x65,0x20,0x67,0x72,0x6f,0x75,0x6e,0x64,0x20,0x72,0x65,0x73,0x69,
  0x73,0x74,0x61,0x6e,0x63,0x65,0x2e,0x3a,0x00,0x47,0x61,0x69,0x6e,0x20,0x69,0x6e,
  0x20,0x64,0x65,0x63,0x69,0x62,0x65,0x6c,0x73,0x20,0x69,0x73,0x20,0x32,0x30,0x20,
  0x74,0x69,0x6d,0x65,0x73,0x20,0x74,0x68,0x65,0x20,0x6c,0x6f,0x67,0x20,0x6f,0x66,
  0x20,0x74,0x68,0x65,0x20,0x76,0x6f,0x6c,0x74,0x61,0x67,0x65,0x20,0x72,0x61,0x74,
  0x69,0x6f,0x2e,0x4a,0x00,0x49,0x6e,0x20,0x61,0x20,0x62,0x69,0x70,0x6f,0x6c,0x61,
  0x72,0x20,0x74,0x72,0x61,0x6e,0x73,0x69,0x73,0x74,0x6f,0x72,0x2c,0x20,0x63,0x6f,
  0x6c,0x6c,0x65,0x63,0x74,0x6f,0x72,0x20,0x63,0x75,0x72,0x72,0x65,0x6e,0x74,0x20,
  0x65,0x71,0x75,0x61,0x6c,0x73,0x20,0x62,0x65,0x74,0x61,0x20,0x74,0x69,0x6d,0x65,
  0x73,0x20,0x62,0x61,0x73,0x65,0x20,0x63,0x75,0x72,0x72,0x65,0x6e,0x74,0x2e,0x07,
  0x67,0x61,0x6c,0x6c,0x69,0x75,0x6d,0x03,0x40,0x00,0x47,0x61,0x6c,0x6c,0x69,0x75,
  0x6d,0x20,0x68,0x61,0x73,0x20,0x73,0x79,0x6d,0x62,0x6f,0x6c,0x20,0x47,0x61,0x2c,
  0x20,0x61,0x74,0x6f,0x6d,0x69,0x63,0x20,0x6e,0x75,0x6d,0x62,0x65,0x72,0x20,0x33,
  0x31,0x2c,0x20,0x61,0x6e,0x64,0x20,0x61,0x74,0x6f,0x6d,0x69,0x63,0x20,0x6d,0x61,
  0x73,0x73,0x20,0x36,0x39,0x2e,0x37,0x32,0x33,0x2e,0x37,0x00,0x54,0x68,0x65,0x20,
  0x61,0x74,0x6f,0x6d,0x69,0x63,0x20,0x6d,0x61,0x73,0x73,0x20,0x6f,0x66,0x20,0x67,
  0x61,0x6c,0x6c,0x69,0x75,0x6d,0x20,0x69,0x73,0x20,0x36,0x39,0x2e,0x37,0x32,0x33,
  0x20,0x61,0x74,0x6f,0x6d,0x69,0x63,0x20,0x6d,0x61,0x73,0x73,0x20,0x75,0x6e,0x69,
  0x74,0x73,0x2e,0x23,0x00,0x54,0x68,0x65,0x20,0x61,0x74,0x6f,0x6d,0x69,0x63,0x20,
  0x6e,0x75,0x6d,0x62,0x65,0x72,0x20,0x6f,0x66,0x20,0x67,0x61,0x6c,0x6c,0x69,0x75,
  0x6d,0x20,0x69,0x73,0x20,0x33,0x31,0x2e,0x0e,0x67,0x61,0x6c,0x6c,0x69,0x75,0x6d,
  0x20,0x61,0x74,0x6f,0x6d,0x69,0x63,0x02,0x37,0x00,0x54,0x68,0x65,0x20,0x61,0x74,
  0x6f,0x6d,0x69,0x63,0x20,0x6d,0x61,0x73,0x73,0x20,0x6f,0x66,0x20,0x67,0x61,0x6c,
  0x6c,0x69,0x75,0x6d,0x20,0x69,0x73,0x20,0x36,0x39,0x2e,0x37,0x32,0x33,0x20,0x61,
  0x74,0x6f,0x6d,0x69,0x63,0x20,0x6d,0x61,0x73,0x73,0x20,0x75,0x6e,0x69,0x74,0x73,
  0x2e,0x23,0x00,0x54,0x68,0x65,0x20,0x61,0x74,0x6f,0x6d,0x69,0x63,0x20,0x6e,0x75,
  0x6d,0x62,0x65,0x72,0x20,0x6f,0x66,0x20,0x67,0x61,0x6c,0x6c,0x69,0x75,0x6d,0x20,
  0x69,0x73,0x20,0x33,0x31,0x2e,0x13,0x67,0x61,0x6c,0x6c,0x69,0x75,0x6d,0x20,0x61,
  0x74,0x6f,0x6d,0x69,0x63,0x20,0x6d,0x61,0x73,0x73,0x01,0x37,0x00,0x54,0x68,0x65,
  0x20,0x61,0x74,0x6f,0x6d,0x69,0x63,0x20,0x6d,0x61,0x73,0x73,0x20,0x6f,0x66,0x20,
  0x67,0x61,0x6c,0x6c,0x69,0x75,0x6d,0x20,0x69,0x73,0x20,0x36,0x39,0x2e,0x37,0x32,
  0x33,0x20,0x61,0x74,0x6f,0x6d,0x69,0x63,0x20,0x6d,0x61,0x73,0x73,0x20,0x75,0x6e,
  0x69,0x74,0x73,0x2e,0x15,0x67,0x61,0x6c,0x6c,0x69,0x75,0x6d,0x20,0x61,0x74,0x6f,
  0x6d,0x69,0x63,0x20,0x6e,0x75,0x6d,0x62,0x65,0x72,0x01,0x23,0x00,0x54,0x68,0x65,
  0x20,0x61,0x74,0x6f,0x6d,0x69,0x63,0x20,0x6e,0x75,0x6d,0x62,0x65,0x72,0x20,0x6f,
  0x66,0x20,0x67,0x61,0x6c,0x6c,0x69,0x75,0x6d,0x20,0x69,0x73,0x20,0x33,0x31,0x2e,
  0x0c,0x67,0x61,0x6c,0x6c,0x69,0x75,0x6d,0x20,0x6d,0x61,0x73,0x73,0x01,0x37,0x00,
  0x54,0x68,0x65,0x20,0x61,0x74,0x6f,0x6d,0x69,0x63,0x20,0x6d,0x61,0x73,0x73,0x20,
  0x6f,0x66,0x20,0x67,0x61,0x6c,0x6c,0x69,0x75,0x6d,0x20,0x69,0x73,0x20,0x36,0x39,
  0x2e,0x37,0x32,0x33,0x20,0x61,0x74,0x6f,0x6d,0x69,0x63,0x20,0x6d,0x61,0x73,0x73,
  0x20,0x75,0x6e,0x69,0x74,0x73,0x2e,0x0e,0x67,0x61,0x6c,0x6c,0x69,0x75,0x6d,0x20,
  0x6e,0x75,0x6d,0x62,0x65,0x72,0x01,0x23,0x00,0x54,0x68,0x65,0x20,0x61,0x74,0x6f,
  0x6d,0x69,0x63,0x20,0x6e,0x75,0x6d,0x62,0x65,0x72,0x20,0x6f,0x66,0x20,0x67,0x61,
  0x6c,0x6c,0x69,0x75,0x6d,0x20,0x69,0x73,0x20,0x33,0x31,0x2e,0x06,0x67,0x61,0x6c,
  0x6c,0x6f,0x6e,0x01,0x24,0x00,0x4f,0x6e,0x65,0x20,0x55,0x53,0x20,0x67,0x61,0x6c,
  0x6c,0x6f,0x6e,0x20,0x69,0x73,0x20,0x33,0x2e,0x37,0x38,0x35,0x34,0x31,0x31,0x37,
  0x38,0x34,0x20,0x6c,0x69,0x74,0x72,0x65,0x73,0x2e,0x03,0x67,0x61,0x73,0x02,0x30,
  0x00,0x54,0x68,0x65,0x20,0x6d,0x6f,0x6c,0x61,0x72,0x20,0x67,0x61,0x73,0x20,0x63,
  0x6f,0x6e,0x73,0x74,0x61,0x6e,0x74,0x20,0x69,0x73,0x20,0x38,0x2e,0x33,0x31,0x34,
  0x34,0x36,0x32,0x36,0x31,0x38,0x20,0x4a,0x2f,0x28,0x6d,0x6f,0x6c,0x20,0x4b,0x29,
  0x2e,0x5a,0x00,0x50,0x72,0x65,0x73,0x73,0x75,0x72,0x65,0x20,0x74,0x69,0x6d,0x65,
  0x73,0x20,0x76,0x6f,0x6c,0x75,0x6d,0x65,0x20,0x65,0x71,0x75,0x61,0x6c,0x73,0x20,
  0x74,0x68,0x65,0x20,0x6e,0x75,0x6d,0x62,0x65,0x72,0x20,0x6f,0x66,0x20,0x6d,0x6f,
  0x6c,0x65,0x73,0x20,0x74,0x69,0x6d,0x65,0x73,0x20,0x74,0x68,0x65,0x20,0x67,0x61,
  0x73,0x20,0x63,0x6f,0x6e,0x73,0x74,0x61,0x6e,0x74,0x20,0x74,0x69,0x6d,0x65,0x73,
  0x20,0x74,0x65,0x6d,0x70,0x65,0x72,0x61,0x74,0x75,0x72,0x65,0x2e,0x0c,0x67,0x61,
  0x73,0x20,0x63,0x6f,0x6e,0x73,0x74,0x61,0x6e,0x74,0x01,0x30,0x00,0x54,0x68,0x65,
  0x20,0x6d,0x6f,0x6c,0x61,0x72,0x20,0x67,0x61,0x73,0x20,0x63,0x6f,0x6e,0x73,0x74,
  0x61,0x6e,0x74,0x20,0x69,0x73,0x20,0x38,0x2e,0x33,0x31,0x34,0x34,0x36,0x32,0x36,
  0x31,0x38,0x20,0x4a,0x2f,0x28,0x6d,0x6f,0x6c,0x20,0x4b,0x29,0x2e,0x07,0x67,0x61,
  0x73,0x20,0x6c,0x61,0x77,0x01,0x5a,0x00,0x50,0x72,0x65,0x73,0x73,0x75,0x72,0x65,
  0x20,0x74,0x69,0x6d,0x65,0x73,0x20,0x76,0x6f,0x6c,0x75,0x6d,0x65,0x20,0x65,0x71,
  0x75,0x61,0x6c,0x73,0x20,0x74,0x68,0x65,0x20,0x6e,0x75,0x6d,0x62,0x65,0x72,0x20,
  0x6f,0x66,0x20,0x6d,0x6f,0x6c,0x65,0x73,0x20,0x74,0x69,0x6d,0x65,0x73,0x20,0x74,
  0x68,0x65,0x20,0x67,0x61,0x73,0x20,0x63,0x6f,0x6e,0x73,0x74,0x61,0x6e,0x74,0x20,
  0x74,0x69,0x6d,0x65,0x73,0x20,0x74,0x65,0x6d,0x70,0x65,0x72,0x61,0x74,0x75,0x72,
  0x65,0x2e,0x04,0x67,0x61,0x74,0x65,0x01,0x4b,0x00,0x41,0x20,0x4d,0x4f,0x53,0x46,
  0x45,0x54,0x20,0x69,0x73,0x20,0x76,0x6f,0x6c,0x74,0x61,0x67,0x65,0x20,0x63,0x6f,
  0x6e,0x74,0x72,0x6f,0x6c,0x6c,0x65,0x64,0x20,0x61,0x6e,0x64,0x20,0x69,0x74,0x73,
  0x20,0x67,0x61,0x74,0x65,0x20,0x64,0x72,0x61,0x77,0x73,0x20,0x61,0x6c,0x6d,0x6f,
  0x73,0x74,0x20,0x6e,0x6f,0x20,0x73,0x74,0x65,0x61,0x64,0x79,0x20,0x63,0x75,0x72,
  0x72,0x65,0x6e,0x74,0x2e,0x04,0x67,0x65,0x61,0x72,0x01,0x53,0x00,0x54,0x68,0x65,
  0x20,0x67,0x65,0x61,0x72,0x20,0x72,0x61,0x74,0x69,0x6f,0x20,0x65,0x71,0x75,0x61,
  0x6c,0x73,0x20,0x74,0x68,0x65,0x20,0x6e,0x75,0x6d,0x62,0x65,0x72,0x20,0x6f,0x66,
  0x20,0x74,0x65,0x65,0x74,0x68,0x20,0x6f,0x6e,0x20,0x74,0x68,0x65,0x20,0x64,0x72,
  0x69,0x76,0x65,0x6e,0x20,0x67,0x65,0x61,0x72,0x20,0x64,0x69,0x76,0x69,0x64,0x65,
  0x64,0x20,0x62,0x79,0x20,0x74,0x68,0x65,0x20,0x64,0x72,0x69,0x76,0x65,0x72,0x2e,
  0x0a,0x67,0x65,0x61,0x72,0x20,0x72,0x61,0x74,0x69,0x6f,0x01,0x53,0x00,0x54,0x68,
  0x65,0x20,0x67,0x65,0x61,0x72,0x20,0x72,0x61,0x74,0x69,0x6f,0x20,0x65,0x71,0x75,
  0x61,0x6c,0x73,0x20,0x74,0x68,0x65,0x20,0x6e,0x75,0x6d,0x62,0x65,0x72,0x20,0x6f,
  0x66,0x20,0x74,0x65,0x65,0x74,0x68,0x20,0x6f,0x6e,0x20,0x74,0x68,0x65,0x20,0x64,
  0x72,0x69,0x76,0x65,0x6e,0x20,0x67,0x65,0x61,0x72,0x20,0x64,0x69,0x76,0x69,0x64,
  0x65,0x64,0x20,0x62,0x79,0x20,0x74,0x68,0x65,0x20,0x64,0x72,0x69,0x76,0x65,0x72,
  0x2e,0x09,0x67,0x65,0x72,0x6d,0x61,0x6e,0x69,0x75,0x6d,0x03,0x41,0x00,0x47,0x65,
  0x72,0x6d,0x61,0x6e,0x69,0x75,0x6d,0x20,0x68,0x61,0x73,0x20,0x73,0x79,0x6d,0x62,
  0x6f,0x6c,0x20,0x47,0x65,0x2c,0x20,0x61,0x74,0x6f,0x6d,0x69,0x63,0x20,0x6e,0x75,
  0x6d,0x62,0x65,0x72,0x20,0x33,0x32,0x2c,0x20,0x61,0x6e,0x64,0x20,0x61,0x74,0x6f,
  0x6d,0x69,0x63,0x20,0x6d,0x61,0x73,0x73,0x20,0x37,0x32,0x2e,0x36,0x33,0x2e,0x38,
  0x00,0x54,0x68,0x65,0x20,0x61,0x74,0x6f,0x6d,0x69,0x63,0x20,0x6d,0x61,0x73,0x73,
  0x20,0x6f,0x66,0x20,0x67,0x65,0x72,0x6d,0x61,0x6e,0x69,0x75,0x6d,0x20,0x69,0x73,
  0x20,0x37,0x32,0x2e,0x36,0x33,0x20,0x61,0x74,0x6f,0x6d,0x69,0x63,0x20,0x6d,0x61,
  0x73,0x73,0x20,0x75,0x6e,0x69,0x74,0x73,0x2e,0x25,0x00,0x54,0x68,0x65,0x20,0x61,
  0x74,0x6f,0x6d,0x69,0x63,0x20,0x6e,0x75,0x6d,0x62,0x65,0x72,0x20,0x6f,0x66,0x20,
  0x67,0x65,0x72,0x6d,0x61,0x6e,0x69,0x75,0x6d,0x20,0x69,0x73,0x20,0x33,0x32,0x2e,
  0x10,0x67,0x65,0x72,0x6d,0x61,0x6e,0x69,0x75,0x6d,0x20,0x61,0x74,0x6f,0x6d,0x69,
  0x63,0x02,0x38,0x00,0x54,0x68,0x65,0x20,0x61,0x74,0x6f,0x6d,0x69,0x63,0x20,0x6d,
  0x61,0x73,0x73,0x20,0x6f,0x66,0x20,0x67,0x65,0x72,0x6d,0x61,0x6e,0x69,0x75,0x6d,
  0x20,0x69,0x73,0x20,0x37,0x32,0x2e,0x36,0x33,0x20,0x61,0x74,0x6f,0x6d,0x69,0x63,
  0x20,0x6d,0x61,0x73,0x73,0x20,0x75,0x6e,0x69,0x74,0x73,0x2e,0x25,0x00,0x54,0x68,
  0x65,0x20,0x61,0x74,0x6f,0x6d,0x69,0x63,0x20,0x6e,0x75,0x6d,0x62,0x65,0x72,0x20,
  0x6f,0x66,0x20,0x67,0x65,0x72,0x6d,0x61,0x6e,0x69,0x75,0x6d,0x20,0x69,0x73,0x20,
  0x33,0x32,0x2e,0x15,0x67,0x65,0x72,0x6d,0x61,0x6e,0x69,0x75,0x6d,0x20,0x61,0x74,
  0x6f,0x6d,0x69,0x63,0x20,0x6d,0x61,0x73,0x73,0x01,0x38,0x00,0x54,0x68,0x65,0x20,
  0x61,0x74,0x6f,0x6d,0x69,0x63,0x20,0x6d,0x61,0x73,0x73,0x20,0x6f,0x66,0x20,0x67,
  0x65,0x72,0x6d,0x61,0x6e,0x69,0x75,0x6d,0x20,0x69,0x73,0x20,0x37,0x32,0x2e,0x36,
  0x33,0x20,0x61,0x74,0x6f,0x6d,0x69,0x63,0x20,0x6d,0x61,0x73,0x73,0x20,0x75,0x6e,
  0x69,0x74,0x73,0x2e,0x17,0x67,0x65,0x72,0x6d,0x61,0x6e,0x69,0x75,0x6d,0x20,0x61,
  0x74,0x6f,0x6d,0x69,0x63,0x20,0x6e,0x75,0x6d,0x62,0x65,0x72,0x01,0x25,0x00,0x54,
  0x68,0x65,0x20,0x61,0x74,0x6f,0x6d,0x69,0x63,0x20,0x6e,0x75,0x6d,0x62,0x65,0x72,
  0x20,0x6f,0x66,0x20,0x67,0x65,0x72,0x6d,0x61,0x6e,0x69,0x75,0x6d,0x20,0x69,0x73,
  0x20,0x33,0x32,0x2e,0x0e,0x67,0x65,0x72,0x6d,0x61,0x6e,0x69,0x75,0x6d,0x20,0x6d,
  0x61,0x73,0x73,0x01,0x38,0x00,0x54,0x68,0x65,0x20,0x61,0x74,0x6f,0x6d,0x69,0x63,
  0x20,0x6d,0x61,0x73,0x73,0x20,0x6f,0x66,0x20,0x67,0x65,0x72,0x6d,0x61,0x6e,0x69,
  0x75,0x6d,0x20,0x69,0x73,0x20,0x37,0x32,0x2e,0x36,0x33,0x20,0x61,0x74,0x6f,0x6d,
  0x69,0x63,0x20,0x6d,0x61,0x73,0x73,0x20,0x75,0x6e,0x69,0x74,0x73,0x2e,0x10,0x67,
  0x65,0x72,0x6d,0x61,0x6e,0x69,0x75,0x6d,0x20,0x6e,0x75,0x6d,0x62,0x65,0x72,0x01,
  0x25,0x00,0x54,0x68,0x65,0x20,0x61,0x74,0x6f,0x6d,0x69,0x63,0x20,0x6e,0x75,0x6d,
  0x62,0x65,0x72,0x20,0x6f,0x66,0x20,0x67,0x65,0x72,0x6d,0x61,0x6e,0x69,0x75,0x6d,
  0x20,0x69,0x73,0x20,0x33,0x32,0x2e,0x04,0x67,0x69,0x67,0x61,0x01,0x1e,0x00,0x54,
  0x68,0x65,0x20,0x70,0x72,0x65,0x66,0x69,0x78,0x20,0x67,0x69,0x67,0x61,0x20,0x28,
  0x47,0x29,0x20,0x6d,0x65,0x61,0x6e,0x73,0x20,0x31,0x65,0x39,0x2e,0x0b,0x67,0x69,
  0x67,0x61,0x20,0x70,0x72,0x65,0x66,0x69,0x78,0x01,0x1e,0x00,0x54,0x68,0x65,0x20,
  0x70,0x72,0x65,0x66,0x69,0x78,0x20,0x67,0x69,0x67,0x61,0x20,0x28,0x47,0x29,0x20,
  0x6d,0x65,0x61,0x6e,0x73,0x20,0x31,0x65,0x39,0x2e,0x05,0x67,0x6c,0x61,0x73,0x73,
  0x01,0x2b,0x00,0x54,0x68,0x65,0x20,0x72,0x65,0x66,0x72,0x61,0x63,0x74,0x69,0x76,
  0x65,0x20,0x69,0x6e,0x64,0x65,0x78,0x20,0x6f,0x66,0x20,0x67,0x6c,0x61,0x73,0x73,
  0x20,0x69,0x73,0x20,0x61,0x62,0x6f,0x75,0x74,0x20,0x31,0x2e,0x35,0x2e,0x04,0x67,
  0x6f,0x6c,0x64,0x04,0x26,0x00,0x41,0x20,0x67,0x6f,0x6c,0x64,0x20,0x74,0x6f,0x6c,
  0x65,0x72,0x61,0x6e,0x63,0x65,0x20,0x62,0x61,0x6e,0x64,0x20,0x6d,0x65,0x61,0x6e,
  0x73,0x20,0x35,0x20,0x70,0x65,0x72,0x63,0x65,0x6e,0x74,0x2e,0x37,0x00,0x54,0x68,
  0x65,0x20,0x64,0x65,0x6e,0x73,0x69,0x74,0x79,0x20,0x6f,0x66,0x20,0x67,0x6f,0x6c,
  0x64,0x20,0x69,0x73,0x20,0x31,0x39,0x33,0x30,0x30,0x20,0x6b,0x69,0x6c,0x6f,0x67,
  0x72,0x61,0x6d,0x73,0x20,0x70,0x65,0x72,0x20,0x63,0x75,0x62,0x69,0x63,0x20,0x6d,
  0x65,0x74,0x72,0x65,0x2e,0x32,0x00,0x54,0x68,0x65,0x20,0x6d,0x65,0x6c,0x74,0x69,
  0x6e,0x67,0x20,0x70,0x6f,0x69,0x6e,0x74,0x20,0x6f,0x66,0x20,0x67,0x6f,0x6c,0x64,
  0x20,0x69,0x73,0x20,0x31,0x30,0x36,0x34,0x20,0x64,0x65,0x67,0x72,0x65,0x65,0x73,
  0x20,0x43,0x65,0x6c,0x73,0x69,0x75,0x73,0x2e,0x31,0x00,0x54,0x68,0x65,0x20,0x72,
  0x65,0x73,0x69,0x73,0x74,0x69,0x76,0x69,0x74,0x79,0x20,0x6f,0x66,0x20,0x67,0x6f,
  0x6c,0x64,0x20,0x69,0x73,0x20,0x32,0x2e,0x34,0x34,0x65,0x2d,0x38,0x20,0x6f,0x68,
  0x6d,0x20,0x6d,0x20,0x61,0x74,0x20,0x32,0x30,0x20,0x43,0x2e,0x09,0x67,0x6f,0x6c,
  0x64,0x20,0x62,0x61,0x6e,0x64,0x01,0x26,0x00,0x41,0x20,0x67,0x6f,0x6c,0x64,0x20,
  0x74,0x6f,0x6c,0x65,0x72,0x61,0x6e,0x63,0x65,0x20,0x62,0x61,0x6e,0x64,0x20,0x6d,
  0x65,0x61,0x6e,0x73,0x20,0x35,0x20,0x70,0x65,0x72,0x63,0x65,0x6e,0x74,0x2e,0x0c,
  0x67,0x6f,0x6c,0x64,0x20,0x64,0x65,0x6e,0x73,0x69,0x74,0x79,0x01,0x37,0x00,0x54,
  0x68,0x65,0x20,0x64,0x65,0x6e,0x73,0x69,0x74,0x79,0x20,0x6f,0x66,0x20,0x67,0x6f,
  0x6c,0x64,0x20,0x69,0x73,0x20,0x31,0x39,0x33,0x30,0x30,0x20,0x6b,0x69,0x6c,0x6f,
  0x67,0x72,0x61,0x6d,0x73,0x20,0x70,0x65,0x72,0x20,0x63,0x75,0x62,0x69,0x63,0x20,
  0x6d,0x65,0x74,0x72,0x65,0x2e,0x0c,0x67,0x6f,0x6c,0x64,0x20,0x6d,0x65,0x6c,0x74,
  0x69,0x6e,0x67,0x01,0x32,0x00,0x54,0x68,0x65,0x20,0x6d,0x65,0x6c,0x74,0x69,0x6e,
  0x67,0x20,0x70,0x6f,0x69,0x6e,0x74,0x20,0x6f,0x66,0x20,0x67,0x6f,0x6c,0x64,0x20,
  0x69,0x73,0x20,0x31,0x30,0x36,0x34,0x20,0x64,0x65,0x67,0x72,0x65,0x65,0x73,0x20,
  0x43,0x65,0x6c,0x73,0x69,0x75,0x73,0x2e,0x12,0x67,0x6f,0x6c,0x64,0x20,0x6d,0x65,
  0x6c,0x74,0x69,0x6e,0x67,0x20,0x70,0x6f,0x69,0x6e,0x74,0x01,0x32,0x00,0x54,0x68,
  0x65,0x20,0x6d,0x65,0x6c,0x74,0x69,0x6e,0x67,0x20,0x70,0x6f,0x69,0x6e,0x74,0x20,
  0x6f,0x66,0x20,0x67,0x6f,0x6c,0x64,0x20,0x69,0x73,0x20,0x31,0x30,0x36,0x34,0x20,
  0x64,0x65,0x67,0x72,0x65,0x65,0x73,0x20,0x43,0x65,0x6c,0x73,0x69,0x75,0x73,0x2e,
  0x0a,0x67,0x6f,0x6c,0x64,0x20,0x70,0x6f,0x69,0x6e,0x74,0x01,0x32,0x00,0x54,0x68,
  0x65,0x20,0x6d,0x65,0x6c,0x74,0x69,0x6e,0x67,0x20,0x70,0x6f,0x69,0x6e,0x74,0x20,
  0x6f,0x66,0x20,0x67,0x6f,0x6c,0x64,0x20,0x69,0x73,0x20,0x31,0x30,0x36,0x34,0x20,
  0x64,0x65,0x67,0x72,0x65,0x65,0x73,0x20,0x43,0x65,0x6c,0x73,0x69,0x75,0x73,0x2e,
  0x10,0x67,0x6f,0x6c,0x64,0x20,0x72,0x65,0x73,0x69,0x73,0x74,0x69,0x76,0x69,0x74,
  0x79,0x01,0x31,0x00,0x54,0x68,0x65,0x20,0x72,0x65,0x73,0x69,0x73,0x74,0x69,0x76,
  0x69,0x74,0x79,0x20,0x6f,0x66,0x20,0x67,0x6f,0x6c,0x64,0x20,0x69,0x73,0x20,0x32,
  0x2e,0x34,0x34,0x65,0x2d,0x38,0x20,0x6f,0x68,0x6d,0x20,0x6d,0x20,0x61,0x74,0x20,
  0x32,0x30,0x20,0x43,0x2e,0x04,0x67,0x70,0x69,0x6f,0x01,0x55,0x00,0x41,0x20,0x74,
  0x79,0x70,0x69,0x63,0x61,0x6c,0x20,0x6d,0x69,0x63,0x72,0x6f,0x63,0x6f,0x6e,0x74,
  0x72,0x6f,0x6c,0x6c,0x65,0x72,0x20,0x70,0x69,0x6e,0x20,0x73,0x68,0x6f,0x75,0x6c,
  0x64,0x20,0x6e,0x6f,0x74,0x20,0x73,0x6f,0x75,0x72,0x63,0x65,0x20,0x6f,0x72,0x20,
  0x73,0x69,0x6e,0x6b,0x20,0x6d,0x6f,0x72,0x65,0x20,0x74,0x68,0x61,0x6e,0x20,0x61,
  0x62,0x6f,0x75,0x74,0x20,0x32,0x30,0x20,0x6d,0x69,0x6c,0x6c,0x69,0x61,0x6d,0x70,
  0x73,0x2e,0x0c,0x67,0x70,0x69,0x6f,0x20,0x63,0x75,0x72,0x72,0x65,0x6e,0x74,0x01,
  0x55,0x00,0x41,0x20,0x74,0x79,0x70,0x69,0x63,0x61,0x6c,0x20,0x6d,0x69,0x63,0x72,
  0x6f,0x63,0x6f,0x6e,0x74,0x72,0x6f,0x6c,0x6c,0x65,0x72,0x20,0x70,0x69,0x6e,0x20,
  0x73,0x68,0x6f,0x75,0x6c,0x64,0x20,0x6e,0x6f,0x74,0x20,0x73,0x6f,0x75,0x72,0x63,
  0x65,0x20,0x6f,0x72,0x20,0x73,0x69,0x6e,0x6b,0x20,0x6d,0x6f,0x72,0x65,0x20,0x74,
  0x68,0x61,0x6e,0x20,0x61,0x62,0x6f,0x75,0x74,0x20,0x32,0x30,0x20,0x6d,0x69,0x6c,
  0x6c,0x69,0x61,0x6d,0x70,0x73,0x2e,0x0d,0x67,0x72,0x61,0x76,0x69,0x74,0x61,0x74,
  0x69,0x6f,0x6e,0x61,0x6c,0x01,0x33,0x00,0x54,0x68,0x65,0x20,0x67,0x72,0x61,0x76,
  0x69,0x74,0x61,0x74,0x69,0x6f,0x6e,0x61,0x6c,0x20,0x63,0x6f,0x6e,0x73,0x74,0x61,
  0x6e,0x74,0x20,0x69,0x73,0x20,0x36,0x2e,0x36,0x37,0x34,0x33,0x30,0x65,0x2d,0x31,
  0x31,0x20,0x4e,0x20,0x6d,0x32,0x2f,0x6b,0x67,0x32,0x2e,0x16,0x67,0x72,0x61,0x76,
  0x69,0x74,0x61,0x74,0x69,0x6f,0x6e,0x61,0x6c,0x20,0x63,0x6f,0x6e,0x73,0x74,0x61,
  0x6e,0x74,0x01,0x33,0x00,0x54,0x68,0x65,0x20,0x67,0x72,0x61,0x76,0x69,0x74,0x61,
  0x74,0x69,0x6f,0x6e,0x61,0x6c,0x20,0x63,0x6f,0x6e,0x73,0x74,0x61,0x6e,0x74,0x20,
  0x69,0x73,0x20,0x36,0x2e,0x36,0x37,0x34,0x33,0x30,0x65,0x2d,0x31,0x31,0x20,0x4e,
  0x20,0x6d,0x32,0x2f,0x6b,0x67,0x32,0x2e,0x07,0x67,0x72,0x61,0x76,0x69,0x74,0x79,
  0x01,0x21,0x00,0x53,0x74,0x61,0x6e,0x64,0x61,0x72,0x64,0x20,0x67,0x72,0x61,0x76,
  0x69,0x74,0x79,0x20,0x69,0x73,0x20,0x39,0x2e,0x38,0x30,0x36,0x36,0x35,0x20,0x6d,
  0x2f,0x73,0x32,0x2e,0x05,0x67,0x72,0x65,0x65,0x6e,0x02,0x28,0x00,0x41,0x20,0x67,
  0x72,0x65,0x65,0x6e,0x20,0x72,0x65,0x73,0x69,0x73,0x74,0x6f,0x72,0x20,0x62,0x61,
  0x6e,0x64,0x20,0x6d,0x65,0x61,0x6e,0x73,0x20,0x74,0x68,0x65,0x20,0x64,0x69,0x67,
  0x69,0x74,0x20,0x35,0x2e,0x35,0x00,0x41,0x20,0x67,0x72,0x65,0x65,0x6e,0x20,0x4c,
  0x45,0x44,0x20,0x68,0x61,0x73,0x20,0x61,0x20,0x66,0x6f,0x72,0x77,0x61,0x72,0x64,
  0x20,0x76,0x6f,0x6c,0x74,0x61,0x67,0x65,0x20,0x6f,0x66,0x20,0x61,0x62,0x6f,0x75,
  0x74,0x20,0x32,0x2e,0x32,0x20,0x76,0x6f,0x6c,0x74,0x73,0x2e,0x0a,0x67,0x72,0x65,
  0x65,0x6e,0x20,0x62,0x61,0x6e,0x64,0x01,0x28,0x00,0x41,0x20,0x67,0x72,0x65,0x65,
  0x6e,0x20,0x72,0x65,0x73,0x69,0x73,0x74,0x6f,0x72,0x20,0x62,0x61,0x6e,0x64,0x20,
  0x6d,0x65,0x61,0x6e,0x73,0x20,0x74,0x68,0x65,0x20,0x64,0x69,0x67,0x69,0x74,0x20,
  0x35,0x2e,0x09,0x67,0x72,0x65,0x65,0x6e,0x20,0x6c,0x65,0x64,0x01,0x35,0x00,0x41,
  0x20,0x67,0x72,0x65,0x65,0x6e,0x20,0x4c,0x45,0x44,0x20,0x68,0x61,0x73,0x20,0x61,
  0x20,0x66,0x6f,0x72,0x77,0x61,0x72,0x64,0x20,0x76,0x6f,0x6c,0x74,0x61,0x67,0x65,
  0x20,0x6f,0x66,0x20,0x61,0x62,0x6f,0x75,0x74,0x20,0x32,0x2e,0x32,0x20,0x76,0x6f,
  0x6c,0x74,0x73,0x2e,0x04,0x67,0x72,0x65,0x79,0x01,0x27,0x00,0x41,0x20,0x67,0x72,
  0x65,0x79,0x20,0x72,0x65,0x73,0x69,0x73,0x74,0x6f,0x72,0x20,0x62,0x61,0x6e,0x64,
  0x20,0x6d,0x65,0x61,0x6e,0x73,0x20,0x74,0x68,0x65,0x20,0x64,0x69,0x67,0x69,0x74,
  0x20,0x38,0x2e,0x09,0x67,0x72,0x65,0x79,0x20,0x62,0x61,0x6e,0x64,0x01,0x27,0x00,
  0x41,0x20,0x67,0x72,0x65,0x79,0x20,0x72,0x65,0x73,0x69,0x73,0x74,0x6f,0x72,0x20,
  0x62,0x61,0x6e,0x64,0x20,0x6d,0x65,0x61,0x6e,0x73,0x20,0x74,0x68,0x65,0x20,0x64,
  0x69,0x67,0x69,0x74,0x20,0x38,0x2e,0x04,0x68,0x65,0x61,0x74,0x05,0x4b,0x00,0x48,
  0x65,0x61,0x74,0x20,0x65,0x71,0x75,0x61,0x6c,0x73,0x20,0x6d,0x61,0x73,0x73,0x20,
  0x74,0x69,0x6d,0x65,0x73,0x20,0x73,0x70,0x65,0x63,0x69,0x66,0x69,0x63,0x20,0x68,
  0x65,0x61,0x74,0x20,0x63,0x61,0x70,0x61,0x63,0x69,0x74,0x79,0x20,0x74,0x69,0x6d,
  0x65,0x73,0x20,0x74,0x68,0x65,0x20,0x74,0x65,0x6d,0x70,0x65,0x72,0x61,0x74,0x75,
  0x72,0x65,0x20,0x63,0x68,0x61,0x6e,0x67,0x65,0x2e,0x63,0x00,0x48,0x65,0x61,0x74,
  0x20,0x66,0x6c,0x6f,0x77,0x20,0x65,0x71,0x75,0x61,0x6c,0x73,0x20,0x74,0x68,0x65,
  0x72,0x6d,0x61,0x6c,0x20,0x63,0x6f,0x6e,0x64,0x75,0x63,0x74,0x69,0x76,0x69,0x74,
  0x79,0x20,0x74,0x69,0x6d,0x65,0x73,0x20,0x61,0x72,0x65,0x61,0x20,0x74,0x69,0x6d,
  0x65,0x73,0x20,0x74,0x65,0x6d,0x70,0x65,0x72,0x61,0x74,0x75,0x72,0x65,0x20,0x64,
  0x69,0x66,0x66,0x65,0x72,0x65,0x6e,0x63,0x65,0x20,0x64,0x69,0x76,0x69,0x64,0x65,
  0x64,0x20,0x62,0x79,0x20,0x74,0x68,0x69,0x63,0x6b,0x6e,0x65,0x73,0x73,0x2e,0x36,
  0x00,0x4d,0x65,0x6c,0x74,0x69,0x6e,0x67,0x20,0x6f,0x6e,0x65,0x20,0x6b,0x69,0x6c,
  0x6f,0x67,0x72,0x61,0x6d,0x20,0x6f,0x66,0x20,0x69,0x63,0x65,0x20,0x74,0x61,0x6b,
  0x65,0x73,0x20,0x61,0x62,0x6f,0x75,0x74,0x20,0x33,0x33,0x34,0x30,0x30,0x30,0x20,
  0x6a,0x6f,0x75,0x6c,0x65,0x73,0x2e,0x35,0x00,0x54,0x68,0x65,0x20,0x73,0x70,0x65,
  0x63,0x69,0x66,0x69,0x63,0x20,0x68,0x65,0x61,0x74,0x20,0x63,0x61,0x70,0x61,0x63,
  0x69,0x74,0x79,0x20,0x6f,0x66,0x20,0x77,0x61,0x74,0x65,0x72,0x20,0x69,0x73,0x20,
  0x34,0x31,0x38,0x36,0x20,0x4a,0x2f,0x28,0x6b,0x67,0x20,0x4b,0x29,0x2e,0x39,0x00,
  0x42,0x6f,0x69,0x6c,0x69,0x6e,0x67,0x20,0x6f,0x6e,0x65,0x20,0x6b,0x69,0x6c,0x6f,
  0x67,0x72,0x61,0x6d,0x20,0x6f,0x66,0x20,0x77,0x61,0x74,0x65,0x72,0x20,0x74,0x61,
  0x6b,0x65,0x73,0x20,0x61,0x62,0x6f,0x75,0x74,0x20,0x32,0x32,0x36,0x30,0x30,0x30,
  0x30,0x20,0x6a,0x6f,0x75,0x6c,0x65,0x73,0x2e,0x0c,0x68,0x65,0x61,0x74,0x20,0x66,
  0x6f,0x72,0x6d,0x75,0x6c,0x61,0x01,0x4b,0x00,0x48,0x65,0x61,0x74,0x20,0x65,0x71,
  0x75,0x61,0x6c,0x73,0x20,0x6d,0x61,0x73,0x73,0x20,0x74,0x69,0x6d,0x65,0x73,0x20,
  0x73,0x70,0x65,0x63,0x69,0x66,0x69,0x63,0x20,0x68,0x65,0x61,0x74,0x20,0x63,0x61,
  0x70,0x61,0x63,0x69,0x74,0x79,0x20,0x74,0x69,0x6d,0x65,0x73,0x20,0x74,0x68,0x65,
  0x20,0x74,0x65,0x6d,0x70,0x65,0x72,0x61,0x74,0x75,0x72,0x65,0x20,0x63,0x68,0x61,
  0x6e,0x67,0x65,0x2e,0x0b,0x68,0x65,0x61,0x74,0x20,0x66,0x75,0x73,0x69,0x6f,0x6e,
  0x01,0x36,0x00,0x4d,0x65,0x6c,0x74,0x69,0x6e,0x67,0x20,0x6f,0x6e,0x65,0x20,0x6b,
  0x69,0x6c,0x6f,0x67,0x72,0x61,0x6d,0x20,0x6f,0x66,0x20,0x69,0x63,0x65,0x20,0x74,
  0x61,0x6b,0x65,0x73,0x20,0x61,0x62,0x6f,0x75,0x74,0x20,0x33,0x33,0x34,0x30,0x30,
  0x30,0x20,0x6a,0x6f,0x75,0x6c,0x65,0x73,0x2e,0x11,0x68,0x65,0x61,0x74,0x20,0x76,
  0x61,0x70,0x6f,0x72,0x69,0x73,0x61,0x74,0x69,0x6f,0x6e,0x01,0x39,0x00,0x42,0x6f,
  0x69,0x6c,0x69,0x6e,0x67,0x20,0x6f,0x6e,0x65,0x20,0x6b,0x69,0x6c,0x6f,0x67,0x72,
  0x61,0x6d,0x20,0x6f,0x66,0x20,0x77,0x61,0x74,0x65,0x72,0x20,0x74,0x61,0x6b,0x65,
  0x73,0x20,0x61,0x62,0x6f,0x75,0x74,0x20,0x32,0x32,0x36,0x30,0x30,0x30,0x30,0x20,
  0x6a,0x6f,0x75,0x6c,0x65,0x73,0x2e,0x06,0x68,0x65,0x6c,0x69,0x75,0x6d,0x03,0x3e,
  0x00,0x48,0x65,0x6c,0x69,0x75,0x6d,0x20,0x68,0x61,0x73,0x20,0x73,0x79,0x6d,0x62,
  0x6f,0x6c,0x20,0x48,0x65,0x2c,0x20,0x61,0x74,0x6f,0x6d,0x69,0x63,0x20,0x6e,0x75,
  0x6d,0x62,0x65,0x72,0x20,0x32,0x2c,0x20,0x61,0x6e,0x64,0x20,0x61,0x74,0x6f,0x6d,
  0x69,0x63,0x20,0x6d,0x61,0x73,0x73,0x20,0x34,0x2e,0x30,0x30,0x32,0x36,0x2e,0x36,
  0x00,0x54,0x68,0x65,0x20,0x61,0x74,0x6f,0x6d,0x69,0x63,0x20,0x6d,0x61,0x73,0x73,
  0x20,0x6f,0x66,0x20,0x68,0x65,0x6c,0x69,0x75,0x6d,0x20,0x69,0x73,0x20,0x34,0x2e,
  0x30,0x30,0x32,0x36,0x20,0x61,0x74,0x6f,0x6d,0x69,0x63,0x20,0x6d,0x61,0x73,0x73,
  0x20,0x75,0x6e,0x69,0x74,0x73,0x2e,0x21,0x00,0x54,0x68,0x65,0x20,0x61,0x74,0x6f,
  0x6d,0x69,0x63,0x20,0x6e,0x75,0x6d,0x62,0x65,0x72,0x20,0x6f,0x66,0x20,0x68,0x65,
  0x6c,0x69,0x75,0x6d,0x20,0x69,0x73,0x20,0x32,0x2e,0x0d,0x68,0x65,0x6c,0x69,0x75,
  0x6d,0x20,0x61,0x74,0x6f,0x6d,0x69,0x63,0x02,0x36,0x00,0x54,0x68,0x65,0x20,0x61,
  0x74,0x6f,0x6d,0x69,0x63,0x20,0x6d,0x61,0x73,0x73,0x20,0x6f,0x66,0x20,0x68,0x65,
  0x6c,0x69,0x75,0x6d,0x20,0x69,0x73,0x20,0x34,0x2e,0x30,0x30,0x32,0x36,0x20,0x61,
  0x74,0x6f,0x6d,0x69,0x63,0x20,0x6d,0x61,0x73,0x73,0x20,0x75,0x6e,0x69,0x74,0x73,
  0x2e,0x21,0x00,0x54,0x68,0x65,0x20,0x61,0x74,0x6f,0x6d,0x69,0x63,0x20,0x6e,0x75,
  0x6d,0x62,0x65,0x72,0x20,0x6f,0x66,0x20,0x68,0x65,0x6c,0x69,0x75,0x6d,0x20,0x69,
  0x73,0x20,0x32,0x2e,0x12,0x68,0x65,0x6c,0x69,0x75,0x6d,0x20,0x61,0x74,0x6f,0x6d,
  0x69,0x63,0x20,0x6d,0x61,0x73,0x73,0x01,0x36,0x00,0x54,0x68,0x65,0x20,0x61,0x74,
  0x6f,0x6d,0x69,0x63,0x20,0x6d,0x61,0x73,0x73,0x20,0x6f,0x66,0x20,0x68,0x65,0x6c,
  0x69,0x75,0x6d,0x20,0x69,0x73,0x20,0x34,0x2e,0x30,0x30,0x32,0x36,0x20,0x61,0x74,
  0x6f,0x6d,0x69,0x63,0x20,0x6d,0x61,0x73,0x73,0x20,0x75,0x6e,0x69,0x74,0x73,0x2e,
  0x14,0x68,0x65,0x6c,0x69,0x75,0x6d,0x20,0x61,0x74,0x6f,0x6d,0x69,0x63,0x20,0x6e,
  0x75,0x6d,0x62,0x65,0x72,0x01,0x21,0x00,0x54,0x68,0x65,0x20,0x61,0x74,0x6f,0x6d,
  0x69,0x63,0x20,0x6e,0x75,0x6d,0x62,0x65,0x72,0x20,0x6f,0x66,0x20,0x68,0x65,0x6c,
  0x69,0x75,0x6d,0x20,0x69,0x73,0x20,0x32,0x2e,0x0b,0x68,0x65,0x6c,0x69,0x75,0x6d,
  0x20,0x6d,0x61,0x73,0x73,0x01,0x36,0x00,0x54,0x68,0x65,0x20,0x61,0x74,0x6f,0x6d,
  0x69,0x63,0x20,0x6d,0x61,0x73,0x73,0x20,0x6f,0x66,0x20,0x68,0x65,0x6c,0x69,0x75,
  0x6d,0x20,0x69,0x73,0x20,0x34,0x2e,0x30,0x30,0x32,0x36,0x20,0x61,0x74,0x6f,0x6d,
  0x69,0x63,0x20,0x6d,0x61,0x73,0x73,0x20,0x75,0x6e,0x69,0x74,0x73,0x2e,0x0d,0x68,
  0x65,0x6c,0x69,0x75,0x6d,0x20,0x6e,0x75,0x6d,0x62,0x65,0x72,0x01,0x21,0x00,0x54,
  0x68,0x65,0x20,0x61,0x74,0x6f,0x6d,0x69,0x63,0x20,0x6e,0x75,0x6d,0x62,0x65,0x72,
  0x20,0x6f,0x66,0x20,0x68,0x65,0x6c,0x69,0x75,0x6d,0x20,0x69,0x73,0x20,0x32,0x2e,
  0x05,0x68,0x65,0x6e,0x72,0x79,0x01,0x22,0x00,0x4f,0x6e,0x65,0x20,0x68,0x65,0x6e,
  0x72,0x79,0x20,0x69,0x73,0x20,0x6f,0x6e,0x65,0x20,0x77,0x65,0x62,0x65,0x72,0x20,
  0x70,0x65,0x72,0x20,0x61,0x6d,0x70,0x65,0x72,0x65,0x2e,0x0a,0x68,0x6f,0x72,0x73,
  0x65,0x70,0x6f,0x77,0x65,0x72,0x01,0x2f,0x00,0x4f,0x6e,0x65,0x20,0x6d,0x65,0x63,
  0x68,0x61,0x6e,0x69,0x63,0x61,0x6c,0x20,0x68,0x6f,0x72,0x73,0x65,0x70,0x6f,0x77,
  0x65,0x72,0x20,0x69,0x73,0x20,0x61,0x62,0x6f,0x75,0x74,0x20,0x37,0x34,0x35,0x2e,
  0x37,0x20,0x77,0x61,0x74,0x74,0x73,0x2e,0x08,0x68,0x79,0x64,0x72,0x6f,0x67,0x65,
  0x6e,0x03,0x3e,0x00,0x48,0x79,0x64,0x72,0x6f,0x67,0x65,0x6e,0x20,0x68,0x61,0x73,
  0x20,0x73,0x79,0x6d,0x62,0x6f,0x6c,0x20,0x48,0x2c,0x20,0x61,0x74,0x6f,0x6d,0x69,
  0x63,0x20,0x6e,0x75,0x6d,0x62,0x65,0x72,0x20,0x31,0x2c,0x20,0x61,0x6e,0x64,0x20,
  0x61,0x74,0x6f,0x6d,0x69,0x63,0x20,0x6d,0x61,0x73,0x73,0x20,0x31,0x2e,0x30,0x30,
  0x38,0x2e,0x37,0x00,0x54,0x68,0x65,0x20,0x61,0x74,0x6f,0x6d,0x69,0x63,0x20,0x6d,
  0x61,0x73,0x73,0x20,0x6f,0x66,0x20,0x68,0x79,0x64,0x72,0x6f,0x67,0x65,0x6e,0x20,
  0x69,0x73,0x20,0x31,0x2e,0x30,0x30,0x38,0x20,0x61,0x74,0x6f,0x6d,0x69,0x63,0x20,
  0x6d,0x61,0x73,0x73,0x20,0x75,0x6e,0x69,0x74,0x73,0x2e,0x23,0x00,0x54,0x68,0x65,
  0x20,0x61,0x74,0x6f,0x6d,0x69,0x63,0x20,0x6e,0x75,0x6d,0x62,0x65,0x72,0x20,0x6f,
  0x66,0x20,0x68,0x79,0x64,0x72,0x6f,0x67,0x65,0x6e,0x20,0x69,0x73,0x20,0x31,0x2e,
  0x0f,0x68,0x79,0x64,0x72,0x6f,0x67,0x65,0x6e,0x20,0x61,0x74,0x6f,0x6d,0x69,0x63,
  0x02,0x37,0x00,0x54,0x68,0x65,0x20,0x61,0x74,0x6f,0x6d,0x69,0x63,0x20,0x6d,0x61,
  0x73,0x73,0x20,0x6f,0x66,0x20,0x68,0x79,0x64,0x72,0x6f,0x67,0x65,0x6e,0x20,0x69,
  0x73,0x20,0x31,0x2e,0x30,0x30,0x38,0x20,0x61,0x74,0x6f,0x6d,0x69,0x63,0x20,0x6d,
  0x61,0x73,0x73,0x20,0x75,0x6e,0x69,0x74,0x73,0x2e,0x23,0x00,0x54,0x68,0x65,0x20,
  0x61,0x74,0x6f,0x6d,0x69,0x63,0x20,0x6e,0x75,0x6d,0x62,0x65,0x72,0x20,0x6f,0x66,
  0x20,0x68,0x79,0x64,0x72,0x6f,0x67,0x65,0x6e,0x20,0x69,0x73,0x20,0x31,0x2e,0x14,
  0x68,0x79,0x64,0x72,0x6f,0x67,0x65,0x6e,0x20,0x61,0x74,0x6f,0x6d,0x69,0x63,0x20,
  0x6d,0x61,0x73,0x73,0x01,0x37,0x00,0x54,0x68,0x65,0x20,0x61,0x74,0x6f,0x6d,0x69,
  0x63,0x20,0x6d,0x61,0x73,0x73,0x20,0x6f,0x66,0x20,0x68,0x79,0x64,0x72,0x6f,0x67,
  0x65,0x6e,0x20,0x69,0x73,0x20,0x31,0x2e,0x30,0x30,0x38,0x20,0x61,0x74,0x6f,0x6d,
  0x69,0x63,0x20,0x6d,0x61,0x73,0x73,0x20,0x75,0x6e,0x69,0x74,0x73,0x2e,0x16,0x68,
  0x79,0x64,0x72,0x6f,0x67,0x65,0x6e,0x20,0x61,0x74,0x6f,0x6d,0x69,0x63,0x20,0x6e,
  0x75,0x6d,0x62,0x65,0x72,0x01,0x23,0x00,0x54,0x68,0x65,0x20,0x61,0x74,0x6f,0x6d,
  0x69,0x63,0x20,0x6e,0x75,0x6d,0x62,0x65,0x72,0x20,0x6f,0x66,0x20,0x68,0x79,0x64,
  0x72,0x6f,0x67,0x65,0x6e,0x20,0x69,0x73,0x20,0x31,0x2e,0x0d,0x68,0x79,0x64,0x72,
  0x6f,0x67,0x65,0x6e,0x20,0x6d,0x61,0x73,0x73,0x01,0x37,0x00,0x54,0x68,0x65,0x20,
  0x61,0x74,0x6f,0x6d,0x69,0x63,0x20,0x6d,0x61,0x73,0x73,0x20,0x6f,0x66,0x20,0x68,
  0x79,0x64,0x72,0x6f,0x67,0x65,0x6e,0x20,0x69,0x73,0x20,0x31,0x2e,0x30,0x30,0x38,
  0x20,0x61,0x74,0x6f,0x6d,0x69,0x63,0x20,0x6d,0x61,0x73,0x73,0x20,0x75,0x6e,0x69,
  0x74,0x73,0x2e,0x0f,0x68,0x79,0x64,0x72,0x6f,0x67,0x65,0x6e,0x20,0x6e,0x75,0x6d,
  0x62,0x65,0x72,0x01,0x23,0x00,0x54,0x68,0x65,0x20,0x61,0x74,0x6f,0x6d,0x69,0x63,
  0x20,0x6e,0x75,0x6d,0x62,0x65,0x72,0x20,0x6f,0x66,0x20,0x68,0x79,0x64,0x72,0x6f,
  0x67,0x65,0x6e,0x20,0x69,0x73,0x20,0x31,0x2e,0x03,0x69,0x32,0x63,0x02,0x41,0x00,
  0x49,0x32,0x43,0x20,0x75,0x73,0x65,0x73,0x20,0x74,0x77,0x6f,0x20,0x77,0x69,0x72,
  0x65,0x73,0x2c,0x20,0x53,0x44,0x41,0x20,0x61,0x6e,0x64,0x20,0x53,0x43,0x4c,0x2c,
  0x20,0x61,0x6e,0x64,0x20,0x62,0x6f,0x74,0x68,0x20,0x6e,0x65,0x65,0x64,0x20,0x70,
  0x75,0x6c,0x6c,0x2d,0x75,0x70,0x20,0x72,0x65,0x73,0x69,0x73,0x74,0x6f,0x72,0x73,
  0x2e,0x3b,0x00,0x53,0x74,0x61,0x6e,0x64,0x61,0x72,0x64,0x20,0x49,0x32,0x43,0x20,
  0x72,0x75,0x6e,0x73,0x20,0x61,0x74,0x20,0x31,0x30,0x30,0x20,0x6b,0x48,0x7a,0x20,
  0x61,0x6e,0x64,0x20,0x66,0x61,0x73,0x74,0x20,0x6d,0x6f,0x64,0x65,0x20,0x72,0x75,
  0x6e,0x73,0x20,0x61,0x74,0x20,0x34,0x30,0x30,0x20,0x6b,0x48,0x7a,0x2e,0x09,0x69,
  0x32,0x63,0x20,0x73,0x70,0x65,0x65,0x64,0x01,0x3b,0x00,0x53,0x74,0x61,0x6e,0x64,
  0x61,0x72,0x64,0x20,0x49,0x32,0x43,0x20,0x72,0x75,0x6e,0x73,0x20,0x61,0x74,0x20,
  0x31,0x30,0x30,0x20,0x6b,0x48,0x7a,0x20,0x61,0x6e,0x64,0x20,0x66,0x61,0x73,0x74,
  0x20,0x6d,0x6f,0x64,0x65,0x20,0x72,0x75,0x6e,0x73,0x20,0x61,0x74,0x20,0x34,0x30,
  0x30,0x20,0x6b,0x48,0x7a,0x2e,0x05,0x69,0x64,0x65,0x61,0x6c,0x01,0x5a,0x00,0x50,
  0x72,0x65,0x73,0x73,0x75,0x72,0x65,0x20,0x74,0x69,0x6d,0x65,0x73,0x20,0x76,0x6f,
  0x6c,0x75,0x6d,0x65,0x20,0x65,0x71,0x75,0x61,0x6c,0x73,0x20,0x74,0x68,0x65,0x20,
  0x6e,0x75,0x6d,0x62,0x65,0x72,0x20,0x6f,0x66,0x20,0x6d,0x6f,0x6c,0x65,0x73,0x20,
  0x74,0x69,0x6d,0x65,0x73,0x20,0x74,0x68,0x65,0x20,0x67,0x61,0x73,0x20,0x63,0x6f,
  0x6e,0x73,0x74,0x61,0x6e,0x74,0x20,0x74,0x69,0x6d,0x65,0x73,0x20,0x74,0x65,0x6d,
  0x70,0x65,0x72,0x61,0x74,0x75,0x72,0x65,0x2e,0x09,0x69,0x64,0x65,0x61,0x6c,0x20,
  0x67,0x61,0x73,0x01,0x5a,0x00,0x50,0x72,0x65,0x73,0x73,0x75,0x72,0x65,0x20,0x74,
  0x69,0x6d,0x65,0x73,0x20,0x76,0x6f,0x6c,0x75,0x6d,0x65,0x20,0x65,0x71,0x75,0x61,
  0x6c,0x73,0x20,0x74,0x68,0x65,0x20,0x6e,0x75,0x6d,0x62,0x65,0x72,0x20,0x6f,0x66,
  0x20,0x6d,0x6f,0x6c,0x65,0x73,0x20,0x74,0x69,0x6d,0x65,0x73,0x20,0x74,0x68,0x65,
  0x20,0x67,0x61,0x73,0x20,0x63,0x6f,0x6e,0x73,0x74,0x61,0x6e,0x74,0x20,0x74,0x69,
  0x6d,0x65,0x73,0x20,0x74,0x65,0x6d,0x70,0x65,0x72,0x61,0x74,0x75,0x72,0x65,0x2e,
  0x0d,0x69,0x64,0x65,0x61,0x6c,0x20,0x67,0x61,0x73,0x20,0x6c,0x61,0x77,0x01,0x5a,
  0x00,0x50,0x72,0x65,0x73,0x73,0x75,0x72,0x65,0x20,0x74,0x69,0x6d,0x65,0x73,0x20,
  0x76,0x6f,0x6c,0x75,0x6d,0x65,0x20,0x65,0x71,0x75,0x61,0x6c,0x73,0x20,0x74,0x68,
  0x65,0x20,0x6e,0x75,0x6d,0x62,0x65,0x72,0x20,0x6f,0x66,0x20,0x6d,0x6f,0x6c,0x65,
  0x73,0x20,0x74,0x69,0x6d,0x65,0x73,0x20,0x74,0x68,0x65,0x20,0x67,0x61,0x73,0x20,
  0x63,0x6f,0x6e,0x73,0x74,0x61,0x6e,0x74,0x20,0x74,0x69,0x6d,0x65,0x73,0x20,0x74,
  0x65,0x6d,0x70,0x65,0x72,0x61,0x74,0x75,0x72,0x65,0x2e,0x09,0x69,0x64,0x65,0x61,
  0x6c,0x20,0x6c,0x61,0x77,0x01,0x5a,0x00,0x50,0x72,0x65,0x73,0x73,0x75,0x72,0x65,
  0x20,0x74,0x69,0x6d,0x65,0x73,0x20,0x76,0x6f,0x6c,0x75,0x6d,0x65,0x20,0x65,0x71,
  0x75,0x61,0x6c,0x73,0x20,0x74,0x68,0x65,0x20,0x6e,0x75,0x6d,0x62,0x65,0x72,0x20,
  0x6f,0x66,0x20,0x6d,0x6f,0x6c,0x65,0x73,0x20,0x74,0x69,0x6d,0x65,0x73,0x20,0x74,
  0x68,0x65,0x20,0x67,0x61,0x73,0x20,0x63,0x6f,0x6e,0x73,0x74,0x61,0x6e,0x74,0x20,
  0x74,0x69,0x6d,0x65,0x73,0x20,0x74,0x65,0x6d,0x70,0x65,0x72,0x61,0x74,0x75,0x72,
  0x65,0x2e,0x09,0x69,0x6d,0x70,0x65,0x64,0x61,0x6e,0x63,0x65,0x02,0x32,0x00,0x43,
  0x61,0x70,0x61,0x63,0x69,0x74,0x69,0x76,0x65,0x20,0x72,0x65,0x61,0x63,0x74,0x61,
  0x6e,0x63,0x65,0x20,0x65,0x71,0x75,0x61,0x6c,0x73,0x20,0x31,0x20,0x64,0x69,0x76,
  0x69,0x64,0x65,0x64,0x20,0x62,0x79,0x20,0x32,0x20,0x70,0x69,0x20,0x66,0x20,0x43,
  0x2e,0x24,0x00,0x49,0x6e,0x64,0x75,0x63,0x74,0x69,0x76,0x65,0x20,0x72,0x65,0x61,
  0x63,0x74,0x61,0x6e,0x63,0x65,0x20,0x65,0x71,0x75,0x61,0x6c,0x73,0x20,0x32,0x20,
  0x70,0x69,0x20,0x66,0x20,0x4c,0x2e,0x07,0x69,0x6d,0x70,0x75,0x6c,0x73,0x65,0x01,
  0x42,0x00,0x49,0x6d,0x70,0x75,0x6c,0x73,0x65,0x20,0x65,0x71,0x75,0x61,0x6c,0x73,
  0x20,0x66,0x6f,0x72,0x63,0x65,0x20,0x74,0x69,0x6d,0x65,0x73,0x20,0x74,0x69,0x6d,
  0x65,0x20,0x61,0x6e,0x64,0x20,0x65,0x71,0x75,0x61,0x6c,0x73,0x20,0x74,0x68,0x65,
  0x20,0x63,0x68,0x61,0x6e,0x67,0x65,0x20,0x69,0x6e,0x20,0x6d,0x6f,0x6d,0x65,0x6e,
  0x74,0x75,0x6d,0x2e,0x04,0x69,0x6e,0x63,0x68,0x01,0x1d,0x00,0x4f,0x6e,0x65,0x20,
  0x69,0x6e,0x63,0x68,0x20,0x69,0x73,0x20,0x32,0x35,0x2e,0x34,0x20,0x6d,0x69,0x6c,
  0x6c,0x69,0x6d,0x65,0x74,0x72,0x65,0x73,0x2e,0x05,0x69,0x6e,0x64,0x65,0x78,0x02,
  0x2c,0x00,0x54,0x68,0x65,0x20,0x72,0x65,0x66,0x72,0x61,0x63,0x74,0x69,0x76,0x65,
  0x20,0x69,0x6e,0x64,0x65,0x78,0x20,0x6f,0x66,0x20,0x77,0x61,0x74,0x65,0x72,0x20,
  0x69,0x73,0x20,0x61,0x62,0x6f,0x75,0x74,0x20,0x31,0x2e,0x33,0x33,0x2e,0x2b,0x00,
  0x54,0x68,0x65,0x20,0x72,0x65,0x66,0x72,0x61,0x63,0x74,0x69,0x76,0x65,0x20,0x69,
  0x6e,0x64,0x65,0x78,0x20,0x6f,0x66,0x20,0x67,0x6c,0x61,0x73,0x73,0x20,0x69,0x73,
  0x20,0x61,0x62,0x6f,0x75,0x74,0x20,0x31,0x2e,0x35,0x2e,0x0b,0x69,0x6e,0x64,0x65,
  0x78,0x20,0x67,0x6c,0x61,0x73,0x73,0x01,0x2b,0x00,0x54,0x68,0x65,0x20,0x72,0x65,
  0x66,0x72,0x61,0x63,0x74,0x69,0x76,0x65,0x20,0x69,0x6e,0x64,0x65,0x78,0x20,0x6f,
  0x66,0x20,0x67,0x6c,0x61,0x73,0x73,0x20,0x69,0x73,0x20,0x61,0x62,0x6f,0x75,0x74,
  0x20,0x31,0x2e,0x35,0x2e,0x0b,0x69,0x6e,0x64,0x65,0x78,0x20,0x77,0x61,0x74,0x65,
  0x72,0x01,0x2c,0x00,0x54,0x68,0x65,0x20,0x72,0x65,0x66,0x72,0x61,0x63,0x74,0x69,
  0x76,0x65,0x20,0x69,0x6e,0x64,0x65,0x78,0x20,0x6f,0x66,0x20,0x77,0x61,0x74,0x65,
  0x72,0x20,0x69,0x73,0x20,0x61,0x62,0x6f,0x75,0x74,0x20,0x31,0x2e,0x33,0x33,0x2e,
  0x0a,0x69,0x6e,0x64,0x75,0x63,0x74,0x61,0x6e,0x63,0x65,0x03,0x24,0x00,0x49,0x6e,
  0x64,0x75,0x63,0x74,0x69,0x76,0x65,0x20,0x72,0x65,0x61,0x63,0x74,0x61,0x6e,0x63,
  0x65,0x20,0x65,0x71,0x75,0x61,0x6c,0x73,0x20,0x32,0x20,0x70,0x69,0x20,0x66,0x20,
  0x4c,0x2e,0x3d,0x00,0x54,0x68,0x65,0x20,0x52,0x4c,0x20,0x74,0x69,0x6d,0x65,0x20,
  0x63,0x6f,0x6e,0x73,0x74,0x61,0x6e,0x74,0x20,0x65,0x71,0x75,0x61,0x6c,0x73,0x20,
  0x69,0x6e,0x64,0x75,0x63,0x74,0x61,0x6e,0x63,0x65,0x20,0x64,0x69,0x76,0x69,0x64,
  0x65,0x64,0x20,0x62,0x79,0x20,0x72,0x65,0x73,0x69,0x73,0x74,0x61,0x6e,0x63,0x65,
  0x2e,0x3a,0x00,0x45,0x6e,0x65,0x72,0x67,0x79,0x20,0x69,0x6e,0x20,0x61,0x6e,0x20,
  0x69,0x6e,0x64,0x75,0x63,0x74,0x6f,0x72,0x20,0x65,0x71,0x75,0x61,0x6c,0x73,0x20,
  0x68,0x61,0x6c,0x66,0x20,0x4c,0x20,0x74,0x69,0x6d,0x65,0x73,0x20,0x63,0x75,0x72,
  0x72,0x65,0x6e,0x74,0x20,0x73,0x71,0x75,0x61,0x72,0x65,0x64,0x2e,0x09,0x69,0x6e,
  0x64,0x75,0x63,0x74,0x69,0x76,0x65,0x01,0x24,0x00,0x49,0x6e,0x64,0x75,0x63,0x74,
  0x69,0x76,0x65,0x20,0x72,0x65,0x61,0x63,0x74,0x61,0x6e,0x63,0x65,0x20,0x65,0x71,
  0x75,0x61,0x6c,0x73,0x20,0x32,0x20,0x70,0x69,0x20,0x66,0x20,0x4c,0x2e,0x13,0x69,
  0x6e,0x64,0x75,0x63,0x74,0x69,0x76,0x65,0x20,0x72,0x65,0x61,0x63,0x74,0x61,0x6e,
  0x63,0x65,0x01,0x24,0x00,0x49,0x6e,0x64,0x75,0x63,0x74,0x69,0x76,0x65,0x20,0x72,
  0x65,0x61,0x63,0x74,0x61,0x6e,0x63,0x65,0x20,0x65,0x71,0x75,0x61,0x6c,0x73,0x20,
  0x32,0x20,0x70,0x69,0x20,0x66,0x20,0x4c,0x2e,0x08,0x69,0x6e,0x64,0x75,0x63,0x74,
  0x6f,0x72,0x01,0x3a,0x00,0x45,0x6e,0x65,0x72,0x67,0x79,0x20,0x69,0x6e,0x20,0x61,
  0x6e,0x20,0x69,0x6e,0x64,0x75,0x63,0x74,0x6f,0x72,0x20,0x65,0x71,0x75,0x61,0x6c,
  0x73,0x20,0x68,0x61,0x6c,0x66,0x20,0x4c,0x20,0x74,0x69,0x6d,0x65,0x73,0x20,0x63,
  0x75,0x72,0x72,0x65,0x6e,0x74,0x20,0x73,0x71,0x75,0x61,0x72,0x65,0x64,0x2e,0x0f,
  0x69,0x6e,0x64,0x75,0x63,0x74,0x6f,0x72,0x20,0x65,0x6e,0x65,0x72,0x67,0x79,0x01,
  0x3a,0x00,0x45,0x6e,0x65,0x72,0x67,0x79,0x20,0x69,0x6e,0x20,0x61,0x6e,0x20,0x69,
  0x6e,0x64,0x75,0x63,0x74,0x6f,0x72,0x20,0x65,0x71,0x75,0x61,0x6c,0x73,0x20,0x68,
  0x61,0x6c,0x66,0x20,0x4c,0x20,0x74,0x69,0x6d,0x65,0x73,0x20,0x63,0x75,0x72,0x72,
  0x65,0x6e,0x74,0x20,0x73,0x71,0x75,0x61,0x72,0x65,0x64,0x2e,0x09,0x69,0x6e,0x74,
  0x65,0x6e,0x73,0x69,0x74,0x79,0x01,0x46,0x00,0x53,0x6f,0x75,0x6e,0x64,0x20,0x69,
  0x6e,0x74,0x65,0x6e,0x73,0x69,0x74,0x79,0x20,0x66,0x61,0x6c,0x6c,0x73,0x20,0x77,
  0x69,0x74,0x68,0x20,0x74,0x68,0x65,0x20,0x73,0x71,0x75,0x61,0x72,0x65,0x20,0x6f,
  0x66,0x20,0x74,0x68,0x65,0x20,0x64,0x69,0x73,0x74,0x61,0x6e,0x63,0x65,0x20,0x66,
  0x72,0x6f,0x6d,0x20,0x74,0x68,0x65,0x20,0x73,0x6f,0x75,0x72,0x63,0x65,0x2e,0x09,
  0x69,0x6e,0x76,0x65,0x72,0x74,0x69,0x6e,0x67,0x01,0x66,0x00,0x46,0x6f,0x72,0x20,
  0x61,0x6e,0x20,0x69,0x6e,0x76,0x65,0x72,0x74,0x69,0x6e,0x67,0x20,0x61,0x6d,0x70,
  0x6c,0x69,0x66,0x69,0x65,0x72,0x2c,0x20,0x67,0x61,0x69,0x6e,0x20,0x65,0x71,0x75,
  0x61,0x6c,0x73,0x20,0x6d,0x69,0x6e,0x75,0x73,0x20,0x74,0x68,0x65,0x20,0x66,0x65,
  0x65,0x64,0x62,0x61,0x63,0x6b,0x20,0x72,0x65,0x73,0x69,0x73,0x74,0x61,0x6e,0x63,
  0x65,0x20,0x64,0x69,0x76,0x69,0x64,0x65,0x64,0x20,0x62,0x79,0x20,0x74,0x68,0x65,
  0x20,0x69,0x6e,0x70,0x75,0x74,0x20,0x72,0x65,0x73,0x69,0x73,0x74,0x61,0x6e,0x63,
  0x65,0x2e,0x13,0x69,0x6e,0x76,0x65,0x72,0x74,0x69,0x6e,0x67,0x20,0x61,0x6d,0x70,
  0x6c,0x69,0x66,0x69,0x65,0x72,0x01,0x66,0x00,0x46,0x6f,0x72,0x20,0x61,0x6e,0x20,
  0x69,0x6e,0x76,0x65,0x72,0x74,0x69,0x6e,0x67,0x20,0x61,0x6d,0x70,0x6c,0x69,0x66,
  0x69,0x65,0x72,0x2c,0x20,0x67,0x61,0x69,0x6e,0x20,0x65,0x71,0x75,0x61,0x6c,0x73,
  0x20,0x6d,0x69,0x6e,0x75,0x73,0x20,0x74,0x68,0x65,0x20,0x66,0x65,0x65,0x64,0x62,
  0x61,0x63,0x6b,0x20,0x72,0x65,0x73,0x69,0x73,0x74,0x61,0x6e,0x63,0x65,0x20,0x64,
  0x69,0x76,0x69,0x64,0x65,0x64,0x20,0x62,0x79,0x20,0x74,0x68,0x65,0x20,0x69,0x6e,
  0x70,0x75,0x74,0x20,0x72,0x65,0x73,0x69,0x73,0x74,0x61,0x6e,0x63,0x65,0x2e,0x03,
  0x69,0x6f,0x6e,0x01,0x44,0x00,0x41,0x20,0x6c,0x69,0x74,0x68,0x69,0x75,0x6d,0x20,
  0x69,0x6f,0x6e,0x20,0x63,0x65,0x6c,0x6c,0x20,0x69,0x73,0x20,0x33,0x2e,0x37,0x20,
  0x76,0x6f,0x6c,0x74,0x73,0x20,0x6e,0x6f,0x6d,0x69,0x6e,0x61,0x6c,0x20,0x61,0x6e,
  0x64,0x20,0x34,0x2e,0x32,0x20,0x76,0x6f,0x6c,0x74,0x73,0x20,0x66,0x75,0x6c,0x6c,
  0x79,0x20,0x63,0x68,0x61,0x72,0x67,0x65,0x64,0x2e,0x08,0x69,0x6f,0x6e,0x20,0x63,
  0x65,0x6c,0x6c,0x01,0x44,0x00,0x41,0x20,0x6c,0x69,0x74,0x68,0x69,0x75,0x6d,0x20,
  0x69,0x6f,0x6e,0x20,0x63,0x65,0x6c,0x6c,0x20,0x69,0x73,0x20,0x33,0x2e,0x37,0x20,
  0x76,0x6f,0x6c,0x74,0x73,0x20,0x6e,0x6f,0x6d,0x69,0x6e,0x61,0x6c,0x20,0x61,0x6e,
  0x64,0x20,0x34,0x2e,0x32,0x20,0x76,0x6f,0x6c,0x74,0x73,0x20,0x66,0x75,0x6c,0x6c,
  0x79,0x20,0x63,0x68,0x61,0x72,0x67,0x65,0x64,0x2e,0x04,0x69,0x72,0x6f,0x6e,0x06,
  0x3d,0x00,0x49,0x72,0x6f,0x6e,0x20,0x68,0x61,0x73,0x20,0x73,0x79,0x6d,0x62,0x6f,
  0x6c,0x20,0x46,0x65,0x2c,0x20,0x61,0x74,0x6f,0x6d,0x69,0x63,0x20,0x6e,0x75,0x6d,
  0x62,0x65,0x72,0x20,0x32,0x36,0x2c,0x20,0x61,0x6e,0x64,0x20,0x61,0x74,0x6f,0x6d,
  0x69,0x63,0x20,0x6d,0x61,0x73,0x73,0x20,0x35,0x35,0x2e,0x38,0x34,0x35,0x2e,0x36,
  0x00,0x54,0x68,0x65,0x20,0x64,0x65,0x6e,0x73,0x69,0x74,0x79,0x20,0x6f,0x66,0x20,
  0x69,0x72,0x6f,0x6e,0x20,0x69,0x73,0x20,0x37,0x38,0x37,0x34,0x20,0x6b,0x69,0x6c,
  0x6f,0x67,0x72,0x61,0x6d,0x73,0x20,0x70,0x65,0x72,0x20,0x63,0x75,0x62,0x69,0x63,
  0x20,0x6d,0x65,0x74,0x72,0x65,0x2e,0x32,0x00,0x54,0x68,0x65,0x20,0x6d,0x65,0x6c,
  0x74,0x69,0x6e,0x67,0x20,0x70,0x6f,0x69,0x6e,0x74,0x20,0x6f,0x66,0x20,0x69,0x72,
  0x6f,0x6e,0x20,0x69,0x73,0x20,0x31,0x35,0x33,0x38,0x20,0x64,0x65,0x67,0x72,0x65,
  0x65,0x73,0x20,0x43,0x65,0x6c,0x73,0x69,0x75,0x73,0x2e,0x30,0x00,0x54,0x68,0x65,
  0x20,0x72,0x65,0x73,0x69,0x73,0x74,0x69,0x76,0x69,0x74,0x79,0x20,0x6f,0x66,0x20,
  0x69,0x72,0x6f,0x6e,0x20,0x69,0x73,0x20,0x39,0x2e,0x37,0x65,0x2d,0x38,0x20,0x6f,
  0x68,0x6d,0x20,0x6d,0x20,0x61,0x74,0x20,0x32,0x30,0x20,0x43,0x2e,0x34,0x00,0x54,
  0x68,0x65,0x20,0x61,0x74,0x6f,0x6d,0x69,0x63,0x20,0x6d,0x61,0x73,0x73,0x20,0x6f,
  0x66,0x20,0x69,0x72,0x6f,0x6e,0x20,0x69,0x73,0x20,0x35,0x35,0x2e,0x38,0x34,0x35,
  0x20,0x61,0x74,0x6f,0x6d,0x69,0x63,0x20,0x6d,0x61,0x73,0x73,0x20,0x75,0x6e,0x69,
  0x74,0x73,0x2e,0x20,0x00,0x54,0x68,0x65,0x20,0x61,0x74,0x6f,0x6d,0x69,0x63,0x20,
  0x6e,0x75,0x6d,0x62,0x65,0x72,0x20,0x6f,0x66,0x20,0x69,0x72,0x6f,0x6e,0x20,0x69,
  0x73,0x20,0x32,0x36,0x2e,0x0b,0x69,0x72,0x6f,0x6e,0x20,0x61,0x74,0x6f,0x6d,0x69,
  0x63,0x02,0x34,0x00,0x54,0x68,0x65,0x20,0x61,0x74,0x6f,0x6d,0x69,0x63,0x20,0x6d,
  0x61,0x73,0x73,0x20,0x6f,0x66,0x20,0x69,0x72,0x6f,0x6e,0x20,0x69,0x73,0x20,0x35,
  0x35,0x2e,0x38,0x34,0x35,0x20,0x61,0x74,0x6f,0x6d,0x69,0x63,0x20,0x6d,0x61,0x73,
  0x73,0x20,0x75,0x6e,0x69,0x74,0x73,0x2e,0x20,0x00,0x54,0x68,0x65,0x20,0x61,0x74,
  0x6f,0x6d,0x69,0x63,0x20,0x6e,0x75,0x6d,0x62,0x65,0x72,0x20,0x6f,0x66,0x20,0x69,
  0x72,0x6f,0x6e,0x20,0x69,0x73,0x20,0x32,0x36,0x2e,0x10,0x69,0x72,0x6f,0x6e,0x20,
  0x61,0x74,0x6f,0x6d,0x69,0x63,0x20,0x6d,0x61,0x73,0x73,0x01,0x34,0x00,0x54,0x68,
  0x65,0x20,0x61,0x74,0x6f,0x6d,0x69,0x63,0x20,0x6d,0x61,0x73,0x73,0x20,0x6f,0x66,
  0x20,0x69,0x72,0x6f,0x6e,0x20,0x69,0x73,0x20,0x35,0x35,0x2e,0x38,0x34,0x35,0x20,
  0x61,0x74,0x6f,0x6d,0x69,0x63,0x20,0x6d,0x61,0x73,0x73,0x20,0x75,0x6e,0x69,0x74,
  0x73,0x2e,0x12,0x69,0x72,0x6f,0x6e,0x20,0x61,0x74,0x6f,0x6d,0x69,0x63,0x20,0x6e,
  0x75,0x6d,0x62,0x65,0x72,0x01,0x20,0x00,0x54,0x68,0x65,0x20,0x61,0x74,0x6f,0x6d,
  0x69,0x63,0x20,0x6e,0x75,0x6d,0x62,0x65,0x72,0x20,0x6f,0x66,0x20,0x69,0x72,0x6f,
  0x6e,0x20,0x69,0x73,0x20,0x32,0x36,0x2e,0x0c,0x69,0x72,0x6f,0x6e,0x20,0x64,0x65,
  0x6e,0x73,0x69,0x74,0x79,0x01,0x36,0x00,0x54,0x68,0x65,0x20,0x64,0x65,0x6e,0x73,
  0x69,0x74,0x79,0x20,0x6f,0x66,0x20,0x69,0x72,0x6f,0x6e,0x20,0x69,0x73,0x20,0x37,
  0x38,0x37,0x34,0x20,0x6b,0x69,0x6c,0x6f,0x67,0x72,0x61,0x6d,0x73,0x20,0x70,0x65,
  0x72,0x20,0x63,0x75,0x62,0x69,0x63,0x20,0x6d,0x65,0x74,0x72,0x65,0x2e,0x09,0x69,
  0x72,0x6f,0x6e,0x20,0x6d,0x61,0x73,0x73,0x01,0x34,0x00,0x54,0x68,0x65,0x20,0x61,
  0x74,0x6f,0x6d,0x69,0x63,0x20,0x6d,0x61,0x73,0x73,0x20,0x6f,0x66,0x20,0x69,0x72,
  0x6f,0x6e,0x20,0x69,0x73,0x20,0x35,0x35,0x2e,0x38,0x34,0x35,0x20,0x61,0x74,0x6f,
  0x6d,0x69,0x63,0x20,0x6d,0x61,0x73,0x73,0x20,0x75,0x6e,0x69,0x74,0x73,0x2e,0x0c,
  0x69,0x72,0x6f,0x6e,0x20,0x6d,0x65,0x6c,0x74,0x69,0x6e,0x67,0x01,0x32,0x00,0x54,
  0x68,0x65,0x20,0x6d,0x65,0x6c,0x74,0x69,0x6e,0x67,0x20,0x70,0x6f,0x69,0x6e,0x74,
  0x20,0x6f,0x66,0x20,0x69,0x72,0x6f,0x6e,0x20,0x69,0x73,0x20,0x31,0x35,0x33,0x38,
  0x20,0x64,0x65,0x67,0x72,0x65,0x65,0x73,0x20,0x43,0x65,0x6c,0x73,0x69,0x75,0x73,
  0x2e,0x12,0x69,0x72,0x6f,0x6e,0x20,0x6d,0x65,0x6c,0x74,0x69,0x6e,0x67,0x20,0x70,
  0x6f,0x69,0x6e,0x74,0x01,0x32,0x00,0x54,0x68,0x65,0x20,0x6d,0x65,0x6c,0x74,0x69,
  0x6e,0x67,0x20,0x70,0x6f,0x69,0x6e,0x74,0x20,0x6f,0x66,0x20,0x69,0x72,0x6f,0x6e,
  0x20,0x69,0x73,0x20,0x31,0x35,0x33,0x38,0x20,0x64,0x65,0x67,0x72,0x65,0x65,0x73,
  0x20,0x43,0x65,0x6c,0x73,0x69,0x75,0x73,0x2e,0x0b,0x69,0x72,0x6f,0x6e,0x20,0x6e,
  0x75,0x6d,0x62,0x65,0x72,0x01,0x20,0x00,0x54,0x68,0x65,0x20,0x61,0x74,0x6f,0x6d,
  0x69,0x63,0x20,0x6e,0x75,0x6d,0x62,0x65,0x72,0x20,0x6f,0x66,0x20,0x69,0x72,0x6f,
  0x6e,0x20,0x69,0x73,0x20,0x32,0x36,0x2e,0x0a,0x69,0x72,0x6f,0x6e,0x20,0x70,0x6f,
  0x69,0x6e,0x74,0x01,0x32,0x00,0x54,0x68,0x65,0x20,0x6d,0x65,0x6c,0x74,0x69,0x6e,
  0x67,0x20,0x70,0x6f,0x69,0x6e,0x74,0x20,0x6f,0x66,0x20,0x69,0x72,0x6f,0x6e,0x20,
  0x69,0x73,0x20,0x31,0x35,0x33,0x38,0x20,0x64,0x65,0x67,0x72,0x65,0x65,0x73,0x20,
  0x43,0x65,0x6c,0x73,0x69,0x75,0x73,0x2e,0x10,0x69,0x72,0x6f,0x6e,0x20,0x72,0x65,
  0x73,0x69,0x73,0x74,0x69,0x76,0x69,0x74,0x79,0x01,0x30,0x00,0x54,0x68,0x65,0x20,
  0x72,0x65,0x73,0x69,0x73,0x74,0x69,0x76,0x69,0x74,0x79,0x20,0x6f,0x66,0x20,0x69,
  0x72,0x6f,0x6e,0x20,0x69,0x73,0x20,0x39,0x2e,0x37,0x65,0x2d,0x38,0x20,0x6f,0x68,
  0x6d,0x20,0x6d,0x20,0x61,0x74,0x20,0x32,0x30,0x20,0x43,0x2e,0x07,0x6a,0x75,0x70,
  0x69,0x74,0x65,0x72,0x01,0x80,0x00,0x4a,0x75,0x70,0x69,0x74,0x65,0x72,0x20,0x68,
  0x61,0x73,0x20,0x61,0x20,0x64,0x69,0x61,0x6d,0x65,0x74,0x65,0x72,0x20,0x6f,0x66,
  0x20,0x61,0x62,0x6f,0x75,0x74,0x20,0x31,0x33,0x39,0x38,0x32,0x30,0x20,0x6b,0x6d,
  0x2c,0x20,0x6f,0x72,0x62,0x69,0x74,0x73,0x20,0x61,0x62,0x6f,0x75,0x74,0x20,0x37,
  0x37,0x38,0x2e,0x35,0x20,0x6d,0x69,0x6c,0x6c,0x69,0x6f,0x6e,0x20,0x6b,0x6d,0x20,
  0x66,0x72,0x6f,0x6d,0x20,0x74,0x68,0x65,0x20,0x53,0x75,0x6e,0x2c,0x20,0x61,0x6e,
  0x64,0x20,0x74,0x61,0x6b,0x65,0x73,0x20,0x61,0x62,0x6f,0x75,0x74,0x20,0x34,0x33,
  0x33,0x33,0x20,0x45,0x61,0x72,0x74,0x68,0x20,0x64,0x61,0x79,0x73,0x20,0x74,0x6f,
  0x20,0x6f,0x72,0x62,0x69,0x74,0x2e,0x06,0x6b,0x65,0x6c,0x76,0x69,0x6e,0x01,0x2a,
  0x00,0x4b,0x65,0x6c,0x76,0x69,0x6e,0x20,0x65,0x71,0x75,0x61,0x6c,0x73,0x20,0x64,
  0x65,0x67,0x72,0x65,0x65,0x73,0x20,0x43,0x65,0x6c,0x73,0x69,0x75,0x73,0x20,0x70,
  0x6c,0x75,0x73,0x20,0x32,0x37,0x33,0x2e,0x31,0x35,0x2e,0x04,0x6b,0x69,0x6c,0x6f,
  0x01,0x1e,0x00,0x54,0x68,0x65,0x20,0x70,0x72,0x65,0x66,0x69,0x78,0x20,0x6b,0x69,
  0x6c,0x6f,0x20,0x28,0x6b,0x29,0x20,0x6d,0x65,0x61,0x6e,0x73,0x20,0x31,0x65,0x33,
  0x2e,0x0b,0x6b,0x69,0x6c,0x6f,0x20,0x70,0x72,0x65,0x66,0x69,0x78,0x01,0x1e,0x00,
  0x54,0x68,0x65,0x20,0x70,0x72,0x65,0x66,0x69,0x78,0x20,0x6b,0x69,0x6c,0x6f,0x20,
  0x28,0x6b,0x29,0x20,0x6d,0x65,0x61,0x6e,0x73,0x20,0x31,0x65,0x33,0x2e,0x07,0x6b,
  0x69,0x6e,0x65,0x74,0x69,0x63,0x01,0x37,0x00,0x4b,0x69,0x6e,0x65,0x74,0x69,0x63,
  0x20,0x65,0x6e,0x65,0x72,0x67,0x79,0x20,0x65,0x71,0x75,0x61,0x6c,0x73,0x20,0x68,
  0x61,0x6c,0x66,0x20,0x6d,0x61,0x73,0x73,0x20,0x74,0x69,0x6d,0x65,0x73,0x20,0x76,
  0x65,0x6c,0x6f,0x63,0x69,0x74,0x79,0x20,0x73,0x71,0x75,0x61,0x72,0x65,0x64,0x2e,
  0x0e,0x6b,0x69,0x6e,0x65,0x74,0x69,0x63,0x20,0x65,0x6e,0x65,0x72,0x67,0x79,0x01,
  0x37,0x00,0x4b,0x69,0x6e,0x65,0x74,0x69,0x63,0x20,0x65,0x6e,0x65,0x72,0x67,0x79,
  0x20,0x65,0x71,0x75,0x61,0x6c,0x73,0x20,0x68,0x61,0x6c,0x66,0x20,0x6d,0x61,0x73,
  0x73,0x20,0x74,0x69,0x6d,0x65,0x73,0x20,0x76,0x65,0x6c,0x6f,0x63,0x69,0x74,0x79,
  0x20,0x73,0x71,0x75,0x61,0x72,0x65,0x64,0x2e,0x09,0x6b,0x69,0x72,0x63,0x68,0x68,
  0x6f,0x66,0x66,0x02,0x3b,0x00,0x54,0x68,0x65,0x20,0x63,0x75,0x72,0x72,0x65,0x6e,
  0x74,0x73,0x20,0x65,0x6e,0x74,0x65,0x72,0x69,0x6e,0x67,0x20,0x61,0x20,0x6e,0x6f,
  0x64,0x65,0x20,0x65,0x71,0x75,0x61,0x6c,0x20,0x74,0x68,0x65,0x20,0x63,0x75,0x72,
  0x72,0x65,0x6e,0x74,0x73,0x20,0x6c,0x65,0x61,0x76,0x69,0x6e,0x67,0x20,0x69,0x74,
  0x2e,0x2e,0x00,0x54,0x68,0x65,0x20,0x76,0x6f,0x6c,0x74,0x61,0x67,0x65,0x73,0x20,
  0x61,0x72,0x6f,0x75,0x6e,0x64,0x20,0x61,0x20,0x63,0x6c,0x6f,0x73,0x65,0x64,0x20,
  0x6c,0x6f,0x6f,0x70,0x20,0x73,0x75,0x6d,0x20,0x74,0x6f,0x20,0x7a,0x65,0x72,0x6f,
  0x2e,0x11,0x6b,0x69,0x72,0x63,0x68,0x68,0x6f,0x66,0x66,0x20,0x63,0x75,0x72,0x72,
  0x65,0x6e,0x74,0x01,0x3b,0x00,0x54,0x68,0x65,0x20,0x63,0x75,0x72,0x72,0x65,0x6e,
  0x74,0x73,0x20,0x65,0x6e,0x74,0x65,0x72,0x69,0x6e,0x67,0x20,0x61,0x20,0x6e,0x6f,
  0x64,0x65,0x20,0x65,0x71,0x75,0x61,0x6c,0x20,0x74,0x68,0x65,0x20,0x63,0x75,0x72,
  0x72,0x65,0x6e,0x74,0x73,0x20,0x6c,0x65,0x61,0x76,0x69,0x6e,0x67,0x20,0x69,0x74,
  0x2e,0x11,0x6b,0x69,0x72,0x63,0x68,0x68,0x6f,0x66,0x66,0x20,0x76,0x6f,0x6c,0x74,
  0x61,0x67,0x65,0x01,0x2e,0x00,0x54,0x68,0x65,0x20,0x76,0x6f,0x6c,0x74,0x61,0x67,
  0x65,0x73,0x20,0x61,0x72,0x6f,0x75,0x6e,0x64,0x20,0x61,0x20,0x63,0x6c,0x6f,0x73,
  0x65,0x64,0x20,0x6c,0x6f,0x6f,0x70,0x20,0x73,0x75,0x6d,0x20,0x74,0x6f,0x20,0x7a,
  0x65,0x72,0x6f,0x2e,0x04,0x6b,0x6e,0x6f,0x74,0x01,0x26,0x00,0x4f,0x6e,0x65,0x20,
  0x6b,0x6e,0x6f,0x74,0x20,0x69,0x73,0x20,0x31,0x2e,0x38,0x35,0x32,0x20,0x6b,0x69,
  0x6c,0x6f,0x6d,0x65,0x74,0x72,0x65,0x73,0x20,0x70,0x65,0x72,0x20,0x68,0x6f,0x75,
  0x72,0x2e,0x07,0x6b,0x72,0x79,0x70,0x74,0x6f,0x6e,0x03,0x40,0x00,0x4b,0x72,0x79,
  0x70,0x74,0x6f,0x6e,0x20,0x68,0x61,0x73,0x20,0x73,0x79,0x6d,0x62,0x6f,0x6c,0x20,
  0x4b,0x72,0x2c,0x20,0x61,0x74,0x6f,0x6d,0x69,0x63,0x20,0x6e,0x75,0x6d,0x62,0x65,
  0x72,0x20,0x33,0x36,0x2c,0x20,0x61,0x6e,0x64,0x20,0x61,0x74,0x6f,0x6d,0x69,0x63,
  0x20,0x6d,0x61,0x73,0x73,0x20,0x38,0x33,0x2e,0x37,0x39,0x38,0x2e,0x37,0x00,0x54,
  0x68,0x65,0x20,0x61,0x74,0x6f,0x6d,0x69,0x63,0x20,0x6d,0x61,0x73,0x73,0x20,0x6f,
  0x66,0x20,0x6b,0x72,0x79,0x70,0x74,0x6f,0x6e,0x20,0x69,0x73,0x20,0x38,0x33,0x2e,
  0x37,0x39,0x38,0x20,0x61,0x74,0x6f,0x6d,0x69,0x63,0x20,0x6d,0x61,0x73,0x73,0x20,
  0x75,0x6e,0x69,0x74,0x73,0x2e,0x23,0x00,0x54,0x68,0x65,0x20,0x61,0x74,0x6f,0x6d,
  0x69,0x63,0x20,0x6e,0x75,0x6d,0x62,0x65,0x72,0x20,0x6f,0x66,0x20,0x6b,0x72,0x79,
  0x70,0x74,0x6f,0x6e,0x20,0x69,0x73,0x20,0x33,0x36,0x2e,0x0e,0x6b,0x72,0x79,0x70,
  0x74,0x6f,0x6e,0x20,0x61,0x74,0x6f,0x6d,0x69,0x63,0x02,0x37,0x00,0x54,0x68,0x65,
  0x20,0x61,0x74,0x6f,0x6d,0x69,0x63,0x20,0x6d,0x61,0x73,0x73,0x20,0x6f,0x66,0x20,
  0x6b,0x72,0x79,0x70,0x74,0x6f,0x6e,0x20,0x69,0x73,0x20,0x38,0x33,0x2e,0x37,0x39,
  0x38,0x20,0x61,0x74,0x6f,0x6d,0x69,0x63,0x20,0x6d,0x61,0x73,0x73,0x20,0x75,0x6e,
  0x69,0x74,0x73,0x2e,0x23,0x00,0x54,0x68,0x65,0x20,0x61,0x74,0x6f,0x6d,0x69,0x63,
  0x20,0x6e,0x75,0x6d,0x62,0x65,0x72,0x20,0x6f,0x66,0x20,0x6b,0x72,0x79,0x70,0x74,
  0x6f,0x6e,0x20,0x69,0x73,0x20,0x33,0x36,0x2e,0x13,0x6b,0x72,0x79,0x70,0x74,0x6f,
  0x6e,0x20,0x61,0x74,0x6f,0x6d,0x69,0x63,0x20,0x6d,0x61,0x73,0x73,0x01,0x37,0x00,
  0x54,0x68,0x65,0x20,0x61,0x74,0x6f,0x6d,0x69,0x63,0x20,0x6d,0x61,0x73,0x73,0x20,
  0x6f,0x66,0x20,0x6b,0x72,0x79,0x70,0x74,0x6f,0x6e,0x20,0x69,0x73,0x20,0x38,0x33,
  0x2e,0x37,0x39,0x38,0x20,0x61,0x74,0x6f,0x6d,0x69,0x63,0x20,0x6d,0x61,0x73,0x73,
  0x20,0x75,0x6e,0x69,0x74,0x73,0x2e,0x15,0x6b,0x72,0x79,0x70,0x74,0x6f,0x6e,0x20,
  0x61,0x74,0x6f,0x6d,0x69,0x63,0x20,0x6e,0x75,0x6d,0x62,0x65,0x72,0x01,0x23,0x00,
  0x54,0x68,0x65,0x20,0x61,0x74,0x6f,0x6d,0x69,0x63,0x20,0x6e,0x75,0x6d,0x62,0x65,
  0x72,0x20,0x6f,0x66,0x20,0x6b,0x72,0x79,0x70,0x74,0x6f,0x6e,0x20,0x69,0x73,0x20,
  0x33,0x36,0x2e,0x0c,0x6b,0x72,0x79,0x70,0x74,0x6f,0x6e,0x20,0x6d,0x61,0x73,0x73,
  0x01,0x37,0x00,0x54,0x68,0x65,0x20,0x61,0x74,0x6f,0x6d,0x69,0x63,0x20,0x6d,0x61,
  0x73,0x73,0x20,0x6f,0x66,0x20,0x6b,0x72,0x79,0x70,0x74,0x6f,0x6e,0x20,0x69,0x73,
  0x20,0x38,0x33,0x2e,0x37,0x39,0x38,0x20,0x61,0x74,0x6f,0x6d,0x69,0x63,0x20,0x6d,
  0x61,0x73,0x73,0x20,0x75,0x6e,0x69,0x74,0x73,0x2e,0x0e,0x6b,0x72,0x79,0x70,0x74,
  0x6f,0x6e,0x20,0x6e,0x75,0x6d,0x62,0x65,0x72,0x01,0x23,0x00,0x54,0x68,0x65,0x20,
  0x61,0x74,0x6f,0x6d,0x69,0x63,0x20,0x6e,0x75,0x6d,0x62,0x65,0x72,0x20,0x6f,0x66,
  0x20,0x6b,0x72,0x79,0x70,0x74,0x6f,0x6e,0x20,0x69,0x73,0x20,0x33,0x36,0x2e,0x06,
  0x6c,0x61,0x74,0x65,0x6e,0x74,0x02,0x36,0x00,0x4d,0x65,0x6c,0x74,0x69,0x6e,0x67,
  0x20,0x6f,0x6e,0x65,0x20,0x6b,0x69,0x6c,0x6f,0x67,0x72,0x61,0x6d,0x20,0x6f,0x66,
  0x20,0x69,0x63,0x65,0x20,0x74,0x61,0x6b,0x65,0x73,0x20,0x61,0x62,0x6f,0x75,0x74,
  0x20,0x33,0x33,0x34,0x30,0x30,0x30,0x20,0x6a,0x6f,0x75,0x6c,0x65,0x73,0x2e,0x39,
  0x00,0x42,0x6f,0x69,0x6c,0x69,0x6e,0x67,0x20,0x6f,0x6e,0x65,0x20,0x6b,0x69,0x6c,
  0x6f,0x67,0x72,0x61,0x6d,0x20,0x6f,0x66,0x20,0x77,0x61,0x74,0x65,0x72,0x20,0x74,
  0x61,0x6b,0x65,0x73,0x20,0x61,0x62,0x6f,0x75,0x74,0x20,0x32,0x32,0x36,0x30,0x30,
  0x30,0x30,0x20,0x6a,0x6f,0x75,0x6c,0x65,0x73,0x2e,0x0d,0x6c,0x61,0x74,0x65,0x6e,
  0x74,0x20,0x66,0x75,0x73,0x69,0x6f,0x6e,0x01,0x36,0x00,0x4d,0x65,0x6c,0x74,0x69,
  0x6e,0x67,0x20,0x6f,0x6e,0x65,0x20,0x6b,0x69,0x6c,0x6f,0x67,0x72,0x61,0x6d,0x20,
  0x6f,0x66,0x20,0x69,0x63,0x65,0x20,0x74,0x61,0x6b,0x65,0x73,0x20,0x61,0x62,0x6f,
  0x75,0x74,0x20,0x33,0x33,0x34,0x30,0x30,0x30,0x20,0x6a,0x6f,0x75,0x6c,0x65,0x73,
  0x2e,0x0b,0x6c,0x61,0x74,0x65,0x6e,0x74,0x20,0x68,0x65,0x61,0x74,0x02,0x36,0x00,
  0x4d,0x65,0x6c,0x74,0x69,0x6e,0x67,0x20,0x6f,0x6e,0x65,0x20,0x6b,0x69,0x6c,0x6f,
  0x67,0x72,0x61,0x6d,0x20,0x6f,0x66,0x20,0x69,0x63,0x65,0x20,0x74,0x61,0x6b,0x65,
  0x73,0x20,0x61,0x62,0x6f,0x75,0x74,0x20,0x33,0x33,0x34,0x30,0x30,0x30,0x20,0x6a,
  0x6f,0x75,0x6c,0x65,0x73,0x2e,0x39,0x00,0x42,0x6f,0x69,0x6c,0x69,0x6e,0x67,0x20,
  0x6f,0x6e,0x65,0x20,0x6b,0x69,0x6c,0x6f,0x67,0x72,0x61,0x6d,0x20,0x6f,0x66,0x20,
  0x77,0x61,0x74,0x65,0x72,0x20,0x74,0x61,0x6b,0x65,0x73,0x20,0x61,0x62,0x6f,0x75,
  0x74,0x20,0x32,0x32,0x36,0x30,0x30,0x30,0x30,0x20,0x6a,0x6f,0x75,0x6c,0x65,0x73,
  0x2e,0x12,0x6c,0x61,0x74,0x65,0x6e,0x74,0x20,0x68,0x65,0x61,0x74,0x20,0x66,0x75,
  0x73,0x69,0x6f,0x6e,0x01,0x36,0x00,0x4d,0x65,0x6c,0x74,0x69,0x6e,0x67,0x20,0x6f,
  0x6e,0x65,0x20,0x6b,0x69,0x6c,0x6f,0x67,0x72,0x61,0x6d,0x20,0x6f,0x66,0x20,0x69,
  0x63,0x65,0x20,0x74,0x61,0x6b,0x65,0x73,0x20,0x61,0x62,0x6f,0x75,0x74,0x20,0x33,
  0x33,0x34,0x30,0x30,0x30,0x20,0x6a,0x6f,0x75,0x6c,0x65,0x73,0x2e,0x18,0x6c,0x61,
  0x74,0x65,0x6e,0x74,0x20,0x68,0x65,0x61,0x74,0x20,0x76,0x61,0x70,0x6f,0x72,0x69,
  0x73,0x61,0x74,0x69,0x6f,0x6e,0x01,0x39,0x00,0x42,0x6f,0x69,0x6c,0x69,0x6e,0x67,
  0x20,0x6f,0x6e,0x65,0x20,0x6b,0x69,0x6c,0x6f,0x67,0x72,0x61,0x6d,0x20,0x6f,0x66,
  0x20,0x77,0x61,0x74,0x65,0x72,0x20,0x74,0x61,0x6b,0x65,0x73,0x20,0x61,0x62,0x6f,
  0x75,0x74,0x20,0x32,0x32,0x36,0x30,0x30,0x30,0x30,0x20,0x6a,0x6f,0x75,0x6c,0x65,
  0x73,0x2e,0x13,0x6c,0x61,0x74,0x65,0x6e,0x74,0x20,0x76,0x61,0x70,0x6f,0x72,0x69,
  0x73,0x61,0x74,0x69,0x6f,0x6e,0x01,0x39,0x00,0x42,0x6f,0x69,0x6c,0x69,0x6e,0x67,
  0x20,0x6f,0x6e,0x65,0x20,0x6b,0x69,0x6c,0x6f,0x67,0x72,0x61,0x6d,0x20,0x6f,0x66,
  0x20,0x77,0x61,0x74,0x65,0x72,0x20,0x74,0x61,0x6b,0x65,0x73,0x20,0x61,0x62,0x6f,
  0x75,0x74,0x20,0x32,0x32,0x36,0x30,0x30,0x30,0x30,0x20,0x6a,0x6f,0x75,0x6c,0x65,
  0x73,0x2e,0x03,0x6c,0x61,0x77,0x05,0x28,0x00,0x56,0x6f,0x6c,0x74,0x61,0x67,0x65,
  0x20,0x65,0x71,0x75,0x61,0x6c,0x73,0x20,0x63,0x75,0x72,0x72,0x65,0x6e,0x74,0x20,
  0x74,0x69,0x6d,0x65,0x73,0x20,0x72,0x65,0x73,0x69,0x73,0x74,0x61,0x6e,0x63,0x65,
  0x2e,0x25,0x00,0x46,0x6f,0x72,0x63,0x65,0x20,0x65,0x71,0x75,0x61,0x6c,0x73,0x20,
  0x6d,0x61,0x73,0x73,0x20,0x74,0x69,0x6d,0x65,0x73,0x20,0x61,0x63,0x63,0x65,0x6c,
  0x65,0x72,0x61,0x74,0x69,0x6f,0x6e,0x2e,0x68,0x00,0x54,0x68,0x65,0x20,0x66,0x6f,
  0x72,0x63,0x65,0x20,0x62,0x65,0x74,0x77,0x65,0x65,0x6e,0x20,0x74,0x77,0x6f,0x20,
  0x63,0x68,0x61,0x72,0x67,0x65,0x73,0x20,0x65,0x71,0x75,0x61,0x6c,0x73,0x20,0x6b,
  0x20,0x74,0x69,0x6d,0x65,0x73,0x20,0x74,0x68,0x65,0x20,0x70,0x72,0x6f,0x64,0x75,
  0x63,0x74,0x20,0x6f,0x66,0x20,0x74,0x68,0x65,0x20,0x63,0x68,0x61,0x72,0x67,0x65,
  0x73,0x20,0x64,0x69,0x76,0x69,0x64,0x65,0x64,0x20,0x62,0x79,0x20,0x74,0x68,0x65,
  0x20,0x64,0x69,0x73,0x74,0x61,0x6e,0x63,0x65,0x20,0x73,0x71,0x75,0x61,0x72,0x65,
  0x64,0x2e,0x5a,0x00,0x50,0x72,0x65,0x73,0x73,0x75,0x72,0x65,0x20,0x74,0x69,0x6d,
  0x65,0x73,0x20,0x76,0x6f,0x6c,0x75,0x6d,0x65,0x20,0x65,0x71,0x75,0x61,0x6c,0x73,
  0x20,0x74,0x68,0x65,0x20,0x6e,0x75,0x6d,0x62,0x65,0x72,0x20,0x6f,0x66,0x20,0x6d,
  0x6f,0x6c,0x65,0x73,0x20,0x74,0x69,0x6d,0x65,0x73,0x20,0x74,0x68,0x65,0x20,0x67,
  0x61,0x73,0x20,0x63,0x6f,0x6e,0x73,0x74,0x61,0x6e,0x74,0x20,0x74,0x69,0x6d,0x65,
  0x73,0x20,0x74,0x65,0x6d,0x70,0x65,0x72,0x61,0x74,0x75,0x72,0x65,0x2e,0x56,0x00,
  0x54,0x68,0x65,0x20,0x72,0x65,0x66,0x72,0x61,0x63,0x74,0x69,0x76,0x65,0x20,0x69,
  0x6e,0x64,0x65,0x78,0x20,0x74,0x69,0x6d,0x65,0x73,0x20,0x74,0x68,0x65,0x20,0x73,
  0x69,0x6e,0x65,0x20,0x6f,0x66,0x20,0x74,0x68,0x65,0x20,0x61,0x6e,0x67,0x6c,0x65,
  0x20,0x69,0x73,0x20,0x65,0x71,0x75,0x61,0x6c,0x20,0x6f,0x6e,0x20,0x62,0x6f,0x74,
  0x68,0x20,0x73,0x69,0x64,0x65,0x73,0x20,0x6f,0x66,0x20,0x61,0x20,0x62,0x6f,0x75,
  0x6e,0x64,0x61,0x72,0x79,0x2e,0x03,0x6c,0x64,0x6f,0x01,0x59,0x00,0x41,0x20,0x6c,
  0x6f,0x77,0x20,0x64,0x72,0x6f,0x70,0x6f,0x75,0x74,0x20,0x72,0x65,0x67,0x75,0x6c,
  0x61,0x74,0x6f,0x72,0x20,0x6e,0x65,0x65,0x64,0x73,0x20,0x69,0x74,0x73,0x20,0x69,
  0x6e,0x70,0x75,0x74,0x20,0x61,0x62,0x6f,0x76,0x65,0x20,0x74,0x68,0x65,0x20,0x6f,
  0x75,0x74,0x70,0x75,0x74,0x20,0x62,0x79,0x20,0x61,0x74,0x20,0x6c,0x65,0x61,0x73,
  0x74,0x20,0x74,0x68,0x65,0x20,0x64,0x72,0x6f,0x70,0x6f,0x75,0x74,0x20,0x76,0x6f,
  0x6c,0x74,0x61,0x67,0x65,0x2e,0x0b,0x6c,0x64,0x6f,0x20,0x64,0x72,0x6f,0x70,0x6f,
  0x75,0x74,0x01,0x59,0x00,0x41,0x20,0x6c,0x6f,0x77,0x20,0x64,0x72,0x6f,0x70,0x6f,
  0x75,0x74,0x20,0x72,0x65,0x67,0x75,0x6c,0x61,0x74,0x6f,0x72,0x20,0x6e,0x65,0x65,
  0x64,0x73,0x20,0x69,0x74,0x73,0x20,0x69,0x6e,0x70,0x75,0x74,0x20,0x61,0x62,0x6f,
  0x76,0x65,0x20,0x74,0x68,0x65,0x20,0x6f,0x75,0x74,0x70,0x75,0x74,0x20,0x62,0x79,
  0x20,0x61,0x74,0x20,0x6c,0x65,0x61,0x73,0x74,0x20,0x74,0x68,0x65,0x20,0x64,0x72,
  0x6f,0x70,0x6f,0x75,0x74,0x20,0x76,0x6f,0x6c,0x74,0x61,0x67,0x65,0x2e,0x04,0x6c,
  0x65,0x61,0x64,0x03,0x37,0x00,0x54,0x68,0x65,0x20,0x64,0x65,0x6e,0x73,0x69,0x74,
  0x79,0x20,0x6f,0x66,0x20,0x6c,0x65,0x61,0x64,0x20,0x69,0x73,0x20,0x31,0x31,0x33,
  0x34,0x30,0x20,0x6b,0x69,0x6c,0x6f,0x67,0x72,0x61,0x6d,0x73,0x20,0x70,0x65,0x72,
  0x20,0x63,0x75,0x62,0x69,0x63,0x20,0x6d,0x65,0x74,0x72,0x65,0x2e,0x31,0x00,0x54,
  0x68,0x65,0x20,0x6d,0x65,0x6c,0x74,0x69,0x6e,0x67,0x20,0x70,0x6f,0x69,0x6e,0x74,
  0x20,0x6f,0x66,0x20,0x6c,0x65,0x61,0x64,0x20,0x69,0x73,0x20,0x33,0x32,0x37,0x20,
  0x64,0x65,0x67,0x72,0x65,0x65,0x73,0x20,0x43,0x65,0x6c,0x73,0x69,0x75,0x73,0x2e,
  0x42,0x00,0x41,0x20,0x6c,0x65,0x61,0x64,0x20,0x61,0x63,0x69,0x64,0x20,0x63,0x65,
  0x6c,0x6c,0x20,0x69,0x73,0x20,0x32,0x2e,0x31,0x20,0x76,0x6f,0x6c,0x74,0x73,0x2c,
  0x20,0x73,0x6f,0x20,0x61,0x20,0x31,0x32,0x20,0x76,0x6f,0x6c,0x74,0x20,0x62,0x61,
  0x74,0x74,0x65,0x72,0x79,0x20,0x68,0x61,0x73,0x20,0x73,0x69,0x78,0x20,0x63,0x65,
  0x6c,0x6c,0x73,0x2e,0x09,0x6c,0x65,0x61,0x64,0x20,0x61,0x63,0x69,0x64,0x01,0x42,
  0x00,0x41,0x20,0x6c,0x65,0x61,0x64,0x20,0x61,0x63,0x69,0x64,0x20,0x63,0x65,0x6c,
  0x6c,0x20,0x69,0x73,0x20,0x32,0x2e,0x31,0x20,0x76,0x6f,0x6c,0x74,0x73,0x2c,0x20,
  0x73,0x6f,0x20,0x61,0x20,0x31,0x32,0x20,0x76,0x6f,0x6c,0x74,0x20,0x62,0x61,0x74,
  0x74,0x65,0x72,0x79,0x20,0x68,0x61,0x73,0x20,0x73,0x69,0x78,0x20,0x63,0x65,0x6c,
  0x6c,0x73,0x2e,0x0e,0x6c,0x65,0x61,0x64,0x20,0x61,0x63,0x69,0x64,0x20,0x63,0x65,
  0x6c,0x6c,0x01,0x42,0x00,0x41,0x20,0x6c,0x65,0x61,0x64,0x20,0x61,0x63,0x69,0x64,
  0x20,0x63,0x65,0x6c,0x6c,0x20,0x69,0x73,0x20,0x32,0x2e,0x31,0x20,0x76,0x6f,0x6c,
  0x74,0x73,0x2c,0x20,0x73,0x6f,0x20,0x61,0x20,0x31,0x32,0x20,0x76,0x6f,0x6c,0x74,
  0x20,0x62,0x61,0x74,0x74,0x65,0x72,0x79,0x20,0x68,0x61,0x73,0x20,0x73,0x69,0x78,
  0x20,0x63,0x65,0x6c,0x6c,0x73,0x2e,0x09,0x6c,0x65,0x61,0x64,0x20,0x63,0x65,0x6c,
  0x6c,0x01,0x42,0x00,0x41,0x20,0x6c,0x65,0x61,0x64,0x20,0x61,0x63,0x69,0x64,0x20,
  0x63,0x65,0x6c,0x6c,0x20,0x69,0x73,0x20,0x32,0x2e,0x31,0x20,0x76,0x6f,0x6c,0x74,
  0x73,0x2c,0x20,0x73,0x6f,0x20,0x61,0x20,0x31,0x32,0x20,0x76,0x6f,0x6c,0x74,0x20,
  0x62,0x61,0x74,0x74,0x65,0x72,0x79,0x20,0x68,0x61,0x73,0x20,0x73,0x69,0x78,0x20,
  0x63,0x65,0x6c,0x6c,0x73,0x2e,0x0c,0x6c,0x65,0x61,0x64,0x20,0x64,0x65,0x6e,0x73,
  0x69,0x74,0x79,0x01,0x37,0x00,0x54,0x68,0x65,0x20,0x64,0x65,0x6e,0x73,0x69,0x74,
  0x79,0x20,0x6f,0x66,0x20,0x6c,0x65,0x61,0x64,0x20,0x69,0x73,0x20,0x31,0x31,0x33,
  0x34,0x30,0x20,0x6b,0x69,0x6c,0x6f,0x67,0x72,0x61,0x6d,0x73,0x20,0x70,0x65,0x72,
  0x20,0x63,0x75,0x62,0x69,0x63,0x20,0x6d,0x65,0x74,0x72,0x65,0x2e,0x0c,0x6c,0x65,
  0x61,0x64,0x20,0x6d,0x65,0x6c,0x74,0x69,0x6e,0x67,0x01,0x31,0x00,0x54,0x68,0x65,
  0x20,0x6d,0x65,0x6c,0x74,0x69,0x6e,0x67,0x20,0x70,0x6f,0x69,0x6e,0x74,0x20,0x6f,
  0x66,0x20,0x6c,0x65,0x61,0x64,0x20,0x69,0x73,0x20,0x33,0x32,0x37,0x20,0x64,0x65,
  0x67,0x72,0x65,0x65,0x73,0x20,0x43,0x65,0x6c,0x73,0x69,0x75,0x73,0x2e,0x12,0x6c,
  0x65,0x61,0x64,0x20,0x6d,0x65,0x6c,0x74,0x69,0x6e,0x67,0x20,0x70,0x6f,0x69,0x6e,
  0x74,0x01,0x31,0x00,0x54,0x68,0x65,0x20,0x6d,0x65,0x6c,0x74,0x69,0x6e,0x67,0x20,
  0x70,0x6f,0x69,0x6e,0x74,0x20,0x6f,0x66,0x20,0x6c,0x65,0x61,0x64,0x20,0x69,0x73,
  0x20,0x33,0x32,0x37,0x20,0x64,0x65,0x67,0x72,0x65,0x65,0x73,0x20,0x43,0x65,0x6c,
  0x73,0x69,0x75,0x73,0x2e,0x0a,0x6c,0x65,0x61,0x64,0x20,0x70,0x6f,0x69,0x6e,0x74,
  0x01,0x31,0x00,0x54,0x68,0x65,0x20,0x6d,0x65,0x6c,0x74,0x69,0x6e,0x67,0x20,0x70,
  0x6f,0x69,0x6e,0x74,0x20,0x6f,0x66,0x20,0x6c,0x65,0x61,0x64,0x20,0x69,0x73,0x20,
  0x33,0x32,0x37,0x20,0x64,0x65,0x67,0x72,0x65,0x65,0x73,0x20,0x43,0x65,0x6c,0x73,
  0x69,0x75,0x73,0x2e,0x03,0x6c,0x65,0x64,0x05,0x6a,0x00,0x54,0x68,0x65,0x20,0x4c,
  0x45,0x44,0x20,0x73,0x65,0x72,0x69,0x65,0x73,0x20,0x72,0x65,0x73,0x69,0x73,0x74,
  0x61,0x6e,0x63,0x65,0x20,0x65,0x71,0x75,0x61,0x6c,0x73,0x20,0x73,0x75,0x70,0x70,
  0x6c,0x79,0x20,0x76,0x6f,0x6c,0x74,0x61,0x67,0x65,0x20,0x6d,0x69,0x6e,0x75,0x73,
  0x20,0x4c,0x45,0x44,0x20,0x66,0x6f,0x72,0x77,0x61,0x72,0x64,0x20,0x76,0x6f,0x6c,
  0x74,0x61,0x67,0x65,0x2c,0x20,0x64,0x69,0x76,0x69,0x64,0x65,0x64,0x20,0x62,0x79,
  0x20,0x74,0x68,0x65,0x20,0x64,0x65,0x73,0x69,0x72,0x65,0x64,0x20,0x63,0x75,0x72,
  0x72,0x65,0x6e,0x74,0x2e,0x33,0x00,0x41,0x20,0x72,0x65,0x64,0x20,0x4c,0x45,0x44,
  0x20,0x68,0x61,0x73,0x20,0x61,0x20,0x66,0x6f,0x72,0x77,0x61,0x72,0x64,0x20,0x76,
  0x6f,0x6c,0x74,0x61,0x67,0x65,0x20,0x6f,0x66,0x20,0x61,0x62,0x6f,0x75,0x74,0x20,
  0x31,0x2e,0x38,0x20,0x76,0x6f,0x6c,0x74,0x73,0x2e,0x35,0x00,0x41,0x20,0x67,0x72,
  0x65,0x65,0x6e,0x20,0x4c,0x45,0x44,0x20,0x68,0x61,0x73,0x20,0x61,0x20,0x66,0x6f,
  0x72,0x77,0x61,0x72,0x64,0x20,0x76,0x6f,0x6c,0x74,0x61,0x67,0x65,0x20,0x6f,0x66,
  0x20,0x61,0x62,0x6f,0x75,0x74,0x20,0x32,0x2e,0x32,0x20,0x76,0x6f,0x6c,0x74,0x73,
  0x2e,0x34,0x00,0x41,0x20,0x62,0x6c,0x75,0x65,0x20,0x4c,0x45,0x44,0x20,0x68,0x61,
  0x73,0x20,0x61,0x20,0x66,0x6f,0x72,0x77,0x61,0x72,0x64,0x20,0x76,0x6f,0x6c,0x74,
  0x61,0x67,0x65,0x20,0x6f,0x66,0x20,0x61,0x62,0x6f,0x75,0x74,0x20,0x33,0x2e,0x32,
  0x20,0x76,0x6f,0x6c,0x74,0x73,0x2e,0x35,0x00,0x41,0x20,0x77,0x68,0x69,0x74,0x65,
  0x20,0x4c,0x45,0x44,0x20,0x68,0x61,0x73,0x20,0x61,0x20,0x66,0x6f,0x72,0x77,0x61,
  0x72,0x64,0x20,0x76,0x6f,0x6c,0x74,0x61,0x67,0x65,0x20,0x6f,0x66,0x20,0x61,0x62,
  0x6f,0x75,0x74,0x20,0x33,0x2e,0x32,0x20,0x76,0x6f,0x6c,0x74,0x73,0x2e,0x0c,0x6c,
  0x65,0x64,0x20,0x72,0x65,0x73,0x69,0x73,0x74,0x6f,0x72,0x01,0x6a,0x00,0x54,0x68,
  0x65,0x20,0x4c,0x45,0x44,0x20,0x73,0x65,0x72,0x69,0x65,0x73,0x20,0x72,0x65,0x73,
  0x69,0x73,0x74,0x61,0x6e,0x63,0x65,0x20,0x65,0x71,0x75,0x61,0x6c,0x73,0x20,0x73,
  0x75,0x70,0x70,0x6c,0x79,0x20,0x76,0x6f,0x6c,0x74,0x61,0x67,0x65,0x20,0x6d,0x69,
  0x6e,0x75,0x73,0x20,0x4c,0x45,0x44,0x20,0x66,0x6f,0x72,0x77,0x61,0x72,0x64,0x20,
  0x76,0x6f,0x6c,0x74,0x61,0x67,0x65,0x2c,0x20,0x64,0x69,0x76,0x69,0x64,0x65,0x64,
  0x20,0x62,0x79,0x20,0x74,0x68,0x65,0x20,0x64,0x65,0x73,0x69,0x72,0x65,0x64,0x20,
  0x63,0x75,0x72,0x72,0x65,0x6e,0x74,0x2e,0x04,0x6c,0x65,0x6e,0x73,0x01,0x5f,0x00,
  0x4f,0x6e,0x65,0x20,0x6f,0x76,0x65,0x72,0x20,0x74,0x68,0x65,0x20,0x66,0x6f,0x63,
  0x61,0x6c,0x20,0x6c,0x65,0x6e,0x67,0x74,0x68,0x20,0x65,0x71,0x75,0x61,0x6c,0x73,
  0x20,0x6f,0x6e,0x65,0x20,0x6f,0x76,0x65,0x72,0x20,0x74,0x68,0x65,0x20,0x6f,0x62,
  0x6a,0x65,0x63,0x74,0x20,0x64,0x69,0x73,0x74,0x61,0x6e,0x63,0x65,0x20,0x70,0x6c,
  0x75,0x73,0x20,0x6f,0x6e,0x65,0x20,0x6f,0x76,0x65,0x72,0x20,0x74,0x68,0x65,0x20,
  0x69,0x6d,0x61,0x67,0x65,0x20,0x64,0x69,0x73,0x74,0x61,0x6e,0x63,0x65,0x2e,0x0d,
  0x6c,0x65,0x6e,0x73,0x20,0x65,0x71,0x75,0x61,0x74,0x69,0x6f,0x6e,0x01,0x5f,0x00,
  0x4f,0x6e,0x65,0x20,0x6f,0x76,0x65,0x72,0x20,0x74,0x68,0x65,0x20,0x66,0x6f,0x63,
  0x61,0x6c,0x20,0x6c,0x65,0x6e,0x67,0x74,0x68,0x20,0x65,0x71,0x75,0x61,0x6c,0x73,
  0x20,0x6f,0x6e,0x65,0x20,0x6f,0x76,0x65,0x72,0x20,0x74,0x68,0x65,0x20,0x6f,0x62,
  0x6a,0x65,0x63,0x74,0x20,0x64,0x69,0x73,0x74,0x61,0x6e,0x63,0x65,0x20,0x70,0x6c,
  0x75,0x73,0x20,0x6f,0x6e,0x65,0x20,0x6f,0x76,0x65,0x72,0x20,0x74,0x68,0x65,0x20,
  0x69,0x6d,0x61,0x67,0x65,0x20,0x64,0x69,0x73,0x74,0x61,0x6e,0x63,0x65,0x2e,0x06,
  0x6c,0x65,0x76,0x65,0x6c,0x73,0x01,0x60,0x00,0x46,0x6f,0x72,0x20,0x33,0x2e,0x33,
  0x20,0x76,0x6f,0x6c,0x74,0x20,0x6c,0x6f,0x67,0x69,0x63,0x2c,0x20,0x61,0x6e,0x20,
  0x69,0x6e,0x70,0x75,0x74,0x20,0x61,0x62,0x6f,0x76,0x65,0x20,0x61,0x62,0x6f,0x75,
  0x74,0x20,0x32,0x20,0x76,0x6f,0x6c,0x74,0x73,0x20,0x72,0x65,0x61,0x64,0x73,0x20,
  0x68,0x69,0x67,0x68,0x20,0x61,0x6e,0x64,0x20,0x62,0x65,0x6c,0x6f,0x77,0x20,0x61,
  0x62,0x6f,0x75,0x74,0x20,0x30,0x2e,0x38,0x20,0x76,0x6f,0x6c,0x74,0x73,0x20,0x72,
  0x65,0x61,0x64,0x73,0x20,0x6c,0x6f,0x77,0x2e,0x05,0x6c,0x65,0x76,0x65,0x72,0x01,
  0x60,0x00,0x46,0x6f,0x72,0x20,0x61,0x20,0x62,0x61,0x6c,0x61,0x6e,0x63,0x65,0x64,
  0x20,0x6c,0x65,0x76,0x65,0x72,0x2c,0x20,0x66,0x6f,0x72,0x63,0x65,0x20,0x74,0x69,
  0x6d,0x65,0x73,0x20,0x64,0x69,0x73,0x74,0x61,0x6e,0x63,0x65,0x20,0x6f,0x6e,0x20,
  0x6f,0x6e,0x65,0x20,0x73,0x69,0x64,0x65,0x20,0x65,0x71,0x75,0x61,0x6c,0x73,0x20,
  0x66,0x6f,0x72,0x63,0x65,0x20,0x74,0x69,0x6d,0x65,0x73,0x20,0x64,0x69,0x73,0x74,
  0x61,0x6e,0x63,0x65,0x20,0x6f,0x6e,0x20,0x74,0x68,0x65,0x20,0x6f,0x74,0x68,0x65,
  0x72,0x2e,0x07,0x6c,0x69,0x66,0x65,0x70,0x6f,0x34,0x01,0x41,0x00,0x41,0x20,0x4c,
  0x69,0x46,0x65,0x50,0x4f,0x34,0x20,0x63,0x65,0x6c,0x6c,0x20,0x69,0x73,0x20,0x33,
  0x2e,0x32,0x20,0x76,0x6f,0x6c,0x74,0x73,0x20,0x6e,0x6f,0x6d,0x69,0x6e,0x61,0x6c,
  0x20,0x61,0x6e,0x64,0x20,0x33,0x2e,0x36,0x35,0x20,0x76,0x6f,0x6c,0x74,0x73,0x20,
  0x66,0x75,0x6c,0x6c,0x79,0x20,0x63,0x68,0x61,0x72,0x67,0x65,0x64,0x2e,0x0c,0x6c,
  0x69,0x66,0x65,0x70,0x6f,0x34,0x20,0x63,0x65,0x6c,0x6c,0x01,0x41,0x00,0x41,0x20,
  0x4c,0x69,0x46,0x65,0x50,0x4f,0x34,0x20,0x63,0x65,0x6c,0x6c,0x20,0x69,0x73,0x20,
  0x33,0x2e,0x32,0x20,0x76,0x6f,0x6c,0x74,0x73,0x20,0x6e,0x6f,0x6d,0x69,0x6e,0x61,
  0x6c,0x20,0x61,0x6e,0x64,0x20,0x33,0x2e,0x36,0x35,0x20,0x76,0x6f,0x6c,0x74,0x73,
  0x20,0x66,0x75,0x6c,0x6c,0x79,0x20,0x63,0x68,0x61,0x72,0x67,0x65,0x64,0x2e,0x05,
  0x6c,0x69,0x67,0x68,0x74,0x01,0x2e,0x00,0x54,0x68,0x65,0x20,0x73,0x70,0x65,0x65,
  0x64,0x20,0x6f,0x66,0x20,0x6c,0x69,0x67,0x68,0x74,0x20,0x69,0x6e,0x20,0x76,0x61,
  0x63,0x75,0x75,0x6d,0x20,0x69,0x73,0x20,0x32,0x39,0x39,0x37,0x39,0x32,0x34,0x35,
  0x38,0x20,0x6d,0x2f,0x73,0x2e,0x07,0x6c,0x69,0x74,0x68,0x69,0x75,0x6d,0x04,0x3d,
  0x00,0x4c,0x69,0x74,0x68,0x69,0x75,0x6d,0x20,0x68,0x61,0x73,0x20,0x73,0x79,0x6d,
  0x62,0x6f,0x6c,0x20,0x4c,0x69,0x2c,0x20,0x61,0x74,0x6f,0x6d,0x69,0x63,0x20,0x6e,
  0x75,0x6d,0x62,0x65,0x72,0x20,0x33,0x2c,0x20,0x61,0x6e,0x64,0x20,0x61,0x74,0x6f,
  0x6d,0x69,0x63,0x20,0x6d,0x61,0x73,0x73,0x20,0x36,0x2e,0x39,0x34,0x2e,0x35,0x00,
  0x54,0x68,0x65,0x20,0x61,0x74,0x6f,0x6d,0x69,0x63,0x20,0x6d,0x61,0x73,0x73,0x20,
  0x6f,0x66,0x20,0x6c,0x69,0x74,0x68,0x69,0x75,0x6d,0x20,0x69,0x73,0x20,0x36,0x2e,
  0x39,0x34,0x20,0x61,0x74,0x6f,0x6d,0x69,0x63,0x20,0x6d,0x61,0x73,0x73,0x20,0x75,
  0x6e,0x69,0x74,0x73,0x2e,0x22,0x00,0x54,0x68,0x65,0x20,0x61,0x74,0x6f,0x6d,0x69,
  0x63,0x20,0x6e,0x75,0x6d,0x62,0x65,0x72,0x20,0x6f,0x66,0x20,0x6c,0x69,0x74,0x68,
  0x69,0x75,0x6d,0x20,0x69,0x73,0x20,0x33,0x2e,0x44,0x00,0x41,0x20,0x6c,0x69,0x74,
  0x68,0x69,0x75,0x6d,0x20,0x69,0x6f,0x6e,0x20,0x63,0x65,0x6c,0x6c,0x20,0x69,0x73,
  0x20,0x33,0x2e,0x37,0x20,0x76,0x6f,0x6c,0x74,0x73,0x20,0x6e,0x6f,0x6d,0x69,0x6e,
  0x61,0x6c,0x20,0x61,0x6e,0x64,0x20,0x34,0x2e,0x32,0x20,0x76,0x6f,0x6c,0x74,0x73,
  0x20,0x66,0x75,0x6c,0x6c,0x79,0x20,0x63,0x68,0x61,0x72,0x67,0x65,0x64,0x2e,0x0e,
  0x6c,0x69,0x74,0x68,0x69,0x75,0x6d,0x20,0x61,0x74,0x6f,0x6d,0x69,0x63,0x02,0x35,
  0x00,0x54,0x68,0x65,0x20,0x61,0x74,0x6f,0x6d,0x69,0x63,0x20,0x6d,0x61,0x73,0x73,
  0x20,0x6f,0x66,0x20,0x6c,0x69,0x74,0x68,0x69,0x75,0x6d,0x20,0x69,0x73,0x20,0x36,
  0x2e,0x39,0x34,0x20,0x61,0x74,0x6f,0x6d,0x69,0x63,0x20,0x6d,0x61,0x73,0x73,0x20,
  0x75,0x6e,0x69,0x74,0x73,0x2e,0x22,0x00,0x54,0x68,0x65,0x20,0x61,0x74,0x6f,0x6d,
  0x69,0x63,0x20,0x6e,0x75,0x6d,0x62,0x65,0x72,0x20,0x6f,0x66,0x20,0x6c,0x69,0x74,
  0x68,0x69,0x75,0x6d,0x20,0x69,0x73,0x20,0x33,0x2e,0x13,0x6c,0x69,0x74,0x68,0x69,
  0x75,0x6d,0x20,0x61,0x74,0x6f,0x6d,0x69,0x63,0x20,0x6d,0x61,0x73,0x73,0x01,0x35,
  0x00,0x54,0x68,0x65,0x20,0x61,0x74,0x6f,0x6d,0x69,0x63,0x20,0x6d,0x61,0x73,0x73,
  0x20,0x6f,0x66,0x20,0x6c,0x69,0x74,0x68,0x69,0x75,0x6d,0x20,0x69,0x73,0x20,0x36,
  0x2e,0x39,0x34,0x20,0x61,0x74,0x6f,0x6d,0x69,0x63,0x20,0x6d,0x61,0x73,0x73,0x20,
  0x75,0x6e,0x69,0x74,0x73,0x2e,0x15,0x6c,0x69,0x74,0x68,0x69,0x75,0x6d,0x20,0x61,
  0x74,0x6f,0x6d,0x69,0x63,0x20,0x6e,0x75,0x6d,0x62,0x65,0x72,0x01,0x22,0x00,0x54,
  0x68,0x65,0x20,0x61,0x74,0x6f,0x6d,0x69,0x63,0x20,0x6e,0x75,0x6d,0x62,0x65,0x72,
  0x20,0x6f,0x66,0x20,0x6c,0x69,0x74,0x68,0x69,0x75,0x6d,0x20,0x69,0x73,0x20,0x33,
  0x2e,0x0c,0x6c,0x69,0x74,0x68,0x69,0x75,0x6d,0x20,0x63,0x65,0x6c,0x6c,0x01,0x44,
  0x00,0x41,0x20,0x6c,0x69,0x74,0x68,0x69,0x75,0x6d,0x20,0x69,0x6f,0x6e,0x20,0x63,
  0x65,0x6c,0x6c,0x20,0x69,0x73,0x20,0x33,0x2e,0x37,0x20,0x76,0x6f,0x6c,0x74,0x73,
  0x20,0x6e,0x6f,0x6d,0x69,0x6e,0x61,0x6c,0x20,0x61,0x6e,0x64,0x20,0x34,0x2e,0x32,
  0x20,0x76,0x6f,0x6c,0x74,0x73,0x20,0x66,0x75,0x6c,0x6c,0x79,0x20,0x63,0x68,0x61,
  0x72,0x67,0x65,0x64,0x2e,0x0b,0x6c,0x69,0x74,0x68,0x69,0x75,0x6d,0x20,0x69,0x6f,
  0x6e,0x01,0x44,0x00,0x41,0x20,0x6c,0x69,0x74,0x68,0x69,0x75,0x6d,0x20,0x69,0x6f,
  0x6e,0x20,0x63,0x65,0x6c,0x6c,0x20,0x69,0x73,0x20,0x33,0x2e,0x37,0x20,0x76,0x6f,
  0x6c,0x74,0x73,0x20,0x6e,0x6f,0x6d,0x69,0x6e,0x61,0x6c,0x20,0x61,0x6e,0x64,0x20,
  0x34,0x2e,0x32,0x20,0x76,0x6f,0x6c,0x74,0x73,0x20,0x66,0x75,0x6c,0x6c,0x79,0x20,
  0x63,0x68,0x61,0x72,0x67,0x65,0x64,0x2e,0x10,0x6c,0x69,0x74,0x68,0x69,0x75,0x6d,
  0x20,0x69,0x6f,0x6e,0x20,0x63,0x65,0x6c,0x6c,0x01,0x44,0x00,0x41,0x20,0x6c,0x69,
  0x74,0x68,0x69,0x75,0x6d,0x20,0x69,0x6f,0x6e,0x20,0x63,0x65,0x6c,0x6c,0x20,0x69,
  0x73,0x20,0x33,0x2e,0x37,0x20,0x76,0x6f,0x6c,0x74,0x73,0x20,0x6e,0x6f,0x6d,0x69,
  0x6e,0x61,0x6c,0x20,0x61,0x6e,0x64,0x20,0x34,0x2e,0x32,0x20,0x76,0x6f,0x6c,0x74,
  0x73,0x20,0x66,0x75,0x6c,0x6c,0x79,0x20,0x63,0x68,0x61,0x72,0x67,0x65,0x64,0x2e,
  0x0c,0x6c,0x69,0x74,0x68,0x69,0x75,0x6d,0x20,0x6d,0x61,0x73,0x73,0x01,0x35,0x00,
  0x54,0x68,0x65,0x20,0x61,0x74,0x6f,0x6d,0x69,0x63,0x20,0x6d,0x61,0x73,0x73,0x20,
  0x6f,0x66,0x20,0x6c,0x69,0x74,0x68,0x69,0x75,0x6d,0x20,0x69,0x73,0x20,0x36,0x2e,
  0x39,0x34,0x20,0x61,0x74,0x6f,0x6d,0x69,0x63,0x20,0x6d,0x61,0x73,0x73,0x20,0x75,
  0x6e,0x69,0x74,0x73,0x2e,0x0e,0x6c,0x69,0x74,0x68,0x69,0x75,0x6d,0x20,0x6e,0x75,
  0x6d,0x62,0x65,0x72,0x01,0x22,0x00,0x54,0x68,0x65,0x20,0x61,0x74,0x6f,0x6d,0x69,
  0x63,0x20,0x6e,0x75,0x6d,0x62,0x65,0x72,0x20,0x6f,0x66,0x20,0x6c,0x69,0x74,0x68,
  0x69,0x75,0x6d,0x20,0x69,0x73,0x20,0x33,0x2e,0x05,0x6c,0x6d,0x33,0x35,0x38,0x01,
  0x3a,0x00,0x54,0x68,0x65,0x20,0x4c,0x4d,0x33,0x35,0x38,0x20,0x69,0x73,0x20,0x61,
  0x20,0x64,0x75,0x61,0x6c,0x20,0x6f,0x70,0x20,0x61,0x6d,0x70,0x20,0x74,0x68,0x61,
  0x74,0x20,0x72,0x75,0x6e,0x73,0x20,0x66,0x72,0x6f,0x6d,0x20,0x61,0x20,0x73,0x69,
  0x6e,0x67,0x6c,0x65,0x20,0x73,0x75,0x70,0x70,0x6c,0x79,0x2e,0x04,0x6c,0x6f,0x61,
  0x64,0x01,0x53,0x00,0x41,0x20,0x63,0x72,0x79,0x73,0x74,0x61,0x6c,0x20,0x6e,0x65,
  0x65,0x64,0x73,0x20,0x69,0x74,0x73,0x20,0x73,0x70,0x65,0x63,0x69,0x66,0x69,0x65,
  0x64,0x20,0x6c,0x6f,0x61,0x64,0x20,0x63,0x61,0x70,0x61,0x63,0x69,0x74,0x61,0x6e,
  0x63,0x65,0x20,0x74,0x6f,0x20,0x6f,0x73,0x63,0x69,0x6c,0x6c,0x61,0x74,0x65,0x20,
  0x61,0x74,0x20,0x74,0x68,0x65,0x20,0x72,0x69,0x67,0x68,0x74,0x20,0x66,0x72,0x65,
  0x71,0x75,0x65,0x6e,0x63,0x79,0x2e,0x05,0x6c,0x6f,0x67,0x69,0x63,0x01,0x60,0x00,
  0x46,0x6f,0x72,0x20,0x33,0x2e,0x33,0x20,0x76,0x6f,0x6c,0x74,0x20,0x6c,0x6f,0x67,
  0x69,0x63,0x2c,0x20,0x61,0x6e,0x20,0x69,0x6e,0x70,0x75,0x74,0x20,0x61,0x62,0x6f,
  0x76,0x65,0x20,0x61,0x62,0x6f,0x75,0x74,0x20,0x32,0x20,0x76,0x6f,0x6c,0x74,0x73,
  0x20,0x72,0x65,0x61,0x64,0x73,0x20,0x68,0x69,0x67,0x68,0x20,0x61,0x6e,0x64,0x20,
  0x62,0x65,0x6c,0x6f,0x77,0x20,0x61,0x62,0x6f,0x75,0x74,0x20,0x30,0x2e,0x38,0x20,
  0x76,0x6f,0x6c,0x74,0x73,0x20,0x72,0x65,0x61,0x64,0x73,0x20,0x6c,0x6f,0x77,0x2e,
  0x0c,0x6c,0x6f,0x67,0x69,0x63,0x20,0x6c,0x65,0x76,0x65,0x6c,0x73,0x01,0x60,0x00,
  0x46,0x6f,0x72,0x20,0x33,0x2e,0x33,0x20,0x76,0x6f,0x6c,0x74,0x20,0x6c,0x6f,0x67,
  0x69,0x63,0x2c,0x20,0x61,0x6e,0x20,0x69,0x6e,0x70,0x75,0x74,0x20,0x61,0x62,0x6f,
  0x76,0x65,0x20,0x61,0x62,0x6f,0x75,0x74,0x20,0x32,0x20,0x76,0x6f,0x6c,0x74,0x73,
  0x20,0x72,0x65,0x61,0x64,0x73,0x20,0x68,0x69,0x67,0x68,0x20,0x61,0x6e,0x64,0x20,
  0x62,0x65,0x6c,0x6f,0x77,0x20,0x61,0x62,0x6f,0x75,0x74,0x20,0x30,0x2e,0x38,0x20,
  0x76,0x6f,0x6c,0x74,0x73,0x20,0x72,0x65,0x61,0x64,0x73,0x20,0x6c,0x6f,0x77,0x2e,
  0x09,0x6d,0x61,0x67,0x6e,0x65,0x73,0x69,0x75,0x6d,0x03,0x42,0x00,0x4d,0x61,0x67,
  0x6e,0x65,0x73,0x69,0x75,0x6d,0x20,0x68,0x61,0x73,0x20,0x73,0x79,0x6d,0x62,0x6f,
  0x6c,0x20,0x4d,0x67,0x2c,0x20,0x61,0x74,0x6f,0x6d,0x69,0x63,0x20,0x6e,0x75,0x6d,
  0x62,0x65,0x72,0x20,0x31,0x32,0x2c,0x20,0x61,0x6e,0x64,0x20,0x61,0x74,0x6f,0x6d,
  0x69,0x63,0x20,0x6d,0x61,0x73,0x73,0x20,0x32,0x34,0x2e,0x33,0x30,0x35,0x2e,0x39,
  0x00,0x54,0x68,0x65,0x20,0x61,0x74,0x6f,0x6d,0x69,0x63,0x20,0x6d,0x61,0x73,0x73,
  0x20,0x6f,0x66,0x20,0x6d,0x61,0x67,0x6e,0x65,0x73,0x69,0x75,0x6d,0x20,0x69,0x73,
  0x20,0x32,0x34,0x2e,0x33,0x30,0x35,0x20,0x61,0x74,0x6f,0x6d,0x69,0x63,0x20,0x6d,
  0x61,0x73,0x73,0x20,0x75,0x6e,0x69,0x74,0x73,0x2e,0x25,0x00,0x54,0x68,0x65,0x20,
  0x61,0x74,0x6f,0x6d,0x69,0x63,0x20,0x6e,0x75,0x6d,0x62,0x65,0x72,0x20,0x6f,0x66,
  0x20,0x6d,0x61,0x67,0x6e,0x65,0x73,0x69,0x75,0x6d,0x20,0x69,0x73,0x20,0x31,0x32,
  0x2e,0x10,0x6d,0x61,0x67,0x6e,0x65,0x73,0x69,0x75,0x6d,0x20,0x61,0x74,0x6f,0x6d,
  0x69,0x63,0x02,0x39,0x00,0x54,0x68,0x65,0x20,0x61,0x74,0x6f,0x6d,0x69,0x63,0x20,
  0x6d,0x61,0x73,0x73,0x20,0x6f,0x66,0x20,0x6d,0x61,0x67,0x6e,0x65,0x73,0x69,0x75,
  0x6d,0x20,0x69,0x73,0x20,0x32,0x34,0x2e,0x33,0x30,0x35,0x20,0x61,0x74,0x6f,0x6d,
  0x69,0x63,0x20,0x6d,0x61,0x73,0x73,0x20,0x75,0x6e,0x69,0x74,0x73,0x2e,0x25,0x00,
  0x54,0x68,0x65,0x20,0x61,0x74,0x6f,0x6d,0x69,0x63,0x20,0x6e,0x75,0x6d,0x62,0x65,
  0x72,0x20,0x6f,0x66,0x20,0x6d,0x61,0x67,0x6e,0x65,0x73,0x69,0x75,0x6d,0x20,0x69,
  0x73,0x20,0x31,0x32,0x2e,0x15,0x6d,0x61,0x67,0x6e,0x65,0x73,0x69,0x75,0x6d,0x20,
  0x61,0x74,0x6f,0x6d,0x69,0x63,0x20,0x6d,0x61,0x73,0x73,0x01,0x39,0x00,0x54,0x68,
  0x65,0x20,0x61,0x74,0x6f,0x6d,0x69,0x63,0x20,0x6d,0x61,0x73,0x73,0x20,0x6f,0x66,
  0x20,0x6d,0x61,0x67,0x6e,0x65,0x73,0x69,0x75,0x6d,0x20,0x69,0x73,0x20,0x32,0x34,
  0x2e,0x33,0x30,0x35,0x20,0x61,0x74,0x6f,0x6d,0x69,0x63,0x20,0x6d,0x61,0x73,0x73,
  0x20,0x75,0x6e,0x69,0x74,0x73,0x2e,0x17,0x6d,0x61,0x67,0x6e,0x65,0x73,0x69,0x75,
  0x6d,0x20,0x61,0x74,0x6f,0x6d,0x69,0x63,0x20,0x6e,0x75,0x6d,0x62,0x65,0x72,0x01,
  0x25,0x00,0x54,0x68,0x65,0x20,0x61,0x74,0x6f,0x6d,0x69,0x63,0x20,0x6e,0x75,0x6d,
  0x62,0x65,0x72,0x20,0x6f,0x66,0x20,0x6d,0x61,0x67,0x6e,0x65,0x73,0x69,0x75,0x6d,
  0x20,0x69,0x73,0x20,0x31,0x32,0x2e,0x0e,0x6d,0x61,0x67,0x6e,0x65,0x73,0x69,0x75,
  0x6d,0x20,0x6d,0x61,0x73,0x73,0x01,0x39,0x00,0x54,0x68,0x65,0x20,0x61,0x74,0x6f,
  0x6d,0x69,0x63,0x20,0x6d,0x61,0x73,0x73,0x20,0x6f,0x66,0x20,0x6d,0x61,0x67,0x6e,
  0x65,0x73,0x69,0x75,0x6d,0x20,0x69,0x73,0x20,0x32,0x34,0x2e,0x33,0x30,0x35,0x20,
  0x61,0x74,0x6f,0x6d,0x69,0x63,0x20,0x6d,0x61,0x73,0x73,0x20,0x75,0x6e,0x69,0x74,
  0x73,0x2e,0x10,0x6d,0x61,0x67,0x6e,0x65,0x73,0x69,0x75,0x6d,0x20,0x6e,0x75,0x6d,
  0x62,0x65,0x72,0x01,0x25,0x00,0x54,0x68,0x65,0x20,0x61,0x74,0x6f,0x6d,0x69,0x63,
  0x20,0x6e,0x75,0x6d,0x62,0x65,0x72,0x20,0x6f,0x66,0x20,0x6d,0x61,0x67,0x6e,0x65,
  0x73,0x69,0x75,0x6d,0x20,0x69,0x73,0x20,0x31,0x32,0x2e,0x08,0x6d,0x61,0x67,0x6e,
  0x65,0x74,0x69,0x63,0x01,0x5d,0x00,0x54,0x68,0x65,0x20,0x66,0x6f,0x72,0x63,0x65,
  0x20,0x6f,0x6e,0x20,0x61,0x20,0x63,0x75,0x72,0x72,0x65,0x6e,0x74,0x2d,0x63,0x61,
  0x72,0x72,0x79,0x69,0x6e,0x67,0x20,0x77,0x69,0x72,0x65,0x20,0x65,0x71,0x75,0x61,
  0x6c,0x73,0x20,0x6d,0x61,0x67,0x6e,0x65,0x74,0x69,0x63,0x20,0x66,0x6c,0x75,0x78,
  0x20,0x64,0x65,0x6e,0x73,0x69,0x74,0x79,0x20,0x74,0x69,0x6d,0x65,0x73,0x20,0x63,
  0x75,0x72,0x72,0x65,0x6e,0x74,0x20,0x74,0x69,0x6d,0x65,0x73,0x20,0x6c,0x65,0x6e,
  0x67,0x74,0x68,0x2e,0x0e,0x6d,0x61,0x67,0x6e,0x65,0x74,0x69,0x63,0x20,0x66,0x6f,
  0x72,0x63,0x65,0x01,0x5d,0x00,0x54,0x68,0x65,0x20,0x66,0x6f,0x72,0x63,0x65,0x20,
  0x6f,0x6e,0x20,0x61,0x20,0x63,0x75,0x72,0x72,0x65,0x6e,0x74,0x2d,0x63,0x61,0x72,
  0x72,0x79,0x69,0x6e,0x67,0x20,0x77,0x69,0x72,0x65,0x20,0x65,0x71,0x75,0x61,0x6c,
  0x73,0x20,0x6d,0x61,0x67,0x6e,0x65,0x74,0x69,0x63,0x20,0x66,0x6c,0x75,0x78,0x20,
  0x64,0x65,0x6e,0x73,0x69,0x74,0x79,0x20,0x74,0x69,0x6d,0x65,0x73,0x20,0x63,0x75,
  0x72,0x72,0x65,0x6e,0x74,0x20,0x74,0x69,0x6d,0x65,0x73,0x20,0x6c,0x65,0x6e,0x67,
  0x74,0x68,0x2e,0x0d,0x6d,0x61,0x67,0x6e,0x69,0x66,0x69,0x63,0x61,0x74,0x69,0x6f,
  0x6e,0x01,0x47,0x00,0x4d,0x61,0x67,0x6e,0x69,0x66,0x69,0x63,0x61,0x74,0x69,0x6f,
  0x6e,0x20,0x65,0x71,0x75,0x61,0x6c,0x73,0x20,0x74,0x68,0x65,0x20,0x69,0x6d,0x61,
  0x67,0x65,0x20,0x64,0x69,0x73,0x74,0x61,0x6e,0x63,0x65,0x20,0x64,0x69,0x76,0x69,
  0x64,0x65,0x64,0x20,0x62,0x79,0x20,0x74,0x68,0x65,0x20,0x6f,0x62,0x6a,0x65,0x63,
  0x74,0x20,0x64,0x69,0x73,0x74,0x61,0x6e,0x63,0x65,0x2e,0x09,0x6d,0x61,0x6e,0x67,
  0x61,0x6e,0x65,0x73,0x65,0x03,0x42,0x00,0x4d,0x61,0x6e,0x67,0x61,0x6e,0x65,0x73,
  0x65,0x20,0x68,0x61,0x73,0x20,0x73,0x79,0x6d,0x62,0x6f,0x6c,0x20,0x4d,0x6e,0x2c,
  0x20,0x61,0x74,0x6f,0x6d,0x69,0x63,0x20,0x6e,0x75,0x6d,0x62,0x65,0x72,0x20,0x32,
  0x35,0x2c,0x20,0x61,0x6e,0x64,0x20,0x61,0x74,0x6f,0x6d,0x69,0x63,0x20,0x6d,0x61,
  0x73,0x73,0x20,0x35,0x34,0x2e,0x39,0x33,0x38,0x2e,0x39,0x00,0x54,0x68,0x65,0x20,
  0x61,0x74,0x6f,0x6d,0x69,0x63,0x20,0x6d,0x61,0x73,0x73,0x20,0x6f,0x66,0x20,0x6d,
  0x61,0x6e,0x67,0x61,0x6e,0x65,0x73,0x65,0x20,0x69,0x73,0x20,0x35,0x34,0x2e,0x39,
  0x33,0x38,0x20,0x61,0x74,0x6f,0x6d,0x69,0x63,0x20,0x6d,0x61,0x73,0x73,0x20,0x75,
  0x6e,0x69,0x74,0x73,0x2e,0x25,0x00,0x54,0x68,0x65,0x20,0x61,0x74,0x6f,0x6d,0x69,
  0x63,0x20,0x6e,0x75,0x6d,0x62,0x65,0x72,0x20,0x6f,0x66,0x20,0x6d,0x61,0x6e,0x67,
  0x61,0x6e,0x65,0x73,0x65,0x20,0x69,0x73,0x20,0x32,0x35,0x2e,0x10,0x6d,0x61,0x6e,
  0x67,0x61,0x6e,0x65,0x73,0x65,0x20,0x61,0x74,0x6f,0x6d,0x69,0x63,0x02,0x39,0x00,
  0x54,0x68,0x65,0x20,0x61,0x74,0x6f,0x6d,0x69,0x63,0x20,0x6d,0x61,0x73,0x73,0x20,
  0x6f,0x66,0x20,0x6d,0x61,0x6e,0x67,0x61,0x6e,0x65,0x73,0x65,0x20,0x69,0x73,0x20,
  0x35,0x34,0x2e,0x39,0x33,0x38,0x20,0x61,0x74,0x6f,0x6d,0x69,0x63,0x20,0x6d,0x61,
  0x73,0x73,0x20,0x75,0x6e,0x69,0x74,0x73,0x2e,0x25,0x00,0x54,0x68,0x65,0x20,0x61,
  0x74,0x6f,0x6d,0x69,0x63,0x20,0x6e,0x75,0x6d,0x62,0x65,0x72,0x20,0x6f,0x66,0x20,
  0x6d,0x61,0x6e,0x67,0x61,0x6e,0x65,0x73,0x65,0x20,0x69,0x73,0x20,0x32,0x35,0x2e,
  0x15,0x6d,0x61,0x6e,0x67,0x61,0x6e,0x65,0x73,0x65,0x20,0x61,0x74,0x6f,0x6d,0x69,
  0x63,0x20,0x6d,0x61,0x73,0x73,0x01,0x39,0x00,0x54,0x68,0x65,0x20,0x61,0x74,0x6f,
  0x6d,0x69,0x63,0x20,0x6d,0x61,0x73,0x73,0x20,0x6f,0x66,0x20,0x6d,0x61,0x6e,0x67,
  0x61,0x6e,0x65,0x73,0x65,0x20,0x69,0x73,0x20,0x35,0x34,0x2e,0x39,0x33,0x38,0x20,
  0x61,0x74,0x6f,0x6d,0x69,0x63,0x20,0x6d,0x61,0x73,0x73,0x20,0x75,0x6e,0x69,0x74,
  0x73,0x2e,0x17,0x6d,0x61,0x6e,0x67,0x61,0x6e,0x65,0x73,0x65,0x20,0x61,0x74,0x6f,
  0x6d,0x69,0x63,0x20,0x6e,0x75,0x6d,0x62,0x65,0x72,0x01,0x25,0x00,0x54,0x68,0x65,
  0x20,0x61,0x74,0x6f,0x6d,0x69,0x63,0x20,0x6e,0x75,0x6d,0x62,0x65,0x72,0x20,0x6f,
  0x66,0x20,0x6d,0x61,0x6e,0x67,0x61,0x6e,0x65,0x73,0x65,0x20,0x69,0x73,0x20,0x32,
  0x35,0x2e,0x0e,0x6d,0x61,0x6e,0x67,0x61,0x6e,0x65,0x73,0x65,0x20,0x6d,0x61,0x73,
  0x73,0x01,0x39,0x00,0x54,0x68,0x65,0x20,0x61,0x74,0x6f,0x6d,0x69,0x63,0x20,0x6d,
  0x61,0x73,0x73,0x20,0x6f,0x66,0x20,0x6d,0x61,0x6e,0x67,0x61,0x6e,0x65,0x73,0x65,
  0x20,0x69,0x73,0x20,0x35,0x34,0x2e,0x39,0x33,0x38,0x20,0x61,0x74,0x6f,0x6d,0x69,
  0x63,0x20,0x6d,0x61,0x73,0x73,0x20,0x75,0x6e,0x69,0x74,0x73,0x2e,0x10,0x6d,0x61,
  0x6e,0x67,0x61,0x6e,0x65,0x73,0x65,0x20,0x6e,0x75,0x6d,0x62,0x65,0x72,0x01,0x25,
  0x00,0x54,0x68,0x65,0x20,0x61,0x74,0x6f,0x6d,0x69,0x63,0x20,0x6e,0x75,0x6d,0x62,
  0x65,0x72,0x20,0x6f,0x66,0x20,0x6d,0x61,0x6e,0x67,0x61,0x6e,0x65,0x73,0x65,0x20,
  0x69,0x73,0x20,0x32,0x35,0x2e,0x04,0x6d,0x61,0x72,0x73,0x01,0x7a,0x00,0x4d,0x61,
  0x72,0x73,0x20,0x68,0x61,0x73,0x20,0x61,0x20,0x64,0x69,0x61,0x6d,0x65,0x74,0x65,
  0x72,0x20,0x6f,0x66,0x20,0x61,0x62,0x6f,0x75,0x74,0x20,0x36,0x37,0x37,0x39,0x20,
  0x6b,0x6d,0x2c,0x20,0x6f,0x72,0x62,0x69,0x74,0x73,0x20,0x61,0x62,0x6f,0x75,0x74,
  0x20,0x32,0x32,0x37,0x2e,0x39,0x20,0x6d,0x69,0x6c,0x6c,0x69,0x6f,0x6e,0x20,0x6b,
  0x6d,0x20,0x66,0x72,0x6f,0x6d,0x20,0x74,0x68,0x65,0x20,0x53,0x75,0x6e,0x2c,0x20,
  0x61,0x6e,0x64,0x20,0x74,0x61,0x6b,0x65,0x73,0x20,0x61,0x62,0x6f,0x75,0x74,0x20,
  0x36,0x38,0x37,0x20,0x45,0x61,0x72,0x74,0x68,0x20,0x64,0x61,0x79,0x73,0x20,0x74,
  0x6f,0x20,0x6f,0x72,0x62,0x69,0x74,0x2e,0x04,0x6d,0x61,0x73,0x73,0x06,0x25,0x00,
  0x46,0x6f,0x72,0x63,0x65,0x20,0x65,0x71,0x75,0x61,0x6c,0x73,0x20,0x6d,0x61,0x73,
  0x73,0x20,0x74,0x69,0x6d,0x65,0x73,0x20,0x61,0x63,0x63,0x65,0x6c,0x65,0x72,0x61,
  0x74,0x69,0x6f,0x6e,0x2e,0x24,0x00,0x4d,0x6f,0x6d,0x65,0x6e,0x74,0x75,0x6d,0x20,
  0x65,0x71,0x75,0x61,0x6c,0x73,0x20,0x6d,0x61,0x73,0x73,0x20,0x74,0x69,0x6d,0x65,
  0x73,0x20,0x76,0x65,0x6c,0x6f,0x63,0x69,0x74,0x79,0x2e,0x26,0x00,0x44,0x65,0x6e,
  0x73,0x69,0x74,0x79,0x20,0x65,0x71,0x75,0x61,0x6c,0x73,0x20,0x6d,0x61,0x73,0x73,
  0x20,0x64,0x69,0x76,0x69,0x64,0x65,0x64,0x20,0x62,0x79,0x20,0x76,0x6f,0x6c,0x75,
  0x6d,0x65,0x2e,0x37,0x00,0x4b,0x69,0x6e,0x65,0x74,0x69,0x63,0x20,0x65,0x6e,0x65,
  0x72,0x67,0x79,0x20,0x65,0x71,0x75,0x61,0x6c,0x73,0x20,0x68,0x61,0x6c,0x66,0x20,
  0x6d,0x61,0x73,0x73,0x20,0x74,0x69,0x6d,0x65,0x73,0x20,0x76,0x65,0x6c,0x6f,0x63,
  0x69,0x74,0x79,0x20,0x73,0x71,0x75,0x61,0x72,0x65,0x64,0x2e,0x2e,0x00,0x54,0x68,
  0x65,0x20,0x65,0x6c,0x65,0x63,0x74,0x72,0x6f,0x6e,0x20,0x72,0x65,0x73,0x74,0x20,
  0x6d,0x61,0x73,0x73,0x20,0x69,0x73,0x20,0x39,0x2e,0x31,0x30,0x39,0x33,0x38,0x33,
  0x37,0x30,0x31,0x35,0x65,0x2d,0x33,0x31,0x20,0x6b,0x67,0x2e,0x2d,0x00,0x54,0x68,
  0x65,0x20,0x70,0x72,0x6f,0x74,0x6f,0x6e,0x20,0x72,0x65,0x73,0x74,0x20,0x6d,0x61,
  0x73,0x73,0x20,0x69,0x73,0x20,0x31,0x2e,0x36,0x37,0x32,0x36,0x32,0x31,0x39,0x32,
  0x33,0x36,0x39,0x65,0x2d,0x32,0x37,0x20,0x6b,0x67,0x2e,0x0a,0x6d,0x65,0x63,0x68,
  0x61,0x6e,0x69,0x63,0x61,0x6c,0x02,0x22,0x00,0x50,0x6f,0x77,0x65,0x72,0x20,0x65,
  0x71,0x75,0x61,0x6c,0x73,0x20,0x77,0x6f,0x72,0x6b,0x20,0x64,0x69,0x76,0x69,0x64,
  0x65,0x64,0x20,0x62,0x79,0x20,0x74,0x69,0x6d,0x65,0x2e,0x48,0x00,0x4d,0x65,0x63,
  0x68,0x61,0x6e,0x69,0x63,0x61,0x6c,0x20,0x61,0x64,0x76,0x61,0x6e,0x74,0x61,0x67,
  0x65,0x20,0x65,0x71,0x75,0x61,0x6c,0x73,0x20,0x74,0x68,0x65,0x20,0x6f,0x75,0x74,
  0x70,0x75,0x74,0x20,0x66,0x6f,0x72,0x63,0x65,0x20,0x64,0x69,0x76,0x69,0x64,0x65,
  0x64,0x20,0x62,0x79,0x20,0x74,0x68,0x65,0x20,0x69,0x6e,0x70,0x75,0x74,0x20,0x66,
  0x6f,0x72,0x63,0x65,0x2e,0x14,0x6d,0x65,0x63,0x68,0x61,0x6e,0x69,0x63,0x61,0x6c,
  0x20,0x61,0x64,0x76,0x61,0x6e,0x74,0x61,0x67,0x65,0x01,0x48,0x00,0x4d,0x65,0x63,
  0x68,0x61,0x6e,0x69,0x63,0x61,0x6c,0x20,0x61,0x64,0x76,0x61,0x6e,0x74,0x61,0x67,
  0x65,0x20,0x65,0x71,0x75,0x61,0x6c,0x73,0x20,0x74,0x68,0x65,0x20,0x6f,0x75,0x74,
  0x70,0x75,0x74,0x20,0x66,0x6f,0x72,0x63,0x65,0x20,0x64,0x69,0x76,0x69,0x64,0x65,
  0x64,0x20,0x62,0x79,0x20,0x74,0x68,0x65,0x20,0x69,0x6e,0x70,0x75,0x74,0x20,0x66,
  0x6f,0x72,0x63,0x65,0x2e,0x10,0x6d,0x65,0x63,0x68,0x61,0x6e,0x69,0x63,0x61,0x6c,
  0x20,0x70,0x6f,0x77,0x65,0x72,0x01,0x22,0x00,0x50,0x6f,0x77,0x65,0x72,0x20,0x65,
  0x71,0x75,0x61,0x6c,0x73,0x20,0x77,0x6f,0x72,0x6b,0x20,0x64,0x69,0x76,0x69,0x64,
  0x65,0x64,0x20,0x62,0x79,0x20,0x74,0x69,0x6d,0x65,0x2e,0x04,0x6d,0x65,0x67,0x61,
  0x01,0x1e,0x00,0x54,0x68,0x65,0x20,0x70,0x72,0x65,0x66,0x69,0x78,0x20,0x6d,0x65,
  0x67,0x61,0x20,0x28,0x4d,0x29,0x20,0x6d,0x65,0x61,0x6e,0x73,0x20,0x31,0x65,0x36,
  0x2e,0x0b,0x6d,0x65,0x67,0x61,0x20,0x70,0x72,0x65,0x66,0x69,0x78,0x01,0x1e,0x00,
  0x54,0x68,0x65,0x20,0x70,0x72,0x65,0x66,0x69,0x78,0x20,0x6d,0x65,0x67,0x61,0x20,
  0x28,0x4d,0x29,0x20,0x6d,0x65,0x61,0x6e,0x73,0x20,0x31,0x65,0x36,0x2e,0x07,0x6d,
  0x65,0x6c,0x74,0x69,0x6e,0x67,0x06,0x30,0x00,0x54,0x68,0x65,0x20,0x6d,0x65,0x6c,
  0x74,0x69,0x6e,0x67,0x20,0x70,0x6f,0x69,0x6e,0x74,0x20,0x6f,0x66,0x20,0x77,0x61,
  0x74,0x65,0x72,0x20,0x69,0x73,0x20,0x30,0x20,0x64,0x65,0x67,0x72,0x65,0x65,0x73,
  0x20,0x43,0x65,0x6c,0x73,0x69,0x75,0x73,0x2e,0x36,0x00,0x54,0x68,0x65,0x20,0x6d,
  0x65,0x6c,0x74,0x69,0x6e,0x67,0x20,0x70,0x6f,0x69,0x6e,0x74,0x20,0x6f,0x66,0x20,
  0x61,0x6c,0x75,0x6d,0x69,0x6e,0x69,0x75,0x6d,0x20,0x69,0x73,0x20,0x36,0x36,0x30,
  0x20,0x64,0x65,0x67,0x72,0x65,0x65,0x73,0x20,0x43,0x65,0x6c,0x73,0x69,0x75,0x73,
  0x2e,0x34,0x00,0x54,0x68,0x65,0x20,0x6d,0x65,0x6c,0x74,0x69,0x6e,0x67,0x20,0x70,
  0x6f,0x69,0x6e,0x74,0x20,0x6f,0x66,0x20,0x63,0x6f,0x70,0x70,0x65,0x72,0x20,0x69,
  0x73,0x20,0x31,0x30,0x38,0x35,0x20,0x64,0x65,0x67,0x72,0x65,0x65,0x73,0x20,0x43,
  0x65,0x6c,0x73,0x69,0x75,0x73,0x2e,0x33,0x00,0x54,0x68,0x65,0x20,0x6d,0x65,0x6c,
  0x74,0x69,0x6e,0x67,0x20,0x70,0x6f,0x69,0x6e,0x74,0x20,0x6f,0x66,0x20,0x73,0x74,
  0x65,0x65,0x6c,0x20,0x69,0x73,0x20,0x31,0x34,0x32,0x35,0x20,0x64,0x65,0x67,0x72,
  0x65,0x65,0x73,0x20,0x43,0x65,0x6c,0x73,0x69,0x75,0x73,0x2e,0x32,0x00,0x54,0x68,
  0x65,0x20,0x6d,0x65,0x6c,0x74,0x69,0x6e,0x67,0x20,0x70,0x6f,0x69,0x6e,0x74,0x20,
  0x6f,0x66,0x20,0x69,0x72,0x6f,0x6e,0x20,0x69,0x73,0x20,0x31,0x35,0x33,0x38,0x20,
  0x64,0x65,0x67,0x72,0x65,0x65,0x73,0x20,0x43,0x65,0x6c,0x73,0x69,0x75,0x73,0x2e,
  0x31,0x00,0x54,0x68,0x65,0x20,0x6d,0x65,0x6c,0x74,0x69,0x6e,0x67,0x20,0x70,0x6f,
  0x69,0x6e,0x74,0x20,0x6f,0x66,0x20,0x6c,0x65,0x61,0x64,0x20,0x69,0x73,0x20,0x33,
  0x32,0x37,0x20,0x64,0x65,0x67,0x72,0x65,0x65,0x73,0x20,0x43,0x65,0x6c,0x73,0x69,
  0x75,0x73,0x2e,0x0d,0x6d,0x65,0x6c,0x74,0x69,0x6e,0x67,0x20,0x70,0x6f,0x69,0x6e,
  0x74,0x06,0x30,0x00,0x54,0x68,0x65,0x20,0x6d,0x65,0x6c,0x74,0x69,0x6e,0x67,0x20,
  0x70,0x6f,0x69,0x6e,0x74,0x20,0x6f,0x66,0x20,0x77,0x61,0x74,0x65,0x72,0x20,0x69,
  0x73,0x20,0x30,0x20,0x64,0x65,0x67,0x72,0x65,0x65,0x73,0x20,0x43,0x65,0x6c,0x73,
  0x69,0x75,0x73,0x2e,0x36,0x00,0x54,0x68,0x65,0x20,0x6d,0x65,0x6c,0x74,0x69,0x6e,
  0x67,0x20,0x70,0x6f,0x69,0x6e,0x74,0x20,0x6f,0x66,0x20,0x61,0x6c,0x75,0x6d,0x69,
  0x6e,0x69,0x75,0x6d,0x20,0x69,0x73,0x20,0x36,0x36,0x30,0x20,0x64,0x65,0x67,0x72,
  0x65,0x65,0x73,0x20,0x43,0x65,0x6c,0x73,0x69,0x75,0x73,0x2e,0x34,0x00,0x54,0x68,
  0x65,0x20,0x6d,0x65,0x6c,0x74,0x69,0x6e,0x67,0x20,0x70,0x6f,0x69,0x6e,0x74,0x20,
  0x6f,0x66,0x20,0x63,0x6f,0x70,0x70,0x65,0x72,0x20,0x69,0x73,0x20,0x31,0x30,0x38,
  0x35,0x20,0x64,0x65,0x67,0x72,0x65,0x65,0x73,0x20,0x43,0x65,0x6c,0x73,0x69,0x75,
  0x73,0x2e,0x33,0x00,0x54,0x68,0x65,0x20,0x6d,0x65,0x6c,0x74,0x69,0x6e,0x67,0x20,
  0x70,0x6f,0x69,0x6e,0x74,0x20,0x6f,0x66,0x20,0x73,0x74,0x65,0x65,0x6c,0x20,0x69,
  0x73,0x20,0x31,0x34,0x32,0x35,0x20,0x64,0x65,0x67,0x72,0x65,0x65,0x73,0x20,0x43,
  0x65,0x6c,0x73,0x69,0x75,0x73,0x2e,0x32,0x00,0x54,0x68,0x65,0x20,0x6d,0x65,0x6c,
  0x74,0x69,0x6e,0x67,0x20,0x70,0x6f,0x69,0x6e,0x74,0x20,0x6f,0x66,0x20,0x69,0x72,
  0x6f,0x6e,0x20,0x69,0x73,0x20,0x31,0x35,0x33,0x38,0x20,0x64,0x65,0x67,0x72,0x65,
  0x65,0x73,0x20,0x43,0x65,0x6c,0x73,0x69,0x75,0x73,0x2e,0x31,0x00,0x54,0x68,0x65,
  0x20,0x6d,0x65,0x6c,0x74,0x69,0x6e,0x67,0x20,0x70,0x6f,0x69,0x6e,0x74,0x20,0x6f,
  0x66,0x20,0x6c,0x65,0x61,0x64,0x20,0x69,0x73,0x20,0x33,0x32,0x37,0x20,0x64,0x65,
  0x67,0x72,0x65,0x65,0x73,0x20,0x43,0x65,0x6c,0x73,0x69,0x75,0x73,0x2e,0x07,0x6d,
  0x65,0x72,0x63,0x75,0x72,0x79,0x01,0x7b,0x00,0x4d,0x65,0x72,0x63,0x75,0x72,0x79,
  0x20,0x68,0x61,0x73,0x20,0x61,0x20,0x64,0x69,0x61,0x6d,0x65,0x74,0x65,0x72,0x20,
  0x6f,0x66,0x20,0x61,0x62,0x6f,0x75,0x74,0x20,0x34,0x38,0x37,0x39,0x20,0x6b,0x6d,
  0x2c,0x20,0x6f,0x72,0x62,0x69,0x74,0x73,0x20,0x61,0x62,0x6f,0x75,0x74,0x20,0x35,
  0x37,0x2e,0x39,0x20,0x6d,0x69,0x6c,0x6c,0x69,0x6f,0x6e,0x20,0x6b,0x6d,0x20,0x66,
  0x72,0x6f,0x6d,0x20,0x74,0x68,0x65,0x20,0x53,0x75,0x6e,0x2c,0x20,0x61,0x6e,0x64,
  0x20,0x74,0x61,0x6b,0x65,0x73,0x20,0x61,0x62,0x6f,0x75,0x74,0x20,0x38,0x38,0x20,
  0x45,0x61,0x72,0x74,0x68,0x20,0x64,0x61,0x79,0x73,0x20,0x74,0x6f,0x20,0x6f,0x72,
  0x62,0x69,0x74,0x2e,0x05,0x6d,0x69,0x63,0x72,0x6f,0x01,0x20,0x00,0x54,0x68,0x65,
  0x20,0x70,0x72,0x65,0x66,0x69,0x78,0x20,0x6d,0x69,0x63,0x72,0x6f,0x20,0x28,0x75,
  0x29,0x20,0x6d,0x65,0x61,0x6e,0x73,0x20,0x31,0x65,0x2d,0x36,0x2e,0x0c,0x6d,0x69,
  0x63,0x72,0x6f,0x20,0x70,0x72,0x65,0x66,0x69,0x78,0x01,0x20,0x00,0x54,0x68,0x65,
  0x20,0x70,0x72,0x65,0x66,0x69,0x78,0x20,0x6d,0x69,0x63,0x72,0x6f,0x20,0x28,0x75,
  0x29,0x20,0x6d,0x65,0x61,0x6e,0x73,0x20,0x31,0x65,0x2d,0x36,0x2e,0x0f,0x6d,0x69,
  0x63,0x72,0x6f,0x63,0x6f,0x6e,0x74,0x72,0x6f,0x6c,0x6c,0x65,0x72,0x01,0x4c,0x00,
  0x50,0x72,0x6f,0x67,0x72,0x61,0x6d,0x20,0x63,0x6f,0x64,0x65,0x20,0x69,0x73,0x20,
  0x73,0x74,0x6f,0x72,0x65,0x64,0x20,0x69,0x6e,0x20,0x66,0x6c,0x61,0x73,0x68,0x20,
  0x6d,0x65,0x6d,0x6f,0x72,0x79,0x20,0x61,0x6e,0x64,0x20,0x6b,0x65,0x65,0x70,0x73,
  0x20,0x69,0x74,0x73,0x20,0x63,0x6f,0x6e,0x74,0x65,0x6e,0x74,0x73,0x20,0x77,0x69,
  0x74,0x68,0x6f,0x75,0x74,0x20,0x70,0x6f,0x77,0x65,0x72,0x2e,0x15,0x6d,0x69,0x63,
  0x72,0x6f,0x63,0x6f,0x6e,0x74,0x72,0x6f,0x6c,0x6c,0x65,0x72,0x20,0x66,0x6c,0x61,
  0x73,0x68,0x01,0x4c,0x00,0x50,0x72,0x6f,0x67,0x72,0x61,0x6d,0x20,0x63,0x6f,0x64,
  0x65,0x20,0x69,0x73,0x20,0x73,0x74,0x6f,0x72,0x65,0x64,0x20,0x69,0x6e,0x20,0x66,
  0x6c,0x61,0x73,0x68,0x20,0x6d,0x65,0x6d,0x6f,0x72,0x79,0x20,0x61,0x6e,0x64,0x20,
  0x6b,0x65,0x65,0x70,0x73,0x20,0x69,0x74,0x73,0x20,0x63,0x6f,0x6e,0x74,0x65,0x6e,
  0x74,0x73,0x20,0x77,0x69,0x74,0x68,0x6f,0x75,0x74,0x20,0x70,0x6f,0x77,0x65,0x72,
  0x2e,0x04,0x6d,0x69,0x6c,0x65,0x01,0x20,0x00,0x4f,0x6e,0x65,0x20,0x6d,0x69,0x6c,
  0x65,0x20,0x69,0x73,0x20,0x31,0x2e,0x36,0x30,0x39,0x33,0x34,0x34,0x20,0x6b,0x69,
  0x6c,0x6f,0x6d,0x65,0x74,0x72,0x65,0x73,0x2e,0x05,0x6d,0x69,0x6c,0x6c,0x69,0x01,
  0x20,0x00,0x54,0x68,0x65,0x20,0x70,0x72,0x65,0x66,0x69,0x78,0x20,0x6d,0x69,0x6c,
  0x6c,0x69,0x20,0x28,0x6d,0x29,0x20,0x6d,0x65,0x61,0x6e,0x73,0x20,0x31,0x65,0x2d,
  0x33,0x2e,0x0c,0x6d,0x69,0x6c,0x6c,0x69,0x20,0x70,0x72,0x65,0x66,0x69,0x78,0x01,
  0x20,0x00,0x54,0x68,0x65,0x20,0x70,0x72,0x65,0x66,0x69,0x78,0x20,0x6d,0x69,0x6c,
  0x6c,0x69,0x20,0x28,0x6d,0x29,0x20,0x6d,0x65,0x61,0x6e,0x73,0x20,0x31,0x65,0x2d,
  0x33,0x2e,0x05,0x6d,0x6f,0x64,0x65,0x73,0x01,0x41,0x00,0x54,0x68,0x65,0x20,0x66,
  0x6f,0x75,0x72,0x20,0x53,0x50,0x49,0x20,0x6d,0x6f,0x64,0x65,0x73,0x20,0x61,0x72,
  0x65,0x20,0x73,0x65,0x74,0x20,0x62,0x79,0x20,0x74,0x68,0x65,0x20,0x63,0x6c,0x6f,
  0x63,0x6b,0x20,0x70,0x6f,0x6c,0x61,0x72,0x69,0x74,0x79,0x20,0x61,0x6e,0x64,0x20,
  0x63,0x6c,0x6f,0x63,0x6b,0x20,0x70,0x68,0x61,0x73,0x65,0x2e,0x07,0x6d,0x6f,0x64,
  0x75,0x6c,0x75,0x73,0x03,0x30,0x00,0x59,0x6f,0x75,0x6e,0x67,0x27,0x73,0x20,0x6d,
  0x6f,0x64,0x75,0x6c,0x75,0x73,0x20,0x65,0x71,0x75,0x61,0x6c,0x73,0x20,0x73,0x74,
  0x72,0x65,0x73,0x73,0x20,0x64,0x69,0x76,0x69,0x64,0x65,0x64,0x20,0x62,0x79,0x20,
  0x73,0x74,0x72,0x61,0x69,0x6e,0x2e,0x36,0x00,0x54,0x68,0x65,0x20,0x59,0x6f,0x75,
  0x6e,0x67,0x27,0x73,0x20,0x6d,0x6f,0x64,0x75,0x6c,0x75,0x73,0x20,0x6f,0x66,0x20,
  0x73,0x74,0x65,0x65,0x6c,0x20,0x69,0x73,0x20,0x61,0x62,0x6f,0x75,0x74,0x20,0x32,
  0x30,0x30,0x20,0x67,0x69,0x67,0x61,0x70,0x61,0x73,0x63,0x61,0x6c,0x73,0x2e,0x39,
  0x00,0x54,0x68,0x65,0x20,0x59,0x6f,0x75,0x6e,0x67,0x27,0x73,0x20,0x6d,0x6f,0x64,
  0x75,0x6c,0x75,0x73,0x20,0x6f,0x66,0x20,0x61,0x6c,0x75,0x6d,0x69,0x6e,0x69,0x75,
  0x6d,0x20,0x69,0x73,0x20,0x61,0x62,0x6f,0x75,0x74,0x20,0x36,0x39,0x20,0x67,0x69,
  0x67,0x61,0x70,0x61,0x73,0x63,0x61,0x6c,0x73,0x2e,0x05,0x6d,0x6f,0x6c,0x65,0x73,
  0x01,0x5a,0x00,0x50,0x72,0x65,0x73,0x73,0x75,0x72,0x65,0x20,0x74,0x69,0x6d,0x65,
  0x73,0x20,0x76,0x6f,0x6c,0x75,0x6d,0x65,0x20,0x65,0x71,0x75,0x61,0x6c,0x73,0x20,
  0x74,0x68,0x65,0x20,0x6e,0x75,0x6d,0x62,0x65,0x72,0x20,0x6f,0x66,0x20,0x6d,0x6f,
  0x6c,0x65,0x73,0x20,0x74,0x69,0x6d,0x65,0x73,0x20,0x74,0x68,0x65,0x20,0x67,0x61,
  0x73,0x20,0x63,0x6f,0x6e,0x73,0x74,0x61,0x6e,0x74,0x20,0x74,0x69,0x6d,0x65,0x73,
  0x20,0x74,0x65,0x6d,0x70,0x65,0x72,0x61,0x74,0x75,0x72,0x65,0x2e,0x08,0x6d,0x6f,
  0x6d,0x65,0x6e,0x74,0x75,0x6d,0x01,0x24,0x00,0x4d,0x6f,0x6d,0x65,0x6e,0x74,0x75,
  0x6d,0x20,0x65,0x71,0x75,0x61,0x6c,0x73,0x20,0x6d,0x61,0x73,0x73,0x20,0x74,0x69,
  0x6d,0x65,0x73,0x20,0x76,0x65,0x6c,0x6f,0x63,0x69,0x74,0x79,0x2e,0x04,0x6d,0x6f,
  0x6f,0x6e,0x01,0x4f,0x00,0x54,0x68,0x65,0x20,0x4d,0x6f,0x6f,0x6e,0x20,0x68,0x61,
  0x73,0x20,0x61,0x20,0x64,0x69,0x61,0x6d,0x65,0x74,0x65,0x72,0x20,0x6f,0x66,0x20,
  0x61,0x62,0x6f,0x75,0x74,0x20,0x33,0x34,0x37,0x35,0x20,0x6b,0x6d,0x20,0x61,0x6e,
  0x64,0x20,0x6f,0x72,0x62,0x69,0x74,0x73,0x20,0x61,0x62,0x6f,0x75,0x74,0x20,0x33,
  0x38,0x34,0x34,0x30,0x30,0x20,0x6b,0x6d,0x20,0x66,0x72,0x6f,0x6d,0x20,0x45,0x61,
  0x72,0x74,0x68,0x2e,0x06,0x6d,0x6f,0x73,0x66,0x65,0x74,0x01,0x4b,0x00,0x41,0x20,
  0x4d,0x4f,0x53,0x46,0x45,0x54,0x20,0x69,0x73,0x20,0x76,0x6f,0x6c,0x74,0x61,0x67,
  0x65,0x20,0x63,0x6f,0x6e,0x74,0x72,0x6f,0x6c,0x6c,0x65,0x64,0x20,0x61,0x6e,0x64,
  0x20,0x69,0x74,0x73,0x20,0x67,0x61,0x74,0x65,0x20,0x64,0x72,0x61,0x77,0x73,0x20,
  0x61,0x6c,0x6d,0x6f,0x73,0x74,0x20,0x6e,0x6f,0x20,0x73,0x74,0x65,0x61,0x64,0x79,
  0x20,0x63,0x75,0x72,0x72,0x65,0x6e,0x74,0x2e,0x0b,0x6d,0x6f,0x73,0x66,0x65,0x74,
  0x20,0x67,0x61,0x74,0x65,0x01,0x4b,0x00,0x41,0x20,0x4d,0x4f,0x53,0x46,0x45,0x54,
  0x20,0x69,0x73,0x20,0x76,0x6f,0x6c,0x74,0x61,0x67,0x65,0x20,0x63,0x6f,0x6e,0x74,
  0x72,0x6f,0x6c,0x6c,0x65,0x64,0x20,0x61,0x6e,0x64,0x20,0x69,0x74,0x73,0x20,0x67,
  0x61,0x74,0x65,0x20,0x64,0x72,0x61,0x77,0x73,0x20,0x61,0x6c,0x6d,0x6f,0x73,0x74,
  0x20,0x6e,0x6f,0x20,0x73,0x74,0x65,0x61,0x64,0x79,0x20,0x63,0x75,0x72,0x72,0x65,
  0x6e,0x74,0x2e,0x04,0x6e,0x61,0x6e,0x6f,0x01,0x1f,0x00,0x54,0x68,0x65,0x20,0x70,
  0x72,0x65,0x66,0x69,0x78,0x20,0x6e,0x61,0x6e,0x6f,0x20,0x28,0x6e,0x29,0x20,0x6d,
  0x65,0x61,0x6e,0x73,0x20,0x31,0x65,0x2d,0x39,0x2e,0x0b,0x6e,0x61,0x6e,0x6f,0x20,
  0x70,0x72,0x65,0x66,0x69,0x78,0x01,0x1f,0x00,0x54,0x68,0x65,0x20,0x70,0x72,0x65,
  0x66,0x69,0x78,0x20,0x6e,0x61,0x6e,0x6f,0x20,0x28,0x6e,0x29,0x20,0x6d,0x65,0x61,
  0x6e,0x73,0x20,0x31,0x65,0x2d,0x39,0x2e,0x04,0x6e,0x65,0x6f,0x6e,0x03,0x3c,0x00,
  0x4e,0x65,0x6f,0x6e,0x20,0x68,0x61,0x73,0x20,0x73,0x79,0x6d,0x62,0x6f,0x6c,0x20,
  0x4e,0x65,0x2c,0x20,0x61,0x74,0x6f,0x6d,0x69,0x63,0x20,0x6e,0x75,0x6d,0x62,0x65,
  0x72,0x20,0x31,0x30,0x2c,0x20,0x61,0x6e,0x64,0x20,0x61,0x74,0x6f,0x6d,0x69,0x63,
  0x20,0x6d,0x61,0x73,0x73,0x20,0x32,0x30,0x2e,0x31,0x38,0x2e,0x33,0x00,0x54,0x68,
  0x65,0x20,0x61,0x74,0x6f,0x6d,0x69,0x63,0x20,0x6d,0x61,0x73,0x73,0x20,0x6f,0x66,
  0x20,0x6e,0x65,0x6f,0x6e,0x20,0x69,0x73,0x20,0x32,0x30,0x2e,0x31,0x38,0x20,0x61,
  0x74,0x6f,0x6d,0x69,0x63,0x20,0x6d,0x61,0x73,0x73,0x20,0x75,0x6e,0x69,0x74,0x73,
  0x2e,0x20,0x00,0x54,0x68,0x65,0x20,0x61,0x74,0x6f,0x6d,0x69,0x63,0x20,0x6e,0x75,
  0x6d,0x62,0x65,0x72,0x20,0x6f,0x66,0x20,0x6e,0x65,0x6f,0x6e,0x20,0x69,0x73,0x20,
  0x31,0x30,0x2e,0x0b,0x6e,0x65,0x6f,0x6e,0x20,0x61,0x74,0x6f,0x6d,0x69,0x63,0x02,
  0x33,0x00,0x54,0x68,0x65,0x20,0x61,0x74,0x6f,0x6d,0x69,0x63,0x20,0x6d,0x61,0x73,
  0x73,0x20,0x6f,0x66,0x20,0x6e,0x65,0x6f,0x6e,0x20,0x69,0x73,0x20,0x32,0x30,0x2e,
  0x31,0x38,0x20,0x61,0x74,0x6f,0x6d,0x69,0x63,0x20,0x6d,0x61,0x73,0x73,0x20,0x75,
  0x6e,0x69,0x74,0x73,0x2e,0x20,0x00,0x54,0x68,0x65,0x20,0x61,0x74,0x6f,0x6d,0x69,
  0x63,0x20,0x6e,0x75,0x6d,0x62,0x65,0x72,0x20,0x6f,0x66,0x20,0x6e,0x65,0x6f,0x6e,
  0x20,0x69,0x73,0x20,0x31,0x30,0x2e,0x10,0x6e,0x65,0x6f,0x6e,0x20,0x61,0x74,0x6f,
  0x6d,0x69,0x63,0x20,0x6d,0x61,0x73,0x73,0x01,0x33,0x00,0x54,0x68,0x65,0x20,0x61,
  0x74,0x6f,0x6d,0x69,0x63,0x20,0x6d,0x61,0x73,0x73,0x20,0x6f,0x66,0x20,0x6e,0x65,
  0x6f,0x6e,0x20,0x69,0x73,0x20,0x32,0x30,0x2e,0x31,0x38,0x20,0x61,0x74,0x6f,0x6d,
  0x69,0x63,0x20,0x6d,0x61,0x73,0x73,0x20,0x75,0x6e,0x69,0x74,0x73,0x2e,0x12,0x6e,
  0x65,0x6f,0x6e,0x20,0x61,0x74,0x6f,0x6d,0x69,0x63,0x20,0x6e,0x75,0x6d,0x62,0x65,
  0x72,0x01,0x20,0x00,0x54,0x68,0x65,0x20,0x61,0x74,0x6f,0x6d,0x69,0x63,0x20,0x6e,
  0x75,0x6d,0x62,0x65,0x72,0x20,0x6f,0x66,0x20,0x6e,0x65,0x6f,0x6e,0x20,0x69,0x73,
  0x20,0x31,0x30,0x2e,0x09,0x6e,0x65,0x6f,0x6e,0x20,0x6d,0x61,0x73,0x73,0x01,0x33,
  0x00,0x54,0x68,0x65,0x20,0x61,0x74,0x6f,0x6d,0x69,0x63,0x20,0x6d,0x61,0x73,0x73,
  0x20,0x6f,0x66,0x20,0x6e,0x65,0x6f,0x6e,0x20,0x69,0x73,0x20,0x32,0x30,0x2e,0x31,
  0x38,0x20,0x61,0x74,0x6f,0x6d,0x69,0x63,0x20,0x6d,0x61,0x73,0x73,0x20,0x75,0x6e,
  0x69,0x74,0x73,0x2e,0x0b,0x6e,0x65,0x6f,0x6e,0x20,0x6e,0x75,0x6d,0x62,0x65,0x72,
  0x01,0x20,0x00,0x54,0x68,0x65,0x20,0x61,0x74,0x6f,0x6d,0x69,0x63,0x20,0x6e,0x75,
  0x6d,0x62,0x65,0x72,0x20,0x6f,0x66,0x20,0x6e,0x65,0x6f,0x6e,0x20,0x69,0x73,0x20,
  0x31,0x30,0x2e,0x07,0x6e,0x65,0x70,0x74,0x75,0x6e,0x65,0x01,0x7f,0x00,0x4e,0x65,
  0x70,0x74,0x75,0x6e,0x65,0x20,0x68,0x61,0x73,0x20,0x61,0x20,0x64,0x69,0x61,0x6d,
  0x65,0x74,0x65,0x72,0x20,0x6f,0x66,0x20,0x61,0x62,0x6f,0x75,0x74,0x20,0x34,0x39,
  0x32,0x34,0x34,0x20,0x6b,0x6d,0x2c,0x20,0x6f,0x72,0x62,0x69,0x74,0x73,0x20,0x61,
  0x62,0x6f,0x75,0x74,0x20,0x34,0x34,0x39,0x35,0x20,0x6d,0x69,0x6c,0x6c,0x69,0x6f,
  0x6e,0x20,0x6b,0x6d,0x20,0x66,0x72,0x6f,0x6d,0x20,0x74,0x68,0x65,0x20,0x53,0x75,
  0x6e,0x2c,0x20,0x61,0x6e,0x64,0x20,0x74,0x61,0x6b,0x65,0x73,0x20,0x61,0x62,0x6f,
  0x75,0x74,0x20,0x36,0x30,0x31,0x39,0x30,0x20,0x45,0x61,0x72,0x74,0x68,0x20,0x64,
  0x61,0x79,0x73,0x20,0x74,0x6f,0x20,0x6f,0x72,0x62,0x69,0x74,0x2e,0x07,0x6e,0x65,
  0x75,0x74,0x72,0x6f,0x6e,0x01,0x2e,0x00,0x54,0x68,0x65,0x20,0x6e,0x65,0x75,0x74,
  0x72,0x6f,0x6e,0x20,0x72,0x65,0x73,0x74,0x20,0x6d,0x61,0x73,0x73,0x20,0x69,0x73,
  0x20,0x31,0x2e,0x36,0x37,0x34,0x39,0x32,0x37,0x34,0x39,0x38,0x30,0x34,0x65,0x2d,
  0x32,0x37,0x20,0x6b,0x67,0x2e,0x0c,0x6e,0x65,0x75,0x74,0x72,0x6f,0x6e,0x20,0x6d,
  0x61,0x73,0x73,0x01,0x2e,0x00,0x54,0x68,0x65,0x20,0x6e,0x65,0x75,0x74,0x72,0x6f,
  0x6e,0x20,0x72,0x65,0x73,0x74,0x20,0x6d,0x61,0x73,0x73,0x20,0x69,0x73,0x20,0x31,
  0x2e,0x36,0x37,0x34,0x39,0x32,0x37,0x34,0x39,0x38,0x30,0x34,0x65,0x2d,0x32,0x37,
  0x20,0x6b,0x67,0x2e,0x07,0x6e,0x65,0x77,0x74,0x6f,0x6e,0x73,0x01,0x25,0x00,0x46,
  0x6f,0x72,0x63,0x65,0x20,0x65,0x71,0x75,0x61,0x6c,0x73,0x20,0x6d,0x61,0x73,0x73,
  0x20,0x74,0x69,0x6d,0x65,0x73,0x20,0x61,0x63,0x63,0x65,0x6c,0x65,0x72,0x61,0x74,
  0x69,0x6f,0x6e,0x2e,0x0b,0x6e,0x65,0x77,0x74,0x6f,0x6e,0x73,0x20,0x6c,0x61,0x77,
  0x01,0x25,0x00,0x46,0x6f,0x72,0x63,0x65,0x20,0x65,0x71,0x75,0x61,0x6c,0x73,0x20,
  0x6d,0x61,0x73,0x73,0x20,0x74,0x69,0x6d,0x65,0x73,0x20,0x61,0x63,0x63,0x65,0x6c,
  0x65,0x72,0x61,0x74,0x69,0x6f,0x6e,0x2e,0x0e,0x6e,0x65,0x77,0x74,0x6f,0x6e,0x73,
  0x20,0x73,0x65,0x63,0x6f,0x6e,0x64,0x01,0x25,0x00,0x46,0x6f,0x72,0x63,0x65,0x20,
  0x65,0x71,0x75,0x61,0x6c,0x73,0x20,0x6d,0x61,0x73,0x73,0x20,0x74,0x69,0x6d,0x65,
  0x73,0x20,0x61,0x63,0x63,0x65,0x6c,0x65,0x72,0x61,0x74,0x69,0x6f,0x6e,0x2e,0x12,
  0x6e,0x65,0x77,0x74,0x6f,0x6e,0x73,0x20,0x73,0x65,0x63,0x6f,0x6e,0x64,0x20,0x6c,
  0x61,0x77,0x01,0x25,0x00,0x46,0x6f,0x72,0x63,0x65,0x20,0x65,0x71,0x75,0x61,0x6c,
  0x73,0x20,0x6d,0x61,0x73,0x73,0x20,0x74,0x69,0x6d,0x65,0x73,0x20,0x61,0x63,0x63,
  0x65,0x6c,0x65,0x72,0x61,0x74,0x69,0x6f,0x6e,0x2e,0x06,0x6e,0x69,0x63,0x6b,0x65,
  0x6c,0x05,0x3f,0x00,0x4e,0x69,0x63,0x6b,0x65,0x6c,0x20,0x68,0x61,0x73,0x20,0x73,
  0x79,0x6d,0x62,0x6f,0x6c,0x20,0x4e,0x69,0x2c,0x20,0x61,0x74,0x6f,0x6d,0x69,0x63,
  0x20,0x6e,0x75,0x6d,0x62,0x65,0x72,0x20,0x32,0x38,0x2c,0x20,0x61,0x6e,0x64,0x20,
  0x61,0x74,0x6f,0x6d,0x69,0x63,0x20,0x6d,0x61,0x73,0x73,0x20,0x35,0x38,0x2e,0x36,
  0x39,0x33,0x2e,0x38,0x00,0x54,0x68,0x65,0x20,0x64,0x65,0x6e,0x73,0x69,0x74,0x79,
  0x20,0x6f,0x66,0x20,0x6e,0x69,0x63,0x6b,0x65,0x6c,0x20,0x69,0x73,0x20,0x38,0x39,
  0x30,0x38,0x20,0x6b,0x69,0x6c,0x6f,0x67,0x72,0x61,0x6d,0x73,0x20,0x70,0x65,0x72,
  0x20,0x63,0x75,0x62,0x69,0x63,0x20,0x6d,0x65,0x74,0x72,0x65,0x2e,0x34,0x00,0x54,
  0x68,0x65,0x20,0x6d,0x65,0x6c,0x74,0x69,0x6e,0x67,0x20,0x70,0x6f,0x69,0x6e,0x74,
  0x20,0x6f,0x66,0x20,0x6e,0x69,0x63,0x6b,0x65,0x6c,0x20,0x69,0x73,0x20,0x31,0x34,
  0x35,0x35,0x20,0x64,0x65,0x67,0x72,0x65,0x65,0x73,0x20,0x43,0x65,0x6c,0x73,0x69,
  0x75,0x73,0x2e,0x36,0x00,0x54,0x68,0x65,0x20,0x61,0x74,0x6f,0x6d,0x69,0x63,0x20,
  0x6d,0x61,0x73,0x73,0x20,0x6f,0x66,0x20,0x6e,0x69,0x63,0x6b,0x65,0x6c,0x20,0x69,
  0x73,0x20,0x35,0x38,0x2e,0x36,0x39,0x33,0x20,0x61,0x74,0x6f,0x6d,0x69,0x63,0x20,
  0x6d,0x61,0x73,0x73,0x20,0x75,0x6e,0x69,0x74,0x73,0x2e,0x22,0x00,0x54,0x68,0x65,
  0x20,0x61,0x74,0x6f,0x6d,0x69,0x63,0x20,0x6e,0x75,0x6d,0x62,0x65,0x72,0x20,0x6f,
  0x66,0x20,0x6e,0x69,0x63,0x6b,0x65,0x6c,0x20,0x69,0x73,0x20,0x32,0x38,0x2e,0x0d,
  0x6e,0x69,0x63,0x6b,0x65,0x6c,0x20,0x61,0x74,0x6f,0x6d,0x69,0x63,0x02,0x36,0x00,
  0x54,0x68,0x65,0x20,0x61,0x74,0x6f,0x6d,0x69,0x63,0x20,0x6d,0x61,0x73,0x73,0x20,
  0x6f,0x66,0x20,0x6e,0x69,0x63,0x6b,0x65,0x6c,0x20,0x69,0x73,0x20,0x35,0x38,0x2e,
  0x36,0x39,0x33,0x20,0x61,0x74,0x6f,0x6d,0x69,0x63,0x20,0x6d,0x61,0x73,0x73,0x20,
  0x75,0x6e,0x69,0x74,0x73,0x2e,0x22,0x00,0x54,0x68,0x65,0x20,0x61,0x74,0x6f,0x6d,
  0x69,0x63,0x20,0x6e,0x75,0x6d,0x62,0x65,0x72,0x20,0x6f,0x66,0x20,0x6e,0x69,0x63,
  0x6b,0x65,0x6c,0x20,0x69,0x73,0x20,0x32,0x38,0x2e,0x12,0x6e,0x69,0x63,0x6b,0x65,
  0x6c,0x20,0x61,0x74,0x6f,0x6d,0x69,0x63,0x20,0x6d,0x61,0x73,0x73,0x01,0x36,0x00,
  0x54,0x68,0x65,0x20,0x61,0x74,0x6f,0x6d,0x69,0x63,0x20,0x6d,0x61,0x73,0x73,0x20,
  0x6f,0x66,0x20,0x6e,0x69,0x63,0x6b,0x65,0x6c,0x20,0x69,0x73,0x20,0x35,0x38,0x2e,
  0x36,0x39,0x33,0x20,0x61,0x74,0x6f,0x6d,0x69,0x63,0x20,0x6d,0x61,0x73,0x73,0x20,
  0x75,0x6e,0x69,0x74,0x73,0x2e,0x14,0x6e,0x69,0x63,0x6b,0x65,0x6c,0x20,0x61,0x74,
  0x6f,0x6d,0x69,0x63,0x20,0x6e,0x75,0x6d,0x62,0x65,0x72,0x01,0x22,0x00,0x54,0x68,
  0x65,0x20,0x61,0x74,0x6f,0x6d,0x69,0x63,0x20,0x6e,0x75,0x6d,0x62,0x65,0x72,0x20,
  0x6f,0x66,0x20,0x6e,0x69,0x63,0x6b,0x65,0x6c,0x20,0x69,0x73,0x20,0x32,0x38,0x2e,
  0x0e,0x6e,0x69,0x63,0x6b,0x65,0x6c,0x20,0x64,0x65,0x6e,0x73,0x69,0x74,0x79,0x01,
  0x38,0x00,0x54,0x68,0x65,0x20,0x64,0x65,0x6e,0x73,0x69,0x74,0x79,0x20,0x6f,0x66,
  0x20,0x6e,0x69,0x63,0x6b,0x65,0x6c,0x20,0x69,0x73,0x20,0x38,0x39,0x30,0x38,0x20,
  0x6b,0x69,0x6c,0x6f,0x67,0x72,0x61,0x6d,0x73,0x20,0x70,0x65,0x72,0x20,0x63,0x75,
  0x62,0x69,0x63,0x20,0x6d,0x65,0x74,0x72,0x65,0x2e,0x0b,0x6e,0x69,0x63,0x6b,0x65,
  0x6c,0x20,0x6d,0x61,0x73,0x73,0x01,0x36,0x00,0x54,0x68,0x65,0x20,0x61,0x74,0x6f,
  0x6d,0x69,0x63,0x20,0x6d,0x61,0x73,0x73,0x20,0x6f,0x66,0x20,0x6e,0x69,0x63,0x6b,
  0x65,0x6c,0x20,0x69,0x73,0x20,0x35,0x38,0x2e,0x36,0x39,0x33,0x20,0x61,0x74,0x6f,
  0x6d,0x69,0x63,0x20,0x6d,0x61,0x73,0x73,0x20,0x75,0x6e,0x69,0x74,0x73,0x2e,0x0e,
  0x6e,0x69,0x63,0x6b,0x65,0x6c,0x20,0x6d,0x65,0x6c,0x74,0x69,0x6e,0x67,0x01,0x34,
  0x00,0x54,0x68,0x65,0x20,0x6d,0x65,0x6c,0x74,0x69,0x6e,0x67,0x20,0x70,0x6f,0x69,
  0x6e,0x74,0x20,0x6f,0x66,0x20,0x6e,0x69,0x63,0x6b,0x65,0x6c,0x20,0x69,0x73,0x20,
  0x31,0x34,0x35,0x35,0x20,0x64,0x65,0x67,0x72,0x65,0x65,0x73,0x20,0x43,0x65,0x6c,
  0x73,0x69,0x75,0x73,0x2e,0x14,0x6e,0x69,0x63,0x6b,0x65,0x6c,0x20,0x6d,0x65,0x6c,
  0x74,0x69,0x6e,0x67,0x20,0x70,0x6f,0x69,0x6e,0x74,0x01,0x34,0x00,0x54,0x68,0x65,
  0x20,0x6d,0x65,0x6c,0x74,0x69,0x6e,0x67,0x20,0x70,0x6f,0x69,0x6e,0x74,0x20,0x6f,
  0x66,0x20,0x6e,0x69,0x63,0x6b,0x65,0x6c,0x20,0x69,0x73,0x20,0x31,0x34,0x35,0x35,
  0x20,0x64,0x65,0x67,0x72,0x65,0x65,0x73,0x20,0x43,0x65,0x6c,0x73,0x69,0x75,0x73,
  0x2e,0x0d,0x6e,0x69,0x63,0x6b,0x65,0x6c,0x20,0x6e,0x75,0x6d,0x62,0x65,0x72,0x01,
  0x22,0x00,0x54,0x68,0x65,0x20,0x61,0x74,0x6f,0x6d,0x69,0x63,0x20,0x6e,0x75,0x6d,
  0x62,0x65,0x72,0x20,0x6f,0x66,0x20,0x6e,0x69,0x63,0x6b,0x65,0x6c,0x20,0x69,0x73,
  0x20,0x32,0x38,0x2e,0x0c,0x6e,0x69,0x63,0x6b,0x65,0x6c,0x20,0x70,0x6f,0x69,0x6e,
  0x74,0x01,0x34,0x00,0x54,0x68,0x65,0x20,0x6d,0x65,0x6c,0x74,0x69,0x6e,0x67,0x20,
  0x70,0x6f,0x69,0x6e,0x74,0x20,0x6f,0x66,0x20,0x6e,0x69,0x63,0x6b,0x65,0x6c,0x20,
  0x69,0x73,0x20,0x31,0x34,0x35,0x35,0x20,0x64,0x65,0x67,0x72,0x65,0x65,0x73,0x20,
  0x43,0x65,0x6c,0x73,0x69,0x75,0x73,0x2e,0x04,0x6e,0x69,0x6d,0x68,0x01,0x21,0x00,
  0x41,0x20,0x4e,0x69,0x4d,0x48,0x20,0x63,0x65,0x6c,0x6c,0x20,0x69,0x73,0x20,0x31,
  0x2e,0x32,0x20,0x76,0x6f,0x6c,0x74,0x73,0x20,0x6e,0x6f,0x6d,0x69,0x6e,0x61,0x6c,
  0x2e,0x09,0x6e,0x69,0x6d,0x68,0x20,0x63,0x65,0x6c,0x6c,0x01,0x21,0x00,0x41,0x20,
  0x4e,0x69,0x4d,0x48,0x20,0x63,0x65,0x6c,0x6c,0x20,0x69,0x73,0x20,0x31,0x2e,0x32,
  0x20,0x76,0x6f,0x6c,0x74,0x73,0x20,0x6e,0x6f,0x6d,0x69,0x6e,0x61,0x6c,0x2e,0x08,
  0x6e,0x69,0x74,0x72,0x6f,0x67,0x65,0x6e,0x03,0x3f,0x00,0x4e,0x69,0x74,0x72,0x6f,
  0x67,0x65,0x6e,0x20,0x68,0x61,0x73,0x20,0x73,0x79,0x6d,0x62,0x6f,0x6c,0x20,0x4e,
  0x2c,0x20,0x61,0x74,0x6f,0x6d,0x69,0x63,0x20,0x6e,0x75,0x6d,0x62,0x65,0x72,0x20,
  0x37,0x2c,0x20,0x61,0x6e,0x64,0x20,0x61,0x74,0x6f,0x6d,0x69,0x63,0x20,0x6d,0x61,
  0x73,0x73,0x20,0x31,0x34,0x2e,0x30,0x30,0x37,0x2e,0x38,0x00,0x54,0x68,0x65,0x20,
  0x61,0x74,0x6f,0x6d,0x69,0x63,0x20,0x6d,0x61,0x73,0x73,0x20,0x6f,0x66,0x20,0x6e,
  0x69,0x74,0x72,0x6f,0x67,0x65,0x6e,0x20,0x69,0x73,0x20,0x31,0x34,0x2e,0x30,0x30,
  0x37,0x20,0x61,0x74,0x6f,0x6d,0x69,0x63,0x20,0x6d,0x61,0x73,0x73,0x20,0x75,0x6e,
  0x69,0x74,0x73,0x2e,0x23,0x00,0x54,0x68,0x65,0x20,0x61,0x74,0x6f,0x6d,0x69,0x63,
  0x20,0x6e,0x75,0x6d,0x62,0x65,0x72,0x20,0x6f,0x66,0x20,0x6e,0x69,0x74,0x72,0x6f,
  0x67,0x65,0x6e,0x20,0x69,0x73,0x20,0x37,0x2e,0x0f,0x6e,0x69,0x74,0x72,0x6f,0x67,
  0x65,0x6e,0x20,0x61,0x74,0x6f,0x6d,0x69,0x63,0x02,0x38,0x00,0x54,0x68,0x65,0x20,
  0x61,0x74,0x6f,0x6d,0x69,0x63,0x20,0x6d,0x61,0x73,0x73,0x20,0x6f,0x66,0x20,0x6e,
  0x69,0x74,0x72,0x6f,0x67,0x65,0x6e,0x20,0x69,0x73,0x20,0x31,0x34,0x2e,0x30,0x30,
  0x37,0x20,0x61,0x74,0x6f,0x6d,0x69,0x63,0x20,0x6d,0x61,0x73,0x73,0x20,0x75,0x6e,
  0x69,0x74,0x73,0x2e,0x23,0x00,0x54,0x68,0x65,0x20,0x61,0x74,0x6f,0x6d,0x69,0x63,
  0x20,0x6e,0x75,0x6d,0x62,0x65,0x72,0x20,0x6f,0x66,0x20,0x6e,0x69,0x74,0x72,0x6f,
  0x67,0x65,0x6e,0x20,0x69,0x73,0x20,0x37,0x2e,0x14,0x6e,0x69,0x74,0x72,0x6f,0x67,
  0x65,0x6e,0x20,0x61,0x74,0x6f,0x6d,0x69,0x63,0x20,0x6d,0x61,0x73,0x73,0x01,0x38,
  0x00,0x54,0x68,0x65,0x20,0x61,0x74,0x6f,0x6d,0x69,0x63,0x20,0x6d,0x61,0x73,0x73,
  0x20,0x6f,0x66,0x20,0x6e,0x69,0x74,0x72,0x6f,0x67,0x65,0x6e,0x20,0x69,0x73,0x20,
  0x31,0x34,0x2e,0x30,0x30,0x37,0x20,0x61,0x74,0x6f,0x6d,0x69,0x63,0x20,0x6d,0x61,
  0x73,0x73,0x20,0x75,0x6e,0x69,0x74,0x73,0x2e,0x16,0x6e,0x69,0x74,0x72,0x6f,0x67,
  0x65,0x6e,0x20,0x61,0x74,0x6f,0x6d,0x69,0x63,0x20,0x6e,0x75,0x6d,0x62,0x65,0x72,
  0x01,0x23,0x00,0x54,0x68,0x65,0x20,0x61,0x74,0x6f,0x6d,0x69,0x63,0x20,0x6e,0x75,
  0x6d,0x62,0x65,0x72,0x20,0x6f,0x66,0x20,0x6e,0x69,0x74,0x72,0x6f,0x67,0x65,0x6e,
  0x20,0x69,0x73,0x20,0x37,0x2e,0x0d,0x6e,0x69,0x74,0x72,0x6f,0x67,0x65,0x6e,0x20,
  0x6d,0x61,0x73,0x73,0x01,0x38,0x00,0x54,0x68,0x65,0x20,0x61,0x74,0x6f,0x6d,0x69,
  0x63,0x20,0x6d,0x61,0x73,0x73,0x20,0x6f,0x66,0x20,0x6e,0x69,0x74,0x72,0x6f,0x67,
  0x65,0x6e,0x20,0x69,0x73,0x20,0x31,0x34,0x2e,0x30,0x30,0x37,0x20,0x61,0x74,0x6f,
  0x6d,0x69,0x63,0x20,0x6d,0x61,0x73,0x73,0x20,0x75,0x6e,0x69,0x74,0x73,0x2e,0x0f,
  0x6e,0x69,0x74,0x72,0x6f,0x67,0x65,0x6e,0x20,0x6e,0x75,0x6d,0x62,0x65,0x72,0x01,
  0x23,0x00,0x54,0x68,0x65,0x20,0x61,0x74,0x6f,0x6d,0x69,0x63,0x20,0x6e,0x75,0x6d,
  0x62,0x65,0x72,0x20,0x6f,0x66,0x20,0x6e,0x69,0x74,0x72,0x6f,0x67,0x65,0x6e,0x20,
  0x69,0x73,0x20,0x37,0x2e,0x0c,0x6e,0x6f,0x6e,0x69,0x6e,0x76,0x65,0x72,0x74,0x69,
  0x6e,0x67,0x01,0x6b,0x00,0x46,0x6f,0x72,0x20,0x61,0x20,0x6e,0x6f,0x6e,0x2d,0x69,
  0x6e,0x76,0x65,0x72,0x74,0x69,0x6e,0x67,0x20,0x61,0x6d,0x70,0x6c,0x69,0x66,0x69,
  0x65,0x72,0x2c,0x20,0x67,0x61,0x69,0x6e,0x20,0x65,0x71,0x75,0x61,0x6c,0x73,0x20,
  0x31,0x20,0x70,0x6c,0x75,0x73,0x20,0x74,0x68,0x65,0x20,0x66,0x65,0x65,0x64,0x62,
  0x61,0x63,0x6b,0x20,0x72,0x65,0x73,0x69,0x73,0x74,0x61,0x6e,0x63,0x65,0x20,0x64,
  0x69,0x76,0x69,0x64,0x65,0x64,0x20,0x62,0x79,0x20,0x74,0x68,0x65,0x20,0x67,0x72,
  0x6f,0x75,0x6e,0x64,0x20,0x72,0x65,0x73,0x69,0x73,0x74,0x61,0x6e,0x63,0x65,0x2e,
  0x16,0x6e,0x6f,0x6e,0x69,0x6e,0x76,0x65,0x72,0x74,0x69,0x6e,0x67,0x20,0x61,0x6d,
  0x70,0x6c,0x69,0x66,0x69,0x65,0x72,0x01,0x6b,0x00,0x46,0x6f,0x72,0x20,0x61,0x20,
  0x6e,0x6f,0x6e,0x2d,0x69,0x6e,0x76,0x65,0x72,0x74,0x69,0x6e,0x67,0x20,0x61,0x6d,
  0x70,0x6c,0x69,0x66,0x69,0x65,0x72,0x2c,0x20,0x67,0x61,0x69,0x6e,0x20,0x65,0x71,
  0x75,0x61,0x6c,0x73,0x20,0x31,0x20,0x70,0x6c,0x75,0x73,0x20,0x74,0x68,0x65,0x20,
  0x66,0x65,0x65,0x64,0x62,0x61,0x63,0x6b,0x20,0x72,0x65,0x73,0x69,0x73,0x74,0x61,
  0x6e,0x63,0x65,0x20,0x64,0x69,0x76,0x69,0x64,0x65,0x64,0x20,0x62,0x79,0x20,0x74,
  0x68,0x65,0x20,0x67,0x72,0x6f,0x75,0x6e,0x64,0x20,0x72,0x65,0x73,0x69,0x73,0x74,
  0x61,0x6e,0x63,0x65,0x2e,0x06,0x6e,0x6f,0x72,0x74,0x6f,0x6e,0x01,0x59,0x00,0x41,
  0x6e,0x79,0x20,0x6c,0x69,0x6e,0x65,0x61,0x72,0x20,0x6e,0x65,0x74,0x77,0x6f,0x72,
  0x6b,0x20,0x63,0x61,0x6e,0x20,0x62,0x65,0x20,0x72,0x65,0x70,0x6c,0x61,0x63,0x65,
  0x64,0x20,0x62,0x79,0x20,0x6f,0x6e,0x65,0x20,0x63,0x75,0x72,0x72,0x65,0x6e,0x74,
  0x20,0x73,0x6f,0x75,0x72,0x63,0x65,0x20,0x69,0x6e,0x20,0x70,0x61,0x72,0x61,0x6c,
  0x6c,0x65,0x6c,0x20,0x77,0x69,0x74,0x68,0x20,0x6f,0x6e,0x65,0x20,0x72,0x65,0x73,
  0x69,0x73,0x74,0x61,0x6e,0x63,0x65,0x2e,0x06,0x6e,0x75,0x6d,0x62,0x65,0x72,0x06,
  0x2f,0x00,0x54,0x68,0x65,0x20,0x41,0x76,0x6f,0x67,0x61,0x64,0x72,0x6f,0x20,0x63,
  0x6f,0x6e,0x73,0x74,0x61,0x6e,0x74,0x20,0x69,0x73,0x20,0x36,0x2e,0x30,0x32,0x32,
  0x31,0x34,0x30,0x37,0x36,0x65,0x32,0x33,0x20,0x70,0x65,0x72,0x20,0x6d,0x6f,0x6c,
  0x2e,0x23,0x00,0x54,0x68,0x65,0x20,0x61,0x74,0x6f,0x6d,0x69,0x63,0x20,0x6e,0x75,
  0x6d,0x62,0x65,0x72,0x20,0x6f,0x66,0x20,0x68,0x79,0x64,0x72,0x6f,0x67,0x65,0x6e,
  0x20,0x69,0x73,0x20,0x31,0x2e,0x21,0x00,0x54,0x68,0x65,0x20,0x61,0x74,0x6f,0x6d,
  0x69,0x63,0x20,0x6e,0x75,0x6d,0x62,0x65,0x72,0x20,0x6f,0x66,0x20,0x68,0x65,0x6c,
  0x69,0x75,0x6d,0x20,0x69,0x73,0x20,0x32,0x2e,0x22,0x00,0x54,0x68,0x65,0x20,0x61,
  0x74,0x6f,0x6d,0x69,0x63,0x20,0x6e,0x75,0x6d,0x62,0x65,0x72,0x20,0x6f,0x66,0x20,
  0x6c,0x69,0x74,0x68,0x69,0x75,0x6d,0x20,0x69,0x73,0x20,0x33,0x2e,0x24,0x00,0x54,
  0x68,0x65,0x20,0x61,0x74,0x6f,0x6d,0x69,0x63,0x20,0x6e,0x75,0x6d,0x62,0x65,0x72,
  0x20,0x6f,0x66,0x20,0x62,0x65,0x72,0x79,0x6c,0x6c,0x69,0x75,0x6d,0x20,0x69,0x73,
  0x20,0x34,0x2e,0x20,0x00,0x54,0x68,0x65,0x20,0x61,0x74,0x6f,0x6d,0x69,0x63,0x20,
  0x6e,0x75,0x6d,0x62,0x65,0x72,0x20,0x6f,0x66,0x20,0x62,0x6f,0x72,0x6f,0x6e,0x20,
  0x69,0x73,0x20,0x35,0x2e,0x07,0x6e,0x79,0x71,0x75,0x69,0x73,0x74,0x01,0x42,0x00,
  0x41,0x20,0x73,0x69,0x67,0x6e,0x61,0x6c,0x20,0x6d,0x75,0x73,0x74,0x20,0x62,0x65,
  0x20,0x73,0x61,0x6d,0x70,0x6c,0x65,0x64,0x20,0x61,0x74,0x20,0x6d,0x6f,0x72,0x65,
  0x20,0x74,0x68,0x61,0x6e,0x20,0x74,0x77,0x69,0x63,0x65,0x20,0x69,0x74,0x73,0x20,
  0x68,0x69,0x67,0x68,0x65,0x73,0x74,0x20,0x66,0x72,0x65,0x71,0x75,0x65,0x6e,0x63,
  0x79,0x2e,0x08,0x6f,0x66,0x20,0x6c,0x69,0x67,0x68,0x74,0x01,0x2e,0x00,0x54,0x68,
  0x65,0x20,0x73,0x70,0x65,0x65,0x64,0x20,0x6f,0x66,0x20,0x6c,0x69,0x67,0x68,0x74,
  0x20,0x69,0x6e,0x20,0x76,0x61,0x63,0x75,0x75,0x6d,0x20,0x69,0x73,0x20,0x32,0x39,
  0x39,0x37,0x39,0x32,0x34,0x35,0x38,0x20,0x6d,0x2f,0x73,0x2e,0x08,0x6f,0x66,0x20,
  0x73,0x6f,0x75,0x6e,0x64,0x01,0x37,0x00,0x54,0x68,0x65,0x20,0x73,0x70,0x65,0x65,
  0x64,0x20,0x6f,0x66,0x20,0x73,0x6f,0x75,0x6e,0x64,0x20,0x69,0x6e,0x20,0x64,0x72,
  0x79,0x20,0x61,0x69,0x72,0x20,0x61,0x74,0x20,0x32,0x30,0x20,0x43,0x20,0x69,0x73,
  0x20,0x61,0x62,0x6f,0x75,0x74,0x20,0x33,0x34,0x33,0x20,0x6d,0x2f,0x73,0x2e,0x03,
  0x6f,0x68,0x6d,0x01,0x1f,0x00,0x4f,0x6e,0x65,0x20,0x6f,0x68,0x6d,0x20,0x69,0x73,
  0x20,0x6f,0x6e,0x65,0x20,0x76,0x6f,0x6c,0x74,0x20,0x70,0x65,0x72,0x20,0x61,0x6d,
  0x70,0x65,0x72,0x65,0x2e,0x04,0x6f,0x68,0x6d,0x73,0x01,0x28,0x00,0x56,0x6f,0x6c,
  0x74,0x61,0x67,0x65,0x20,0x65,0x71,0x75,0x61,0x6c,0x73,0x20,0x63,0x75,0x72,0x72,
  0x65,0x6e,0x74,0x20,0x74,0x69,0x6d,0x65,0x73,0x20,0x72,0x65,0x73,0x69,0x73,0x74,
  0x61,0x6e,0x63,0x65,0x2e,0x08,0x6f,0x68,0x6d,0x73,0x20,0x6c,0x61,0x77,0x01,0x28,
  0x00,0x56,0x6f,0x6c,0x74,0x61,0x67,0x65,0x20,0x65,0x71,0x75,0x61,0x6c,0x73,0x20,
  0x63,0x75,0x72,0x72,0x65,0x6e,0x74,0x20,0x74,0x69,0x6d,0x65,0x73,0x20,0x72,0x65,
  0x73,0x69,0x73,0x74,0x61,0x6e,0x63,0x65,0x2e,0x06,0x6f,0x70,0x20,0x61,0x6d,0x70,
  0x01,0x6b,0x00,0x57,0x69,0x74,0x68,0x20,0x6e,0x65,0x67,0x61,0x74,0x69,0x76,0x65,
  0x20,0x66,0x65,0x65,0x64,0x62,0x61,0x63,0x6b,0x20,0x61,0x6e,0x20,0x69,0x64,0x65,
  0x61,0x6c,0x20,0x6f,0x70,0x20,0x61,0x6d,0x70,0x20,0x64,0x72,0x61,0x77,0x73,0x20,
  0x6e,0x6f,0x20,0x69,0x6e,0x70,0x75,0x74,0x20,0x63,0x75,0x72,0x72,0x65,0x6e,0x74,
  0x20,0x61,0x6e,0x64,0x20,0x68,0x6f,0x6c,0x64,0x73,0x20,0x69,0x74,0x73,0x20,0x74,
  0x77,0x6f,0x20,0x69,0x6e,0x70,0x75,0x74,0x73,0x20,0x61,0x74,0x20,0x74,0x68,0x65,
  0x20,0x73,0x61,0x6d,0x65,0x20,0x76,0x6f,0x6c,0x74,0x61,0x67,0x65,0x2e,0x0c,0x6f,
  0x70,0x20,0x61,0x6d,0x70,0x20,0x72,0x75,0x6c,0x65,0x73,0x01,0x6b,0x00,0x57,0x69,
  0x74,0x68,0x20,0x6e,0x65,0x67,0x61,0x74,0x69,0x76,0x65,0x20,0x66,0x65,0x65,0x64,
  0x62,0x61,0x63,0x6b,0x20,0x61,0x6e,0x20,0x69,0x64,0x65,0x61,0x6c,0x20,0x6f,0x70,
  0x20,0x61,0x6d,0x70,0x20,0x64,0x72,0x61,0x77,0x73,0x20,0x6e,0x6f,0x20,0x69,0x6e,
  0x70,0x75,0x74,0x20,0x63,0x75,0x72,0x72,0x65,0x6e,0x74,0x20,0x61,0x6e,0x64,0x20,
  0x68,0x6f,0x6c,0x64,0x73,0x20,0x69,0x74,0x73,0x20,0x74,0x77,0x6f,0x20,0x69,0x6e,
  0x70,0x75,0x74,0x73,0x20,0x61,0x74,0x20,0x74,0x68,0x65,0x20,0x73,0x61,0x6d,0x65,
  0x20,0x76,0x6f,0x6c,0x74,0x61,0x67,0x65,0x2e,0x08,0x6f,0x70,0x20,0x72,0x75,0x6c,
  0x65,0x73,0x01,0x6b,0x00,0x57,0x69,0x74,0x68,0x20,0x6e,0x65,0x67,0x61,0x74,0x69,
  0x76,0x65,0x20,0x66,0x65,0x65,0x64,0x62,0x61,0x63,0x6b,0x20,0x61,0x6e,0x20,0x69,
  0x64,0x65,0x61,0x6c,0x20,0x6f,0x70,0x20,0x61,0x6d,0x70,0x20,0x64,0x72,0x61,0x77,
  0x73,0x20,0x6e,0x6f,0x20,0x69,0x6e,0x70,0x75,0x74,0x20,0x63,0x75,0x72,0x72,0x65,
  0x6e,0x74,0x20,0x61,0x6e,0x64,0x20,0x68,0x6f,0x6c,0x64,0x73,0x20,0x69,0x74,0x73,
  0x20,0x74,0x77,0x6f,0x20,0x69,0x6e,0x70,0x75,0x74,0x73,0x20,0x61,0x74,0x20,0x74,
  0x68,0x65,0x20,0x73,0x61,0x6d,0x65,0x20,0x76,0x6f,0x6c,0x74,0x61,0x67,0x65,0x2e,
  0x04,0x6f,0x70,0x65,0x6e,0x01,0x49,0x00,0x41,0x6e,0x20,0x6f,0x70,0x65,0x6e,0x20,
  0x64,0x72,0x61,0x69,0x6e,0x20,0x6f,0x75,0x74,0x70,0x75,0x74,0x20,0x63,0x61,0x6e,
  0x20,0x6f,0x6e,0x6c,0x79,0x20,0x70,0x75,0x6c,0x6c,0x20,0x6c,0x6f,0x77,0x2c,0x20,
  0x73,0x6f,0x20,0x69,0x74,0x20,0x6e,0x65,0x65,0x64,0x73,0x20,0x61,0x20,0x70,0x75,
  0x6c,0x6c,0x2d,0x75,0x70,0x20,0x74,0x6f,0x20,0x67,0x6f,0x20,0x68,0x69,0x67,0x68,
  0x2e,0x0a,0x6f,0x70,0x65,0x6e,0x20,0x64,0x72,0x61,0x69,0x6e,0x01,0x49,0x00,0x41,
  0x6e,0x20,0x6f,0x70,0x65,0x6e,0x20,0x64,0x72,0x61,0x69,0x6e,0x20,0x6f,0x75,0x74,
  0x70,0x75,0x74,0x20,0x63,0x61,0x6e,0x20,0x6f,0x6e,0x6c,0x79,0x20,0x70,0x75,0x6c,
  0x6c,0x20,0x6c,0x6f,0x77,0x2c,0x20,0x73,0x6f,0x20,0x69,0x74,0x20,0x6e,0x65,0x65,
  0x64,0x73,0x20,0x61,0x20,0x70,0x75,0x6c,0x6c,0x2d,0x75,0x70,0x20,0x74,0x6f,0x20,
  0x67,0x6f,0x20,0x68,0x69,0x67,0x68,0x2e,0x06,0x6f,0x72,0x61,0x6e,0x67,0x65,0x01,
  0x29,0x00,0x41,0x20,0x6f,0x72,0x61,0x6e,0x67,0x65,0x20,0x72,0x65,0x73,0x69,0x73,
  0x74,0x6f,0x72,0x20,0x62,0x61,0x6e,0x64,0x20,0x6d,0x65,0x61,0x6e,0x73,0x20,0x74,
  0x68,0x65,0x20,0x64,0x69,0x67,0x69,0x74,0x20,0x33,0x2e,0x0b,0x6f,0x72,0x61,0x6e,
  0x67,0x65,0x20,0x62,0x61,0x6e,0x64,0x01,0x29,0x00,0x41,0x20,0x6f,0x72,0x61,0x6e,
  0x67,0x65,0x20,0x72,0x65,0x73,0x69,0x73,0x74,0x6f,0x72,0x20,0x62,0x61,0x6e,0x64,
  0x20,0x6d,0x65,0x61,0x6e,0x73,0x20,0x74,0x68,0x65,0x20,0x64,0x69,0x67,0x69,0x74,
  0x20,0x33,0x2e,0x06,0x6f,0x78,0x79,0x67,0x65,0x6e,0x03,0x3d,0x00,0x4f,0x78,0x79,
  0x67,0x65,0x6e,0x20,0x68,0x61,0x73,0x20,0x73,0x79,0x6d,0x62,0x6f,0x6c,0x20,0x4f,
  0x2c,0x20,0x61,0x74,0x6f,0x6d,0x69,0x63,0x20,0x6e,0x75,0x6d,0x62,0x65,0x72,0x20,
  0x38,0x2c,0x20,0x61,0x6e,0x64,0x20,0x61,0x74,0x6f,0x6d,0x69,0x63,0x20,0x6d,0x61,
  0x73,0x73,0x20,0x31,0x35,0x2e,0x39,0x39,0x39,0x2e,0x36,0x00,0x54,0x68,0x65,0x20,
  0x61,0x74,0x6f,0x6d,0x69,0x63,0x20,0x6d,0x61,0x73,0x73,0x20,0x6f,0x66,0x20,0x6f,
  0x78,0x79,0x67,0x65,0x6e,0x20,0x69,0x73,0x20,0x31,0x35,0x2e,0x39,0x39,0x39,0x20,
  0x61,0x74,0x6f,0x6d,0x69,0x63,0x20,0x6d,0x61,0x73,0x73,0x20,0x75,0x6e,0x69,0x74,
  0x73,0x2e,0x21,0x00,0x54,0x68,0x65,0x20,0x61,0x74,0x6f,0x6d,0x69,0x63,0x20,0x6e,
  0x75,0x6d,0x62,0x65,0x72,0x20,0x6f,0x66,0x20,0x6f,0x78,0x79,0x67,0x65,0x6e,0x20,
  0x69,0x73,0x20,0x38,0x2e,0x0d,0x6f,0x78,0x79,0x67,0x65,0x6e,0x20,0x61,0x74,0x6f,
  0x6d,0x69,0x63,0x02,0x36,0x00,0x54,0x68,0x65,0x20,0x61,0x74,0x6f,0x6d,0x69,0x63,
  0x20,0x6d,0x61,0x73,0x73,0x20,0x6f,0x66,0x20,0x6f,0x78,0x79,0x67,0x65,0x6e,0x20,
  0x69,0x73,0x20,0x31,0x35,0x2e,0x39,0x39,0x39,0x20,0x61,0x74,0x6f,0x6d,0x69,0x63,
  0x20,0x6d,0x61,0x73,0x73,0x20,0x75,0x6e,0x69,0x74,0x73,0x2e,0x21,0x00,0x54,0x68,
  0x65,0x20,0x61,0x74,0x6f,0x6d,0x69,0x63,0x20,0x6e,0x75,0x6d,0x62,0x65,0x72,0x20,
  0x6f,0x66,0x20,0x6f,0x78,0x79,0x67,0x65,0x6e,0x20,0x69,0x73,0x20,0x38,0x2e,0x12,
  0x6f,0x78,0x79,0x67,0x65,0x6e,0x20,0x61,0x74,0x6f,0x6d,0x69,0x63,0x20,0x6d,0x61,
  0x73,0x73,0x01,0x36,0x00,0x54,0x68,0x65,0x20,0x61,0x74,0x6f,0x6d,0x69,0x63,0x20,
  0x6d,0x61,0x73,0x73,0x20,0x6f,0x66,0x20,0x6f,0x78,0x79,0x67,0x65,0x6e,0x20,0x69,
  0x73,0x20,0x31,0x35,0x2e,0x39,0x39,0x39,0x20,0x61,0x74,0x6f,0x6d,0x69,0x63,0x20,
  0x6d,0x61,0x73,0x73,0x20,0x75,0x6e,0x69,0x74,0x73,0x2e,0x14,0x6f,0x78,0x79,0x67,
  0x65,0x6e,0x20,0x61,0x74,0x6f,0x6d,0x69,0x63,0x20,0x6e,0x75,0x6d,0x62,0x65,0x72,
  0x01,0x21,0x00,0x54,0x68,0x65,0x20,0x61,0x74,0x6f,0x6d,0x69,0x63,0x20,0x6e,0x75,
  0x6d,0x62,0x65,0x72,0x20,0x6f,0x66,0x20,0x6f,0x78,0x79,0x67,0x65,0x6e,0x20,0x69,
  0x73,0x20,0x38,0x2e,0x0b,0x6f,0x78,0x79,0x67,0x65,0x6e,0x20,0x6d,0x61,0x73,0x73,
  0x01,0x36,0x00,0x54,0x68,0x65,0x20,0x61,0x74,0x6f,0x6d,0x69,0x63,0x20,0x6d,0x61,
  0x73,0x73,0x20,0x6f,0x66,0x20,0x6f,0x78,0x79,0x67,0x65,0x6e,0x20,0x69,0x73,0x20,
  0x31,0x35,0x2e,0x39,0x39,0x39,0x20,0x61,0x74,0x6f,0x6d,0x69,0x63,0x20,0x6d,0x61,
  0x73,0x73,0x20,0x75,0x6e,0x69,0x74,0x73,0x2e,0x0d,0x6f,0x78,0x79,0x67,0x65,0x6e,
  0x20,0x6e,0x75,0x6d,0x62,0x65,0x72,0x01,0x21,0x00,0x54,0x68,0x65,0x20,0x61,0x74,
  0x6f,0x6d,0x69,0x63,0x20,0x6e,0x75,0x6d,0x62,0x65,0x72,0x20,0x6f,0x66,0x20,0x6f,
  0x78,0x79,0x67,0x65,0x6e,0x20,0x69,0x73,0x20,0x38,0x2e,0x08,0x70,0x61,0x72,0x61,
  0x6c,0x6c,0x65,0x6c,0x02,0x4c,0x00,0x46,0x6f,0x72,0x20,0x74,0x77,0x6f,0x20,0x72,
  0x65,0x73,0x69,0x73,0x74,0x6f,0x72,0x73,0x20,0x69,0x6e,0x20,0x70,0x61,0x72,0x61,
  0x6c,0x6c,0x65,0x6c,0x2c,0x20,0x72,0x65,0x73,0x69,0x73,0x74,0x61,0x6e,0x63,0x65,
  0x20,0x69,0x73,0x20,0x74,0x68,0x65,0x20,0x70,0x72,0x6f,0x64,0x75,0x63,0x74,0x20,
  0x64,0x69,0x76,0x69,0x64,0x65,0x64,0x20,0x62,0x79,0x20,0x74,0x68,0x65,0x20,0x73,
  0x75,0x6d,0x2e,0x34,0x00,0x50,0x61,0x72,0x61,0x6c,0x6c,0x65,0x6c,0x20,0x63,0x61,
  0x70,0x61,0x63,0x69,0x74,0x61,0x6e,0x63,0x65,0x20,0x69,0x73,0x20,0x74,0x68,0x65,
  0x20,0x73,0x75,0x6d,0x20,0x6f,0x66,0x20,0x74,0x68,0x65,0x20,0x63,0x61,0x70,0x61,
  0x63,0x69,0x74,0x61,0x6e,0x63,0x65,0x73,0x2e,0x14,0x70,0x61,0x72,0x61,0x6c,0x6c,
  0x65,0x6c,0x20,0x63,0x61,0x70,0x61,0x63,0x69,0x74,0x61,0x6e,0x63,0x65,0x01,0x34,
  0x00,0x50,0x61,0x72,0x61,0x6c,0x6c,0x65,0x6c,0x20,0x63,0x61,0x70,0x61,0x63,0x69,
  0x74,0x61,0x6e,0x63,0x65,0x20,0x69,0x73,0x20,0x74,0x68,0x65,0x20,0x73,0x75,0x6d,
  0x20,0x6f,0x66,0x20,0x74,0x68,0x65,0x20,0x63,0x61,0x70,0x61,0x63,0x69,0x74,0x61,
  0x6e,0x63,0x65,0x73,0x2e,0x13,0x70,0x61,0x72,0x61,0x6c,0x6c,0x65,0x6c,0x20,0x72,
  0x65,0x73,0x69,0x73,0x74,0x61,0x6e,0x63,0x65,0x01,0x4c,0x00,0x46,0x6f,0x72,0x20,
  0x74,0x77,0x6f,0x20,0x72,0x65,0x73,0x69,0x73,0x74,0x6f,0x72,0x73,0x20,0x69,0x6e,
  0x20,0x70,0x61,0x72,0x61,0x6c,0x6c,0x65,0x6c,0x2c,0x20,0x72,0x65,0x73,0x69,0x73,
  0x74,0x61,0x6e,0x63,0x65,0x20,0x69,0x73,0x20,0x74,0x68,0x65,0x20,0x70,0x72,0x6f,
  0x64,0x75,0x63,0x74,0x20,0x64,0x69,0x76,0x69,0x64,0x65,0x64,0x20,0x62,0x79,0x20,
  0x74,0x68,0x65,0x20,0x73,0x75,0x6d,0x2e,0x04,0x70,0x65,0x61,0x6b,0x01,0x40,0x00,
  0x46,0x6f,0x72,0x20,0x61,0x20,0x73,0x69,0x6e,0x65,0x20,0x77,0x61,0x76,0x65,0x2c,
  0x20,0x70,0x65,0x61,0x6b,0x20,0x74,0x6f,0x20,0x70,0x65,0x61,0x6b,0x20,0x76,0x6f,
  0x6c,0x74,0x61,0x67,0x65,0x20,0x69,0x73,0x20,0x74,0x77,0x69,0x63,0x65,0x20,0x74,
  0x68,0x65,0x20,0x70,0x65,0x61,0x6b,0x20,0x76,0x6f,0x6c,0x74,0x61,0x67,0x65,0x2e,
  0x09,0x70,0x65,0x61,0x6b,0x20,0x70,0x65,0x61,0x6b,0x01,0x40,0x00,0x46,0x6f,0x72,
  0x20,0x61,0x20,0x73,0x69,0x6e,0x65,0x20,0x77,0x61,0x76,0x65,0x2c,0x20,0x70,0x65,
  0x61,0x6b,0x20,0x74,0x6f,0x20,0x70,0x65,0x61,0x6b,0x20,0x76,0x6f,0x6c,0x74,0x61,
  0x67,0x65,0x20,0x69,0x73,0x20,0x74,0x77,0x69,0x63,0x65,0x20,0x74,0x68,0x65,0x20,
  0x70,0x65,0x61,0x6b,0x20,0x76,0x6f,0x6c,0x74,0x61,0x67,0x65,0x2e,0x07,0x70,0x65,
  0x61,0x6b,0x20,0x74,0x6f,0x01,0x40,0x00,0x46,0x6f,0x72,0x20,0x61,0x20,0x73,0x69,
  0x6e,0x65,0x20,0x77,0x61,0x76,0x65,0x2c,0x20,0x70,0x65,0x61,0x6b,0x20,0x74,0x6f,
  0x20,0x70,0x65,0x61,0x6b,0x20,0x76,0x6f,0x6c,0x74,0x61,0x67,0x65,0x20,0x69,0x73,
  0x20,0x74,0x77,0x69,0x63,0x65,0x20,0x74,0x68,0x65,0x20,0x70,0x65,0x61,0x6b,0x20,
  0x76,0x6f,0x6c,0x74,0x61,0x67,0x65,0x2e,0x0c,0x70,0x65,0x61,0x6b,0x20,0x74,0x6f,
  0x20,0x70,0x65,0x61,0x6b,0x01,0x40,0x00,0x46,0x6f,0x72,0x20,0x61,0x20,0x73,0x69,
  0x6e,0x65,0x20,0x77,0x61,0x76,0x65,0x2c,0x20,0x70,0x65,0x61,0x6b,0x20,0x74,0x6f,
  0x20,0x70,0x65,0x61,0x6b,0x20,0x76,0x6f,0x6c,0x74,0x61,0x67,0x65,0x20,0x69,0x73,
  0x20,0x74,0x77,0x69,0x63,0x65,0x20,0x74,0x68,0x65,0x20,0x70,0x65,0x61,0x6b,0x20,
  0x76,0x6f,0x6c,0x74,0x61,0x67,0x65,0x2e,0x08,0x70,0x65,0x6e,0x64,0x75,0x6c,0x75,
  0x6d,0x01,0x51,0x00,0x41,0x20,0x70,0x65,0x6e,0x64,0x75,0x6c,0x75,0x6d,0x20,0x70,
  0x65,0x72,0x69,0x6f,0x64,0x20,0x65,0x71,0x75,0x61,0x6c,0x73,0x20,0x32,0x20,0x70,
  0x69,0x20,0x74,0x69,0x6d,0x65,0x73,0x20,0x74,0x68,0x65,0x20,0x73,0x71,0x75,0x61,
  0x72,0x65,0x20,0x72,0x6f,0x6f,0x74,0x20,0x6f,0x66,0x20,0x6c,0x65,0x6e,0x67,0x74,
  0x68,0x20,0x64,0x69,0x76,0x69,0x64,0x65,0x64,0x20,0x62,0x79,0x20,0x67,0x72,0x61,
  0x76,0x69,0x74,0x79,0x2e,0x0f,0x70,0x65,0x6e,0x64,0x75,0x6c,0x75,0x6d,0x20,0x70,
  0x65,0x72,0x69,0x6f,0x64,0x01,0x51,0x00,0x41,0x20,0x70,0x65,0x6e,0x64,0x75,0x6c,
  0x75,0x6d,0x20,0x70,0x65,0x72,0x69,0x6f,0x64,0x20,0x65,0x71,0x75,0x61,0x6c,0x73,
  0x20,0x32,0x20,0x70,0x69,0x20,0x74,0x69,0x6d,0x65,0x73,0x20,0x74,0x68,0x65,0x20,
  0x73,0x71,0x75,0x61,0x72,0x65,0x20,0x72,0x6f,0x6f,0x74,0x20,0x6f,0x66,0x20,0x6c,
  0x65,0x6e,0x67,0x74,0x68,0x20,0x64,0x69,0x76,0x69,0x64,0x65,0x64,0x20,0x62,0x79,
  0x20,0x67,0x72,0x61,0x76,0x69,0x74,0x79,0x2e,0x06,0x70,0x65,0x72,0x69,0x6f,0x64,
  0x02,0x29,0x00,0x46,0x72,0x65,0x71,0x75,0x65,0x6e,0x63,0x79,0x20,0x65,0x71,0x75,
  0x61,0x6c,0x73,0x20,0x31,0x20,0x64,0x69,0x76,0x69,0x64,0x65,0x64,0x20,0x62,0x79,
  0x20,0x74,0x68,0x65,0x20,0x70,0x65,0x72,0x69,0x6f,0x64,0x2e,0x51,0x00,0x41,0x20,
  0x70,0x65,0x6e,0x64,0x75,0x6c,0x75,0x6d,0x20,0x70,0x65,0x72,0x69,0x6f,0x64,0x20,
  0x65,0x71,0x75,0x61,0x6c,0x73,0x20,0x32,0x20,0x70,0x69,0x20,0x74,0x69,0x6d,0x65,
  0x73,0x20,0x74,0x68,0x65,0x20,0x73,0x71,0x75,0x61,0x72,0x65,0x20,0x72,0x6f,0x6f,
  0x74,0x20,0x6f,0x66,0x20,0x6c,0x65,0x6e,0x67,0x74,0x68,0x20,0x64,0x69,0x76,0x69,
  0x64,0x65,0x64,0x20,0x62,0x79,0x20,0x67,0x72,0x61,0x76,0x69,0x74,0x79,0x2e,0x0c,
  0x70,0x65,0x72,0x6d,0x65,0x61,0x62,0x69,0x6c,0x69,0x74,0x79,0x01,0x30,0x00,0x54,
  0x68,0x65,0x20,0x76,0x61,0x63,0x75,0x75,0x6d,0x20,0x70,0x65,0x72,0x6d,0x65,0x61,
  0x62,0x69,0x6c,0x69,0x74,0x79,0x20,0x69,0x73,0x20,0x31,0x2e,0x32,0x35,0x36,0x36,
  0x33,0x37,0x30,0x36,0x32,0x31,0x32,0x65,0x2d,0x36,0x20,0x48,0x2f,0x6d,0x2e,0x0c,
  0x70,0x65,0x72,0x6d,0x69,0x74,0x74,0x69,0x76,0x69,0x74,0x79,0x01,0x30,0x00,0x54,
  0x68,0x65,0x20,0x76,0x61,0x63,0x75,0x75,0x6d,0x20,0x70,0x65,0x72,0x6d,0x69,0x74,
  0x74,0x69,0x76,0x69,0x74,0x79,0x20,0x69,0x73,0x20,0x38,0x2e,0x38,0x35,0x34,0x31,
  0x38,0x37,0x38,0x31,0x32,0x38,0x65,0x2d,0x31,0x32,0x20,0x46,0x2f,0x6d,0x2e,0x0a,
  0x70,0x68,0x6f,0x73,0x70,0x68,0x6f,0x72,0x75,0x73,0x03,0x42,0x00,0x50,0x68,0x6f,
  0x73,0x70,0x68,0x6f,0x72,0x75,0x73,0x20,0x68,0x61,0x73,0x20,0x73,0x79,0x6d,0x62,
  0x6f,0x6c,0x20,0x50,0x2c,0x20,0x61,0x74,0x6f,0x6d,0x69,0x63,0x20,0x6e,0x75,0x6d,
  0x62,0x65,0x72,0x20,0x31,0x35,0x2c,0x20,0x61,0x6e,0x64,0x20,0x61,0x74,0x6f,0x6d,
  0x69,0x63,0x20,0x6d,0x61,0x73,0x73,0x20,0x33,0x30,0x2e,0x39,0x37,0x34,0x2e,0x3a,
  0x00,0x54,0x68,0x65,0x20,0x61,0x74,0x6f,0x6d,0x69,0x63,0x20,0x6d,0x61,0x73,0x73,
  0x20,0x6f,0x66,0x20,0x70,0x68,0x6f,0x73,0x70,0x68,0x6f,0x72,0x75,0x73,0x20,0x69,
  0x73,0x20,0x33,0x30,0x2e,0x39,0x37,0x34,0x20,0x61,0x74,0x6f,0x6d,0x69,0x63,0x20,
  0x6d,0x61,0x73,0x73,0x20,0x75,0x6e,0x69,0x74,0x73,0x2e,0x26,0x00,0x54,0x68,0x65,
  0x20,0x61,0x74,0x6f,0x6d,0x69,0x63,0x20,0x6e,0x75,0x6d,0x62,0x65,0x72,0x20,0x6f,
  0x66,0x20,0x70,0x68,0x6f,0x73,0x70,0x68,0x6f,0x72,0x75,0x73,0x20,0x69,0x73,0x20,
  0x31,0x35,0x2e,0x11,0x70,0x68,0x6f,0x73,0x70,0x68,0x6f,0x72,0x75,0x73,0x20,0x61,
  0x74,0x6f,0x6d,0x69,0x63,0x02,0x3a,0x00,0x54,0x68,0x65,0x20,0x61,0x74,0x6f,0x6d,
  0x69,0x63,0x20,0x6d,0x61,0x73,0x73,0x20,0x6f,0x66,0x20,0x70,0x68,0x6f,0x73,0x70,
  0x68,0x6f,0x72,0x75,0x73,0x20,0x69,0x73,0x20,0x33,0x30,0x2e,0x39,0x37,0x34,0x20,
  0x61,0x74,0x6f,0x6d,0x69,0x63,0x20,0x6d,0x61,0x73,0x73,0x20,0x75,0x6e,0x69,0x74,
  0x73,0x2e,0x26,0x00,0x54,0x68,0x65,0x20,0x61,0x74,0x6f,0x6d,0x69,0x63,0x20,0x6e,
  0x75,0x6d,0x62,0x65,0x72,0x20,0x6f,0x66,0x20,0x70,0x68,0x6f,0x73,0x70,0x68,0x6f,
  0x72,0x75,0x73,0x20,0x69,0x73,0x20,0x31,0x35,0x2e,0x16,0x70,0x68,0x6f,0x73,0x70,
  0x68,0x6f,0x72,0x75,0x73,0x20,0x61,0x74,0x6f,0x6d,0x69,0x63,0x20,0x6d,0x61,0x73,
  0x73,0x01,0x3a,0x00,0x54,0x68,0x65,0x20,0x61,0x74,0x6f,0x6d,0x69,0x63,0x20,0x6d,
  0x61,0x73,0x73,0x20,0x6f,0x66,0x20,0x70,0x68,0x6f,0x73,0x70,0x68,0x6f,0x72,0x75,
  0x73,0x20,0x69,0x73,0x20,0x33,0x30,0x2e,0x39,0x37,0x34,0x20,0x61,0x74,0x6f,0x6d,
  0x69,0x63,0x20,0x6d,0x61,0x73,0x73,0x20,0x75,0x6e,0x69,0x74,0x73,0x2e,0x18,0x70,
  0x68,0x6f,0x73,0x70,0x68,0x6f,0x72,0x75,0x73,0x20,0x61,0x74,0x6f,0x6d,0x69,0x63,
  0x20,0x6e,0x75,0x6d,0x62,0x65,0x72,0x01,0x26,0x00,0x54,0x68,0x65,0x20,0x61,0x74,
  0x6f,0x6d,0x69,0x63,0x20,0x6e,0x75,0x6d,0x62,0x65,0x72,0x20,0x6f,0x66,0x20,0x70,
  0x68,0x6f,0x73,0x70,0x68,0x6f,0x72,0x75,0x73,0x20,0x69,0x73,0x20,0x31,0x35,0x2e,
  0x0f,0x70,0x68,0x6f,0x73,0x70,0x68,0x6f,0x72,0x75,0x73,0x20,0x6d,0x61,0x73,0x73,
  0x01,0x3a,0x00,0x54,0x68,0x65,0x20,0x61,0x74,0x6f,0x6d,0x69,0x63,0x20,0x6d,0x61,
  0x73,0x73,0x20,0x6f,0x66,0x20,0x70,0x68,0x6f,0x73,0x70,0x68,0x6f,0x72,0x75,0x73,
  0x20,0x69,0x73,0x20,0x33,0x30,0x2e,0x39,0x37,0x34,0x20,0x61,0x74,0x6f,0x6d,0x69,
  0x63,0x20,0x6d,0x61,0x73,0x73,0x20,0x75,0x6e,0x69,0x74,0x73,0x2e,0x11,0x70,0x68,
  0x6f,0x73,0x70,0x68,0x6f,0x72,0x75,0x73,0x20,0x6e,0x75,0x6d,0x62,0x65,0x72,0x01,
  0x26,0x00,0x54,0x68,0x65,0x20,0x61,0x74,0x6f,0x6d,0x69,0x63,0x20,0x6e,0x75,0x6d,
  0x62,0x65,0x72,0x20,0x6f,0x66,0x20,0x70,0x68,0x6f,0x73,0x70,0x68,0x6f,0x72,0x75,
  0x73,0x20,0x69,0x73,0x20,0x31,0x35,0x2e,0x04,0x70,0x69,0x63,0x6f,0x01,0x20,0x00,
  0x54,0x68,0x65,0x20,0x70,0x72,0x65,0x66,0x69,0x78,0x20,0x70,0x69,0x63,0x6f,0x20,
  0x28,0x70,0x29,0x20,0x6d,0x65,0x61,0x6e,0x73,0x20,0x31,0x65,0x2d,0x31,0x32,0x2e,
  0x0b,0x70,0x69,0x63,0x6f,0x20,0x70,0x72,0x65,0x66,0x69,0x78,0x01,0x20,0x00,0x54,
  0x68,0x65,0x20,0x70,0x72,0x65,0x66,0x69,0x78,0x20,0x70,0x69,0x63,0x6f,0x20,0x28,
  0x70,0x29,0x20,0x6d,0x65,0x61,0x6e,0x73,0x20,0x31,0x65,0x2d,0x31,0x32,0x2e,0x06,
  0x70,0x6c,0x61,0x6e,0x63,0x6b,0x01,0x2a,0x00,0x54,0x68,0x65,0x20,0x50,0x6c,0x61,
  0x6e,0x63,0x6b,0x20,0x63,0x6f,0x6e,0x73,0x74,0x61,0x6e,0x74,0x20,0x69,0x73,0x20,
  0x36,0x2e,0x36,0x32,0x36,0x30,0x37,0x30,0x31,0x35,0x65,0x2d,0x33,0x34,0x20,0x4a,
  0x20,0x73,0x2e,0x0f,0x70,0x6c,0x61,0x6e,0x63,0x6b,0x20,0x63,0x6f,0x6e,0x73,0x74,
  0x61,0x6e,0x74,0x01,0x2a,0x00,0x54,0x68,0x65,0x20,0x50,0x6c,0x61,0x6e,0x63,0x6b,
  0x20,0x63,0x6f,0x6e,0x73,0x74,0x61,0x6e,0x74,0x20,0x69,0x73,0x20,0x36,0x2e,0x36,
  0x32,0x36,0x30,0x37,0x30,0x31,0x35,0x65,0x2d,0x33,0x34,0x20,0x4a,0x20,0x73,0x2e,
  0x05,0x70,0x6f,0x69,0x6e,0x74,0x06,0x30,0x00,0x54,0x68,0x65,0x20,0x6d,0x65,0x6c,
  0x74,0x69,0x6e,0x67,0x20,0x70,0x6f,0x69,0x6e,0x74,0x20,0x6f,0x66,0x20,0x77,0x61,
  0x74,0x65,0x72,0x20,0x69,0x73,0x20,0x30,0x20,0x64,0x65,0x67,0x72,0x65,0x65,0x73,
  0x20,0x43,0x65,0x6c,0x73,0x69,0x75,0x73,0x2e,0x36,0x00,0x54,0x68,0x65,0x20,0x6d,
  0x65,0x6c,0x74,0x69,0x6e,0x67,0x20,0x70,0x6f,0x69,0x6e,0x74,0x20,0x6f,0x66,0x20,
  0x61,0x6c,0x75,0x6d,0x69,0x6e,0x69,0x75,0x6d,0x20,0x69,0x73,0x20,0x36,0x36,0x30,
  0x20,0x64,0x65,0x67,0x72,0x65,0x65,0x73,0x20,0x43,0x65,0x6c,0x73,0x69,0x75,0x73,
  0x2e,0x34,0x00,0x54,0x68,0x65,0x20,0x6d,0x65,0x6c,0x74,0x69,0x6e,0x67,0x20,0x70,
  0x6f,0x69,0x6e,0x74,0x20,0x6f,0x66,0x20,0x63,0x6f,0x70,0x70,0x65,0x72,0x20,0x69,
  0x73,0x20,0x31,0x30,0x38,0x35,0x20,0x64,0x65,0x67,0x72,0x65,0x65,0x73,0x20,0x43,
  0x65,0x6c,0x73,0x69,0x75,0x73,0x2e,0x33,0x00,0x54,0x68,0x65,0x20,0x6d,0x65,0x6c,
  0x74,0x69,0x6e,0x67,0x20,0x70,0x6f,0x69,0x6e,0x74,0x20,0x6f,0x66,0x20,0x73,0x74,
  0x65,0x65,0x6c,0x20,0x69,0x73,0x20,0x31,0x34,0x32,0x35,0x20,0x64,0x65,0x67,0x72,
  0x65,0x65,0x73,0x20,0x43,0x65,0x6c,0x73,0x69,0x75,0x73,0x2e,0x32,0x00,0x54,0x68,
  0x65,0x20,0x6d,0x65,0x6c,0x74,0x69,0x6e,0x67,0x20,0x70,0x6f,0x69,0x6e,0x74,0x20,
  0x6f,0x66,0x20,0x69,0x72,0x6f,0x6e,0x20,0x69,0x73,0x20,0x31,0x35,0x33,0x38,0x20,
  0x64,0x65,0x67,0x72,0x65,0x65,0x73,0x20,0x43,0x65,0x6c,0x73,0x69,0x75,0x73,0x2e,
  0x31,0x00,0x54,0x68,0x65,0x20,0x6d,0x65,0x6c,0x74,0x69,0x6e,0x67,0x20,0x70,0x6f,
  0x69,0x6e,0x74,0x20,0x6f,0x66,0x20,0x6c,0x65,0x61,0x64,0x20,0x69,0x73,0x20,0x33,
  0x32,0x37,0x20,0x64,0x65,0x67,0x72,0x65,0x65,0x73,0x20,0x43,0x65,0x6c,0x73,0x69,
  0x75,0x73,0x2e,0x09,0x70,0x6f,0x74,0x61,0x73,0x73,0x69,0x75,0x6d,0x03,0x41,0x00,
  0x50,0x6f,0x74,0x61,0x73,0x73,0x69,0x75,0x6d,0x20,0x68,0x61,0x73,0x20,0x73,0x79,
  0x6d,0x62,0x6f,0x6c,0x20,0x4b,0x2c,0x20,0x61,0x74,0x6f,0x6d,0x69,0x63,0x20,0x6e,
  0x75,0x6d,0x62,0x65,0x72,0x20,0x31,0x39,0x2c,0x20,0x61,0x6e,0x64,0x20,0x61,0x74,
  0x6f,0x6d,0x69,0x63,0x20,0x6d,0x61,0x73,0x73,0x20,0x33,0x39,0x2e,0x30,0x39,0x38,
  0x2e,0x39,0x00,0x54,0x68,0x65,0x20,0x61,0x74,0x6f,0x6d,0x69,0x63,0x20,0x6d,0x61,
  0x73,0x73,0x20,0x6f,0x66,0x20,0x70,0x6f,0x74,0x61,0x73,0x73,0x69,0x75,0x6d,0x20,
  0x69,0x73,0x20,0x33,0x39,0x2e,0x30,0x39,0x38,0x20,0x61,0x74,0x6f,0x6d,0x69,0x63,
  0x20,0x6d,0x61,0x73,0x73,0x20,0x75,0x6e,0x69,0x74,0x73,0x2e,0x25,0x00,0x54,0x68,
  0x65,0x20,0x61,0x74,0x6f,0x6d,0x69,0x63,0x20,0x6e,0x75,0x6d,0x62,0x65,0x72,0x20,
  0x6f,0x66,0x20,0x70,0x6f,0x74,0x61,0x73,0x73,0x69,0x75,0x6d,0x20,0x69,0x73,0x20,
  0x31,0x39,0x2e,0x10,0x70,0x6f,0x74,0x61,0x73,0x73,0x69,0x75,0x6d,0x20,0x61,0x74,
  0x6f,0x6d,0x69,0x63,0x02,0x39,0x00,0x54,0x68,0x65,0x20,0x61,0x74,0x6f,0x6d,0x69,
  0x63,0x20,0x6d,0x61,0x73,0x73,0x20,0x6f,0x66,0x20,0x70,0x6f,0x74,0x61,0x73,0x73,
  0x69,0x75,0x6d,0x20,0x69,0x73,0x20,0x33,0x39,0x2e,0x30,0x39,0x38,0x20,0x61,0x74,
  0x6f,0x6d,0x69,0x63,0x20,0x6d,0x61,0x73,0x73,0x20,0x75,0x6e,0x69,0x74,0x73,0x2e,
  0x25,0x00,0x54,0x68,0x65,0x20,0x61,0x74,0x6f,0x6d,0x69,0x63,0x20,0x6e,0x75,0x6d,
  0x62,0x65,0x72,0x20,0x6f,0x66,0x20,0x70,0x6f,0x74,0x61,0x73,0x73,0x69,0x75,0x6d,
  0x20,0x69,0x73,0x20,0x31,0x39,0x2e,0x15,0x70,0x6f,0x74,0x61,0x73,0x73,0x69,0x75,
  0x6d,0x20,0x61,0x74,0x6f,0x6d,0x69,0x63,0x20,0x6d,0x61,0x73,0x73,0x01,0x39,0x00,
  0x54,0x68,0x65,0x20,0x61,0x74,0x6f,0x6d,0x69,0x63,0x20,0x6d,0x61,0x73,0x73,0x20,
  0x6f,0x66,0x20,0x70,0x6f,0x74,0x61,0x73,0x73,0x69,0x75,0x6d,0x20,0x69,0x73,0x20,
  0x33,0x39,0x2e,0x30,0x39,0x38,0x20,0x61,0x74,0x6f,0x6d,0x69,0x63,0x20,0x6d,0x61,
  0x73,0x73,0x20,0x75,0x6e,0x69,0x74,0x73,0x2e,0x17,0x70,0x6f,0x74,0x61,0x73,0x73,
  0x69,0x75,0x6d,0x20,0x61,0x74,0x6f,0x6d,0x69,0x63,0x20,0x6e,0x75,0x6d,0x62,0x65,
  0x72,0x01,0x25,0x00,0x54,0x68,0x65,0x20,0x61,0x74,0x6f,0x6d,0x69,0x63,0x20,0x6e,
  0x75,0x6d,0x62,0x65,0x72,0x20,0x6f,0x66,0x20,0x70,0x6f,0x74,0x61,0x73,0x73,0x69,
  0x75,0x6d,0x20,0x69,0x73,0x20,0x31,0x39,0x2e,0x0e,0x70,0x6f,0x74,0x61,0x73,0x73,
  0x69,0x75,0x6d,0x20,0x6d,0x61,0x73,0x73,0x01,0x39,0x00,0x54,0x68,0x65,0x20,0x61,
  0x74,0x6f,0x6d,0x69,0x63,0x20,0x6d,0x61,0x73,0x73,0x20,0x6f,0x66,0x20,0x70,0x6f,
  0x74,0x61,0x73,0x73,0x69,0x75,0x6d,0x20,0x69,0x73,0x20,0x33,0x39,0x2e,0x30,0x39,
  0x38,0x20,0x61,0x74,0x6f,0x6d,0x69,0x63,0x20,0x6d,0x61,0x73,0x73,0x20,0x75,0x6e,
  0x69,0x74,0x73,0x2e,0x10,0x70,0x6f,0x74,0x61,0x73,0x73,0x69,0x75,0x6d,0x20,0x6e,
  0x75,0x6d,0x62,0x65,0x72,0x01,0x25,0x00,0x54,0x68,0x65,0x20,0x61,0x74,0x6f,0x6d,
  0x69,0x63,0x20,0x6e,0x75,0x6d,0x62,0x65,0x72,0x20,0x6f,0x66,0x20,0x70,0x6f,0x74,
  0x61,0x73,0x73,0x69,0x75,0x6d,0x20,0x69,0x73,0x20,0x31,0x39,0x2e,0x09,0x70,0x6f,
  0x74,0x65,0x6e,0x74,0x69,0x61,0x6c,0x01,0x46,0x00,0x47,0x72,0x61,0x76,0x69,0x74,
  0x61,0x74,0x69,0x6f,0x6e,0x61,0x6c,0x20,0x70,0x6f,0x74,0x65,0x6e,0x74,0x69,0x61,
  0x6c,0x20,0x65,0x6e,0x65,0x72,0x67,0x79,0x20,0x65,0x71,0x75,0x61,0x6c,0x73,0x20,
  0x6d,0x61,0x73,0x73,0x20,0x74,0x69,0x6d,0x65,0x73,0x20,0x67,0x72,0x61,0x76,0x69,
  0x74,0x79,0x20,0x74,0x69,0x6d,0x65,0x73,0x20,0x68,0x65,0x69,0x67,0x68,0x74,0x2e,
  0x10,0x70,0x6f,0x74,0x65,0x6e,0x74,0x69,0x61,0x6c,0x20,0x65,0x6e,0x65,0x72,0x67,
  0x79,0x01,0x46,0x00,0x47,0x72,0x61,0x76,0x69,0x74,0x61,0x74,0x69,0x6f,0x6e,0x61,
  0x6c,0x20,0x70,0x6f,0x74,0x65,0x6e,0x74,0x69,0x61,0x6c,0x20,0x65,0x6e,0x65,0x72,
  0x67,0x79,0x20,0x65,0x71,0x75,0x61,0x6c,0x73,0x20,0x6d,0x61,0x73,0x73,0x20,0x74,
  0x69,0x6d,0x65,0x73,0x20,0x67,0x72,0x61,0x76,0x69,0x74,0x79,0x20,0x74,0x69,0x6d,
  0x65,0x73,0x20,0x68,0x65,0x69,0x67,0x68,0x74,0x2e,0x05,0x70,0x6f,0x75,0x6e,0x64,
  0x01,0x22,0x00,0x4f,0x6e,0x65,0x20,0x70,0x6f,0x75,0x6e,0x64,0x20,0x69,0x73,0x20,
  0x30,0x2e,0x34,0x35,0x33,0x35,0x39,0x32,0x33,0x37,0x20,0x6b,0x69,0x6c,0x6f,0x67,
  0x72,0x61,0x6d,0x73,0x2e,0x05,0x70,0x6f,0x77,0x65,0x72,0x06,0x23,0x00,0x50,0x6f,
  0x77,0x65,0x72,0x20,0x65,0x71,0x75,0x61,0x6c,0x73,0x20,0x76,0x6f,0x6c,0x74,0x61,
  0x67,0x65,0x20,0x74,0x69,0x6d,0x65,0x73,0x20,0x63,0x75,0x72,0x72,0x65,0x6e,0x74,
  0x2e,0x2e,0x00,0x50,0x6f,0x77,0x65,0x72,0x20,0x65,0x71,0x75,0x61,0x6c,0x73,0x20,
  0x63,0x75,0x72,0x72,0x65,0x6e,0x74,0x20,0x73,0x71,0x75,0x61,0x72,0x65,0x64,0x20,
  0x74,0x69,0x6d,0x65,0x73,0x20,0x72,0x65,0x73,0x69,0x73,0x74,0x61,0x6e,0x63,0x65,
  0x2e,0x22,0x00,0x50,0x6f,0x77,0x65,0x72,0x20,0x65,0x71,0x75,0x61,0x6c,0x73,0x20,
  0x77,0x6f,0x72,0x6b,0x20,0x64,0x69,0x76,0x69,0x64,0x65,0x64,0x20,0x62,0x79,0x20,
  0x74,0x69,0x6d,0x65,0x2e,0x39,0x00,0x50,0x6f,0x77,0x65,0x72,0x20,0x66,0x61,0x63,
  0x74,0x6f,0x72,0x20,0x65,0x71,0x75,0x61,0x6c,0x73,0x20,0x72,0x65,0x61,0x6c,0x20,
  0x70,0x6f,0x77,0x65,0x72,0x20,0x64,0x69,0x76,0x69,0x64,0x65,0x64,0x20,0x62,0x79,
  0x20,0x61,0x70,0x70,0x61,0x72,0x65,0x6e,0x74,0x20,0x70,0x6f,0x77,0x65,0x72,0x2e,
  0x34,0x00,0x41,0x70,0x70,0x61,0x72,0x65,0x6e,0x74,0x20,0x70,0x6f,0x77,0x65,0x72,
  0x20,0x65,0x71,0x75,0x61,0x6c,0x73,0x20,0x52,0x4d,0x53,0x20,0x76,0x6f,0x6c,0x74,
  0x61,0x67,0x65,0x20,0x74,0x69,0x6d,0x65,0x73,0x20,0x52,0x4d,0x53,0x20,0x63,0x75,
  0x72,0x72,0x65,0x6e,0x74,0x2e,0x40,0x00,0x49,0x6e,0x20,0x61,0x6e,0x20,0x69,0x64,
  0x65,0x61,0x6c,0x20,0x74,0x72,0x61,0x6e,0x73,0x66,0x6f,0x72,0x6d,0x65,0x72,0x20,
  0x74,0x68,0x65,0x20,0x69,0x6e,0x70,0x75,0x74,0x20,0x70,0x6f,0x77,0x65,0x72,0x20,
  0x65,0x71,0x75,0x61,0x6c,0x73,0x20,0x74,0x68,0x65,0x20,0x6f,0x75,0x74,0x70,0x75,
  0x74,0x20,0x70,0x6f,0x77,0x65,0x72,0x2e,0x0c,0x70,0x6f,0x77,0x65,0x72,0x20,0x66,
  0x61,0x63,0x74,0x6f,0x72,0x01,0x39,0x00,0x50,0x6f,0x77,0x65,0x72,0x20,0x66,0x61,
  0x63,0x74,0x6f,0x72,0x20,0x65,0x71,0x75,0x61,0x6c,0x73,0x20,0x72,0x65,0x61,0x6c,
  0x20,0x70,0x6f,0x77,0x65,0x72,0x20,0x64,0x69,0x76,0x69,0x64,0x65,0x64,0x20,0x62,
  0x79,0x20,0x61,0x70,0x70,0x61,0x72,0x65,0x6e,0x74,0x20,0x70,0x6f,0x77,0x65,0x72,
  0x2e,0x10,0x70,0x6f,0x77,0x65,0x72,0x20,0x72,0x65,0x73,0x69,0x73,0x74,0x61,0x6e,
  0x63,0x65,0x01,0x2e,0x00,0x50,0x6f,0x77,0x65,0x72,0x20,0x65,0x71,0x75,0x61,0x6c,
  0x73,0x20,0x63,0x75,0x72,0x72,0x65,0x6e,0x74,0x20,0x73,0x71,0x75,0x61,0x72,0x65,
  0x64,0x20,0x74,0x69,0x6d,0x65,0x73,0x20,0x72,0x65,0x73,0x69,0x73,0x74,0x61,0x6e,
  0x63,0x65,0x2e,0x06,0x70,0x72,0x65,0x66,0x69,0x78,0x06,0x1f,0x00,0x54,0x68,0x65,
  0x20,0x70,0x72,0x65,0x66,0x69,0x78,0x20,0x74,0x65,0x72,0x61,0x20,0x28,0x54,0x29,
  0x20,0x6d,0x65,0x61,0x6e,0x73,0x20,0x31,0x65,0x31,0x32,0x2e,0x1e,0x00,0x54,0x68,
  0x65,0x20,0x70,0x72,0x65,0x66,0x69,0x78,0x20,0x67,0x69,0x67,0x61,0x20,0x28,0x47,
  0x29,0x20,0x6d,0x65,0x61,0x6e,0x73,0x20,0x31,0x65,0x39,0x2e,0x1e,0x00,0x54,0x68,
  0x65,0x20,0x70,0x72,0x65,0x66,0x69,0x78,0x20,0x6d,0x65,0x67,0x61,0x20,0x28,0x4d,
  0x29,0x20,0x6d,0x65,0x61,0x6e,0x73,0x20,0x31,0x65,0x36,0x2e,0x1e,0x00,0x54,0x68,
  0x65,0x20,0x70,0x72,0x65,0x66,0x69,0x78,0x20,0x6b,0x69,0x6c,0x6f,0x20,0x28,0x6b,
  0x29,0x20,0x6d,0x65,0x61,0x6e,0x73,0x20,0x31,0x65,0x33,0x2e,0x20,0x00,0x54,0x68,
  0x65,0x20,0x70,0x72,0x65,0x66,0x69,0x78,0x20,0x6d,0x69,0x6c,0x6c,0x69,0x20,0x28,
  0x6d,0x29,0x20,0x6d,0x65,0x61,0x6e,0x73,0x20,0x31,0x65,0x2d,0x33,0x2e,0x20,0x00,
  0x54,0x68,0x65,0x20,0x70,0x72,0x65,0x66,0x69,0x78,0x20,0x6d,0x69,0x63,0x72,0x6f,
  0x20,0x28,0x75,0x29,0x20,0x6d,0x65,0x61,0x6e,0x73,0x20,0x31,0x65,0x2d,0x36,0x2e,
  0x08,0x70,0x72,0x65,0x73,0x73,0x75,0x72,0x65,0x02,0x26,0x00,0x50,0x72,0x65,0x73,
  0x73,0x75,0x72,0x65,0x20,0x65,0x71,0x75,0x61,0x6c,0x73,0x20,0x66,0x6f,0x72,0x63,
  0x65,0x20,0x64,0x69,0x76,0x69,0x64,0x65,0x64,0x20,0x62,0x79,0x20,0x61,0x72,0x65,
  0x61,0x2e,0x2b,0x00,0x53,0x74,0x61,0x6e,0x64,0x61,0x72,0x64,0x20,0x61,0x74,0x6d,
  0x6f,0x73,0x70,0x68,0x65,0x72,0x69,0x63,0x20,0x70,0x72,0x65,0x73,0x73,0x75,0x72,
  0x65,0x20,0x69,0x73,0x20,0x31,0x30,0x31,0x33,0x32,0x35,0x20,0x50,0x61,0x2e,0x06,
  0x70,0x72,0x6f,0x74,0x6f,0x6e,0x01,0x2d,0x00,0x54,0x68,0x65,0x20,0x70,0x72,0x6f,
  0x74,0x6f,0x6e,0x20,0x72,0x65,0x73,0x74,0x20,0x6d,0x61,0x73,0x73,0x20,0x69,0x73,
  0x20,0x31,0x2e,0x36,0x37,0x32,0x36,0x32,0x31,0x39,0x32,0x33,0x36,0x39,0x65,0x2d,
  0x32,0x37,0x20,0x6b,0x67,0x2e,0x0b,0x70,0x72,0x6f,0x74,0x6f,0x6e,0x20,0x6d,0x61,
  0x73,0x73,0x01,0x2d,0x00,0x54,0x68,0x65,0x20,0x70,0x72,0x6f,0x74,0x6f,0x6e,0x20,
  0x72,0x65,0x73,0x74,0x20,0x6d,0x61,0x73,0x73,0x20,0x69,0x73,0x20,0x31,0x2e,0x36,
  0x37,0x32,0x36,0x32,0x31,0x39,0x32,0x33,0x36,0x39,0x65,0x2d,0x32,0x37,0x20,0x6b,
  0x67,0x2e,0x03,0x70,0x73,0x69,0x01,0x21,0x00,0x4f,0x6e,0x65,0x20,0x70,0x73,0x69,
  0x20,0x69,0x73,0x20,0x61,0x62,0x6f,0x75,0x74,0x20,0x36,0x38,0x39,0x34,0x2e,0x37,
  0x36,0x20,0x70,0x61,0x73,0x63,0x61,0x6c,0x73,0x2e,0x04,0x70,0x75,0x6c,0x6c,0x01,
  0x3a,0x00,0x41,0x20,0x74,0x79,0x70,0x69,0x63,0x61,0x6c,0x20,0x70,0x75,0x6c,0x6c,
  0x2d,0x75,0x70,0x20,0x72,0x65,0x73,0x69,0x73,0x74,0x6f,0x72,0x20,0x69,0x73,0x20,
  0x62,0x65,0x74,0x77,0x65,0x65,0x6e,0x20,0x34,0x37,0x30,0x30,0x20,0x61,0x6e,0x64,
  0x20,0x31,0x30,0x30,0x30,0x30,0x20,0x6f,0x68,0x6d,0x73,0x2e,0x0d,0x70,0x75,0x6c,
  0x6c,0x20,0x72,0x65,0x73,0x69,0x73,0x74,0x6f,0x72,0x01,0x3a,0x00,0x41,0x20,0x74,
  0x79,0x70,0x69,0x63,0x61,0x6c,0x20,0x70,0x75,0x6c,0x6c,0x2d,0x75,0x70,0x20,0x72,
  0x65,0x73,0x69,0x73,0x74,0x6f,0x72,0x20,0x69,0x73,0x20,0x62,0x65,0x74,0x77,0x65,
  0x65,0x6e,0x20,0x34,0x37,0x30,0x30,0x20,0x61,0x6e,0x64,0x20,0x31,0x30,0x30,0x30,
  0x30,0x20,0x6f,0x68,0x6d,0x73,0x2e,0x07,0x70,0x75,0x6c,0x6c,0x20,0x75,0x70,0x01,
  0x3a,0x00,0x41,0x20,0x74,0x79,0x70,0x69,0x63,0x61,0x6c,0x20,0x70,0x75,0x6c,0x6c,
  0x2d,0x75,0x70,0x20,0x72,0x65,0x73,0x69,0x73,0x74,0x6f,0x72,0x20,0x69,0x73,0x20,
  0x62,0x65,0x74,0x77,0x65,0x65,0x6e,0x20,0x34,0x37,0x30,0x30,0x20,0x61,0x6e,0x64,
  0x20,0x31,0x30,0x30,0x30,0x30,0x20,0x6f,0x68,0x6d,0x73,0x2e,0x10,0x70,0x75,0x6c,
  0x6c,0x20,0x75,0x70,0x20,0x72,0x65,0x73,0x69,0x73,0x74,0x6f,0x72,0x01,0x3a,0x00,
  0x41,0x20,0x74,0x79,0x70,0x69,0x63,0x61,0x6c,0x20,0x70,0x75,0x6c,0x6c,0x2d,0x75,
  0x70,0x20,0x72,0x65,0x73,0x69,0x73,0x74,0x6f,0x72,0x20,0x69,0x73,0x20,0x62,0x65,
  0x74,0x77,0x65,0x65,0x6e,0x20,0x34,0x37,0x30,0x30,0x20,0x61,0x6e,0x64,0x20,0x31,
  0x30,0x30,0x30,0x30,0x20,0x6f,0x68,0x6d,0x73,0x2e,0x03,0x70,0x77,0x6d,0x01,0x47,
  0x00,0x54,0x68,0x65,0x20,0x61,0x76,0x65,0x72,0x61,0x67,0x65,0x20,0x50,0x57,0x4d,
  0x20,0x76,0x6f,0x6c,0x74,0x61,0x67,0x65,0x20,0x65,0x71,0x75,0x61,0x6c,0x73,0x20,
  0x74,0x68,0x65,0x20,0x64,0x75,0x74,0x79,0x20,0x63,0x79,0x63,0x6c,0x65,0x20,0x74,
  0x69,0x6d,0x65,0x73,0x20,0x74,0x68,0x65,0x20,0x73,0x75,0x70,0x70,0x6c,0x79,0x20,
  0x76,0x6f,0x6c,0x74,0x61,0x67,0x65,0x2e,0x0b,0x70,0x77,0x6d,0x20,0x61,0x76,0x65,
  0x72,0x61,0x67,0x65,0x01,0x47,0x00,0x54,0x68,0x65,0x20,0x61,0x76,0x65,0x72,0x61,
  0x67,0x65,0x20,0x50,0x57,0x4d,0x20,0x76,0x6f,0x6c,0x74,0x61,0x67,0x65,0x20,0x65,
  0x71,0x75,0x61,0x6c,0x73,0x20,0x74,0x68,0x65,0x20,0x64,0x75,0x74,0x79,0x20,0x63,
  0x79,0x63,0x6c,0x65,0x20,0x74,0x69,0x6d,0x65,0x73,0x20,0x74,0x68,0x65,0x20,0x73,
  0x75,0x70,0x70,0x6c,0x79,0x20,0x76,0x6f,0x6c,0x74,0x61,0x67,0x65,0x2e,0x08,0x71,
  0x20,0x66,0x61,0x63,0x74,0x6f,0x72,0x01,0x44,0x00,0x54,0x68,0x65,0x20,0x51,0x20,
  0x66,0x61,0x63,0x74,0x6f,0x72,0x20,0x65,0x71,0x75,0x61,0x6c,0x73,0x20,0x74,0x68,
  0x65,0x20,0x72,0x65,0x73,0x6f,0x6e,0x61,0x6e,0x74,0x20,0x66,0x72,0x65,0x71,0x75,
  0x65,0x6e,0x63,0x79,0x20,0x64,0x69,0x76,0x69,0x64,0x65,0x64,0x20,0x62,0x79,0x20,
  0x74,0x68,0x65,0x20,0x62,0x61,0x6e,0x64,0x77,0x69,0x64,0x74,0x68,0x2e,0x04,0x72,
  0x61,0x74,0x65,0x01,0x2d,0x00,0x43,0x6f,0x6d,0x6d,0x6f,0x6e,0x20,0x62,0x61,0x75,
  0x64,0x20,0x72,0x61,0x74,0x65,0x73,0x20,0x61,0x72,0x65,0x20,0x39,0x36,0x30,0x30,
  0x2c,0x20,0x35,0x37,0x36,0x30,0x30,0x20,0x61,0x6e,0x64,0x20,0x31,0x31,0x35,0x32,
  0x30,0x30,0x2e,0x05,0x72,0x61,0x74,0x69,0x6f,0x02,0x3a,0x00,0x54,0x68,0x65,0x20,
  0x76,0x6f,0x6c,0x74,0x61,0x67,0x65,0x20,0x72,0x61,0x74,0x69,0x6f,0x20,0x6f,0x66,
  0x20,0x61,0x20,0x74,0x72,0x61,0x6e,0x73,0x66,0x6f,0x72,0x6d,0x65,0x72,0x20,0x65,
  0x71,0x75,0x61,0x6c,0x73,0x20,0x69,0x74,0x73,0x20,0x74,0x75,0x72,0x6e,0x73,0x20,
  0x72,0x61,0x74,0x69,0x6f,0x2e,0x53,0x00,0x54,0x68,0x65,0x20,0x67,0x65,0x61,0x72,
  0x20,0x72,0x61,0x74,0x69,0x6f,0x20,0x65,0x71,0x75,0x61,0x6c,0x73,0x20,0x74,0x68,
  0x65,0x20,0x6e,0x75,0x6d,0x62,0x65,0x72,0x20,0x6f,0x66,0x20,0x74,0x65,0x65,0x74,
  0x68,0x20,0x6f,0x6e,0x20,0x74,0x68,0x65,0x20,0x64,0x72,0x69,0x76,0x65,0x6e,0x20,
  0x67,0x65,0x61,0x72,0x20,0x64,0x69,0x76,0x69,0x64,0x65,0x64,0x20,0x62,0x79,0x20,
  0x74,0x68,0x65,0x20,0x64,0x72,0x69,0x76,0x65,0x72,0x2e,0x0b,0x72,0x63,0x20,0x63,
  0x6f,0x6e,0x73,0x74,0x61,0x6e,0x74,0x01,0x39,0x00,0x54,0x68,0x65,0x20,0x52,0x43,
  0x20,0x74,0x69,0x6d,0x65,0x20,0x63,0x6f,0x6e,0x73,0x74,0x61,0x6e,0x74,0x20,0x65,
  0x71,0x75,0x61,0x6c,0x73,0x20,0x72,0x65,0x73,0x69,0x73,0x74,0x61,0x6e,0x63,0x65,
  0x20,0x74,0x69,0x6d,0x65,0x73,0x20,0x63,0x61,0x70,0x61,0x63,0x69,0x74,0x61,0x6e,
  0x63,0x65,0x2e,0x07,0x72,0x63,0x20,0x74,0x69,0x6d,0x65,0x01,0x39,0x00,0x54,0x68,
  0x65,0x20,0x52,0x43,0x20,0x74,0x69,0x6d,0x65,0x20,0x63,0x6f,0x6e,0x73,0x74,0x61,
  0x6e,0x74,0x20,0x65,0x71,0x75,0x61,0x6c,0x73,0x20,0x72,0x65,0x73,0x69,0x73,0x74,
  0x61,0x6e,0x63,0x65,0x20,0x74,0x69,0x6d,0x65,0x73,0x20,0x63,0x61,0x70,0x61,0x63,
  0x69,0x74,0x61,0x6e,0x63,0x65,0x2e,0x10,0x72,0x63,0x20,0x74,0x69,0x6d,0x65,0x20,
  0x63,0x6f,0x6e,0x73,0x74,0x61,0x6e,0x74,0x01,0x39,0x00,0x54,0x68,0x65,0x20,0x52,
  0x43,0x20,0x74,0x69,0x6d,0x65,0x20,0x63,0x6f,0x6e,0x73,0x74,0x61,0x6e,0x74,0x20,
  0x65,0x71,0x75,0x61,0x6c,0x73,0x20,0x72,0x65,0x73,0x69,0x73,0x74,0x61,0x6e,0x63,
  0x65,0x20,0x74,0x69,0x6d,0x65,0x73,0x20,0x63,0x61,0x70,0x61,0x63,0x69,0x74,0x61,
  0x6e,0x63,0x65,0x2e,0x09,0x72,0x65,0x61,0x63,0x74,0x61,0x6e,0x63,0x65,0x02,0x32,
  0x00,0x43,0x61,0x70,0x61,0x63,0x69,0x74,0x69,0x76,0x65,0x20,0x72,0x65,0x61,0x63,
  0x74,0x61,0x6e,0x63,0x65,0x20,0x65,0x71,0x75,0x61,0x6c,0x73,0x20,0x31,0x20,0x64,
  0x69,0x76,0x69,0x64,0x65,0x64,0x20,0x62,0x79,0x20,0x32,0x20,0x70,0x69,0x20,0x66,
  0x20,0x43,0x2e,0x24,0x00,0x49,0x6e,0x64,0x75,0x63,0x74,0x69,0x76,0x65,0x20,0x72,
  0x65,0x61,0x63,0x74,0x61,0x6e,0x63,0x65,0x20,0x65,0x71,0x75,0x61,0x6c,0x73,0x20,
  0x32,0x20,0x70,0x69,0x20,0x66,0x20,0x4c,0x2e,0x03,0x72,0x65,0x64,0x02,0x26,0x00,
  0x41,0x20,0x72,0x65,0x64,0x20,0x72,0x65,0x73,0x69,0x73,0x74,0x6f,0x72,0x20,0x62,
  0x61,0x6e,0x64,0x20,0x6d,0x65,0x61,0x6e,0x73,0x20,0x74,0x68,0x65,0x20,0x64,0x69,
  0x67,0x69,0x74,0x20,0x32,0x2e,0x33,0x00,0x41,0x20,0x72,0x65,0x64,0x20,0x4c,0x45,
  0x44,0x20,0x68,0x61,0x73,0x20,0x61,0x20,0x66,0x6f,0x72,0x77,0x61,0x72,0x64,0x20,
  0x76,0x6f,0x6c,0x74,0x61,0x67,0x65,0x20,0x6f,0x66,0x20,0x61,0x62,0x6f,0x75,0x74,
  0x20,0x31,0x2e,0x38,0x20,0x76,0x6f,0x6c,0x74,0x73,0x2e,0x08,0x72,0x65,0x64,0x20,
  0x62,0x61,0x6e,0x64,0x01,0x26,0x00,0x41,0x20,0x72,0x65,0x64,0x20,0x72,0x65,0x73,
  0x69,0x73,0x74,0x6f,0x72,0x20,0x62,0x61,0x6e,0x64,0x20,0x6d,0x65,0x61,0x6e,0x73,
  0x20,0x74,0x68,0x65,0x20,0x64,0x69,0x67,0x69,0x74,0x20,0x32,0x2e,0x07,0x72,0x65,
  0x64,0x20,0x6c,0x65,0x64,0x01,0x33,0x00,0x41,0x20,0x72,0x65,0x64,0x20,0x4c,0x45,
  0x44,0x20,0x68,0x61,0x73,0x20,0x61,0x20,0x66,0x6f,0x72,0x77,0x61,0x72,0x64,0x20,
  0x76,0x6f,0x6c,0x74,0x61,0x67,0x65,0x20,0x6f,0x66,0x20,0x61,0x62,0x6f,0x75,0x74,
  0x20,0x31,0x2e,0x38,0x20,0x76,0x6f,0x6c,0x74,0x73,0x2e,0x0a,0x72,0x65,0x66,0x72,
  0x61,0x63,0x74,0x69,0x76,0x65,0x02,0x2c,0x00,0x54,0x68,0x65,0x20,0x72,0x65,0x66,
  0x72,0x61,0x63,0x74,0x69,0x76,0x65,0x20,0x69,0x6e,0x64,0x65,0x78,0x20,0x6f,0x66,
  0x20,0x77,0x61,0x74,0x65,0x72,0x20,0x69,0x73,0x20,0x61,0x62,0x6f,0x75,0x74,0x20,
  0x31,0x2e,0x33,0x33,0x2e,0x2b,0x00,0x54,0x68,0x65,0x20,0x72,0x65,0x66,0x72,0x61,
  0x63,0x74,0x69,0x76,0x65,0x20,0x69,0x6e,0x64,0x65,0x78,0x20,0x6f,0x66,0x20,0x67,
  0x6c,0x61,0x73,0x73,0x20,0x69,0x73,0x20,0x61,0x62,0x6f,0x75,0x74,0x20,0x31,0x2e,
  0x35,0x2e,0x10,0x72,0x65,0x66,0x72,0x61,0x63,0x74,0x69,0x76,0x65,0x20,0x67,0x6c,
  0x61,0x73,0x73,0x01,0x2b,0x00,0x54,0x68,0x65,0x20,0x72,0x65,0x66,0x72,0x61,0x63,
  0x74,0x69,0x76,0x65,0x20,0x69,0x6e,0x64,0x65,0x78,0x20,0x6f,0x66,0x20,0x67,0x6c,
  0x61,0x73,0x73,0x20,0x69,0x73,0x20,0x61,0x62,0x6f,0x75,0x74,0x20,0x31,0x2e,0x35,
  0x2e,0x10,0x72,0x65,0x66,0x72,0x61,0x63,0x74,0x69,0x76,0x65,0x20,0x69,0x6e,0x64,
  0x65,0x78,0x02,0x2c,0x00,0x54,0x68,0x65,0x20,0x72,0x65,0x66,0x72,0x61,0x63,0x74,
  0x69,0x76,0x65,0x20,0x69,0x6e,0x64,0x65,0x78,0x20,0x6f,0x66,0x20,0x77,0x61,0x74,
  0x65,0x72,0x20,0x69,0x73,0x20,0x61,0x62,0x6f,0x75,0x74,0x20,0x31,0x2e,0x33,0x33,
  0x2e,0x2b,0x00,0x54,0x68,0x65,0x20,0x72,0x65,0x66,0x72,0x61,0x63,0x74,0x69,0x76,
  0x65,0x20,0x69,0x6e,0x64,0x65,0x78,0x20,0x6f,0x66,0x20,0x67,0x6c,0x61,0x73,0x73,
  0x20,0x69,0x73,0x20,0x61,0x62,0x6f,0x75,0x74,0x20,0x31,0x2e,0x35,0x2e,0x16,0x72,
  0x65,0x66,0x72,0x61,0x63,0x74,0x69,0x76,0x65,0x20,0x69,0x6e,0x64,0x65,0x78,0x20,
  0x67,0x6c,0x61,0x73,0x73,0x01,0x2b,0x00,0x54,0x68,0x65,0x20,0x72,0x65,0x66,0x72,
  0x61,0x63,0x74,0x69,0x76,0x65,0x20,0x69,0x6e,0x64,0x65,0x78,0x20,0x6f,0x66,0x20,
  0x67,0x6c,0x61,0x73,0x73,0x20,0x69,0x73,0x20,0x61,0x62,0x6f,0x75,0x74,0x20,0x31,
  0x2e,0x35,0x2e,0x16,0x72,0x65,0x66,0x72,0x61,0x63,0x74,0x69,0x76,0x65,0x20,0x69,
  0x6e,0x64,0x65,0x78,0x20,0x77,0x61,0x74,0x65,0x72,0x01,0x2c,0x00,0x54,0x68,0x65,
  0x20,0x72,0x65,0x66,0x72,0x61,0x63,0x74,0x69,0x76,0x65,0x20,0x69,0x6e,0x64,0x65,
  0x78,0x20,0x6f,0x66,0x20,0x77,0x61,0x74,0x65,0x72,0x20,0x69,0x73,0x20,0x61,0x62,
  0x6f,0x75,0x74,0x20,0x31,0x2e,0x33,0x33,0x2e,0x10,0x72,0x65,0x66,0x72,0x61,0x63,
  0x74,0x69,0x76,0x65,0x20,0x77,0x61,0x74,0x65,0x72,0x01,0x2c,0x00,0x54,0x68,0x65,
  0x20,0x72,0x65,0x66,0x72,0x61,0x63,0x74,0x69,0x76,0x65,0x20,0x69,0x6e,0x64,0x65,
  0x78,0x20,0x6f,0x66,0x20,0x77,0x61,0x74,0x65,0x72,0x20,0x69,0x73,0x20,0x61,0x62,
  0x6f,0x75,0x74,0x20,0x31,0x2e,0x33,0x33,0x2e,0x09,0x72,0x65,0x67,0x75,0x6c,0x61,
  0x74,0x6f,0x72,0x01,0x54,0x00,0x54,0x68,0x65,0x20,0x70,0x6f,0x77,0x65,0x72,0x20,
  0x77,0x61,0x73,0x74,0x65,0x64,0x20,0x69,0x6e,0x20,0x61,0x20,0x6c,0x69,0x6e,0x65,
  0x61,0x72,0x20,0x72,0x65,0x67,0x75,0x6c,0x61,0x74,0x6f,0x72,0x20,0x65,0x71,0x75,
  0x61,0x6c,0x73,0x20,0x74,0x68,0x65,0x20,0x76,0x6f,0x6c,0x74,0x61,0x67,0x65,0x20,
  0x64,0x72,0x6f,0x70,0x70,0x65,0x64,0x20,0x74,0x69,0x6d,0x65,0x73,0x20,0x74,0x68,
  0x65,0x20,0x63,0x75,0x72,0x72,0x65,0x6e,0x74,0x2e,0x0f,0x72,0x65,0x67,0x75,0x6c,
  0x61,0x74,0x6f,0x72,0x20,0x70,0x6f,0x77,0x65,0x72,0x01,0x54,0x00,0x54,0x68,0x65,
  0x20,0x70,0x6f,0x77,0x65,0x72,0x20,0x77,0x61,0x73,0x74,0x65,0x64,0x20,0x69,0x6e,
  0x20,0x61,0x20,0x6c,0x69,0x6e,0x65,0x61,0x72,0x20,0x72,0x65,0x67,0x75,0x6c,0x61,
  0x74,0x6f,0x72,0x20,0x65,0x71,0x75,0x61,0x6c,0x73,0x20,0x74,0x68,0x65,0x20,0x76,
  0x6f,0x6c,0x74,0x61,0x67,0x65,0x20,0x64,0x72,0x6f,0x70,0x70,0x65,0x64,0x20,0x74,
  0x69,0x6d,0x65,0x73,0x20,0x74,0x68,0x65,0x20,0x63,0x75,0x72,0x72,0x65,0x6e,0x74,
  0x2e,0x0a,0x72,0x65,0x73,0x69,0x73,0x74,0x61,0x6e,0x63,0x65,0x05,0x28,0x00,0x56,
  0x6f,0x6c,0x74,0x61,0x67,0x65,0x20,0x65,0x71,0x75,0x61,0x6c,0x73,0x20,0x63,0x75,
  0x72,0x72,0x65,0x6e,0x74,0x20,0x74,0x69,0x6d,0x65,0x73,0x20,0x72,0x65,0x73,0x69,
  0x73,0x74,0x61,0x6e,0x63,0x65,0x2e,0x30,0x00,0x53,0x65,0x72,0x69,0x65,0x73,0x20,
  0x72,0x65,0x73,0x69,0x73,0x74,0x61,0x6e,0x63,0x65,0x20,0x69,0x73,0x20,0x74,0x68,
  0x65,0x20,0x73,0x75,0x6d,0x20,0x6f,0x66,0x20,0x74,0x68,0x65,0x20,0x72,0x65,0x73,
  0x69,0x73,0x74,0x61,0x6e,0x63,0x65,0x73,0x2e,0x4c,0x00,0x46,0x6f,0x72,0x20,0x74,
  0x77,0x6f,0x20,0x72,0x65,0x73,0x69,0x73,0x74,0x6f,0x72,0x73,0x20,0x69,0x6e,0x20,
  0x70,0x61,0x72,0x61,0x6c,0x6c,0x65,0x6c,0x2c,0x20,0x72,0x65,0x73,0x69,0x73,0x74,
  0x61,0x6e,0x63,0x65,0x20,0x69,0x73,0x20,0x74,0x68,0x65,0x20,0x70,0x72,0x6f,0x64,
  0x75,0x63,0x74,0x20,0x64,0x69,0x76,0x69,0x64,0x65,0x64,0x20,0x62,0x79,0x20,0x74,
  0x68,0x65,0x20,0x73,0x75,0x6d,0x2e,0x40,0x00,0x57,0x69,0x72,0x65,0x20,0x72,0x65,
  0x73,0x69,0x73,0x74,0x61,0x6e,0x63,0x65,0x20,0x65,0x71,0x75,0x61,0x6c,0x73,0x20,
  0x72,0x65,0x73,0x69,0x73,0x74,0x69,0x76,0x69,0x74,0x79,0x20,0x74,0x69,0x6d,0x65,
  0x73,0x20,0x6c,0x65,0x6e,0x67,0x74,0x68,0x20,0x64,0x69,0x76,0x69,0x64,0x65,0x64,
  0x20,0x62,0x79,0x20,0x61,0x72,0x65,0x61,0x2e,0x2e,0x00,0x50,0x6f,0x77,0x65,0x72,
  0x20,0x65,0x71,0x75,0x61,0x6c,0x73,0x20,0x63,0x75,0x72,0x72,0x65,0x6e,0x74,0x20,
  0x73,0x71,0x75,0x61,0x72,0x65,0x64,0x20,0x74,0x69,0x6d,0x65,0x73,0x20,0x72,0x65,
  0x73,0x69,0x73,0x74,0x61,0x6e,0x63,0x65,0x2e,0x0b,0x72,0x65,0x73,0x69,0x73,0x74,
  0x69,0x76,0x69,0x74,0x79,0x05,0x33,0x00,0x54,0x68,0x65,0x20,0x72,0x65,0x73,0x69,
  0x73,0x74,0x69,0x76,0x69,0x74,0x79,0x20,0x6f,0x66,0x20,0x63,0x6f,0x70,0x70,0x65,
  0x72,0x20,0x69,0x73,0x20,0x31,0x2e,0x36,0x38,0x65,0x2d,0x38,0x20,0x6f,0x68,0x6d,
  0x20,0x6d,0x20,0x61,0x74,0x20,0x32,0x30,0x20,0x43,0x2e,0x36,0x00,0x54,0x68,0x65,
  0x20,0x72,0x65,0x73,0x69,0x73,0x74,0x69,0x76,0x69,0x74,0x79,0x20,0x6f,0x66,0x20,
  0x61,0x6c,0x75,0x6d,0x69,0x6e,0x69,0x75,0x6d,0x20,0x69,0x73,0x20,0x32,0x2e,0x36,
  0x35,0x65,0x2d,0x38,0x20,0x6f,0x68,0x6d,0x20,0x6d,0x20,0x61,0x74,0x20,0x32,0x30,
  0x20,0x43,0x2e,0x33,0x00,0x54,0x68,0x65,0x20,0x72,0x65,0x73,0x69,0x73,0x74,0x69,
  0x76,0x69,0x74,0x79,0x20,0x6f,0x66,0x20,0x73,0x69,0x6c,0x76,0x65,0x72,0x20,0x69,
  0x73,0x20,0x31,0x2e,0x35,0x39,0x65,0x2d,0x38,0x20,0x6f,0x68,0x6d,0x20,0x6d,0x20,
  0x61,0x74,0x20,0x32,0x30,0x20,0x43,0x2e,0x31,0x00,0x54,0x68,0x65,0x20,0x72,0x65,
  0x73,0x69,0x73,0x74,0x69,0x76,0x69,0x74,0x79,0x20,0x6f,0x66,0x20,0x67,0x6f,0x6c,
  0x64,0x20,0x69,0x73,0x20,0x32,0x2e,0x34,0x34,0x65,0x2d,0x38,0x20,0x6f,0x68,0x6d,
  0x20,0x6d,0x20,0x61,0x74,0x20,0x32,0x30,0x20,0x43,0x2e,0x30,0x00,0x54,0x68,0x65,
  0x20,0x72,0x65,0x73,0x69,0x73,0x74,0x69,0x76,0x69,0x74,0x79,0x20,0x6f,0x66,0x20,
  0x69,0x72,0x6f,0x6e,0x20,0x69,0x73,0x20,0x39,0x2e,0x37,0x65,0x2d,0x38,0x20,0x6f,
  0x68,0x6d,0x20,0x6d,0x20,0x61,0x74,0x20,0x32,0x30,0x20,0x43,0x2e,0x08,0x72,0x65,
  0x73,0x69,0x73,0x74,0x6f,0x72,0x04,0x6a,0x00,0x54,0x68,0x65,0x20,0x4c,0x45,0x44,
  0x20,0x73,0x65,0x72,0x69,0x65,0x73,0x20,0x72,0x65,0x73,0x69,0x73,0x74,0x61,0x6e,
  0x63,0x65,0x20,0x65,0x71,0x75,0x61,0x6c,0x73,0x20,0x73,0x75,0x70,0x70,0x6c,0x79,
  0x20,0x76,0x6f,0x6c,0x74,0x61,0x67,0x65,0x20,0x6d,0x69,0x6e,0x75,0x73,0x20,0x4c,
  0x45,0x44,0x20,0x66,0x6f,0x72,0x77,0x61,0x72,0x64,0x20,0x76,0x6f,0x6c,0x74,0x61,
  0x67,0x65,0x2c,0x20,0x64,0x69,0x76,0x69,0x64,0x65,0x64,0x20,0x62,0x79,0x20,0x74,
  0x68,0x65,0x20,0x64,0x65,0x73,0x69,0x72,0x65,0x64,0x20,0x63,0x75,0x72,0x72,0x65,
  0x6e,0x74,0x2e,0x3a,0x00,0x41,0x20,0x74,0x79,0x70,0x69,0x63,0x61,0x6c,0x20,0x70,
  0x75,0x6c,0x6c,0x2d,0x75,0x70,0x20,0x72,0x65,0x73,0x69,0x73,0x74,0x6f,0x72,0x20,
  0x69,0x73,0x20,0x62,0x65,0x74,0x77,0x65,0x65,0x6e,0x20,0x34,0x37,0x30,0x30,0x20,
  0x61,0x6e,0x64,0x20,0x31,0x30,0x30,0x30,0x30,0x20,0x6f,0x68,0x6d,0x73,0x2e,0x30,
  0x00,0x53,0x65,0x72,0x69,0x65,0x73,0x20,0x72,0x65,0x73,0x69,0x73,0x74,0x61,0x6e,
  0x63,0x65,0x20,0x69,0x73,0x20,0x74,0x68,0x65,0x20,0x73,0x75,0x6d,0x20,0x6f,0x66,
  0x20,0x74,0x68,0x65,0x20,0x72,0x65,0x73,0x69,0x73,0x74,0x61,0x6e,0x63,0x65,0x73,
  0x2e,0x4c,0x00,0x46,0x6f,0x72,0x20,0x74,0x77,0x6f,0x20,0x72,0x65,0x73,0x69,0x73,
  0x74,0x6f,0x72,0x73,0x20,0x69,0x6e,0x20,0x70,0x61,0x72,0x61,0x6c,0x6c,0x65,0x6c,
  0x2c,0x20,0x72,0x65,0x73,0x69,0x73,0x74,0x61,0x6e,0x63,0x65,0x20,0x69,0x73,0x20,
  0x74,0x68,0x65,0x20,0x70,0x72,0x6f,0x64,0x75,0x63,0x74,0x20,0x64,0x69,0x76,0x69,
  0x64,0x65,0x64,0x20,0x62,0x79,0x20,0x74,0x68,0x65,0x20,0x73,0x75,0x6d,0x2e,0x0a,
  0x72,0x65,0x73,0x6f,0x6c,0x75,0x74,0x69,0x6f,0x6e,0x01,0x2f,0x00,0x41,0x6e,0x20,
  0x6e,0x2d,0x62,0x69,0x74,0x20,0x63,0x6f,0x6e,0x76,0x65,0x72,0x74,0x65,0x72,0x20,
  0x68,0x61,0x73,0x20,0x32,0x20,0x74,0x6f,0x20,0x74,0x68,0x65,0x20,0x70,0x6f,0x77,
  0x65,0x72,0x20,0x6e,0x20,0x6c,0x65,0x76,0x65,0x6c,0x73,0x2e,0x08,0x72,0x65,0x73,
  0x6f,0x6e,0x61,0x6e,0x74,0x01,0x4f,0x00,0x52,0x65,0x73,0x6f,0x6e,0x61,0x6e,0x74,
  0x20,0x66,0x72,0x65,0x71,0x75,0x65,0x6e,0x63,0x79,0x20,0x65,0x71,0x75,0x61,0x6c,
  0x73,0x20,0x31,0x20,0x64,0x69,0x76,0x69,0x64,0x65,0x64,0x20,0x62,0x79,0x20,0x32,
  0x20,0x70,0x69,0x20,0x74,0x69,0x6d,0x65,0x73,0x20,0x74,0x68,0x65,0x20,0x73,0x71,
  0x75,0x61,0x72,0x65,0x20,0x72,0x6f,0x6f,0x74,0x20,0x6f,0x66,0x20,0x4c,0x20,0x74,
  0x69,0x6d,0x65,0x73,0x20,0x43,0x2e,0x12,0x72,0x65,0x73,0x6f,0x6e,0x61,0x6e,0x74,
  0x20,0x66,0x72,0x65,0x71,0x75,0x65,0x6e,0x63,0x79,0x01,0x4f,0x00,0x52,0x65,0x73,
  0x6f,0x6e,0x61,0x6e,0x74,0x20,0x66,0x72,0x65,0x71,0x75,0x65,0x6e,0x63,0x79,0x20,
  0x65,0x71,0x75,0x61,0x6c,0x73,0x20,0x31,0x20,0x64,0x69,0x76,0x69,0x64,0x65,0x64,
  0x20,0x62,0x79,0x20,0x32,0x20,0x70,0x69,0x20,0x74,0x69,0x6d,0x65,0x73,0x20,0x74,
  0x68,0x65,0x20,0x73,0x71,0x75,0x61,0x72,0x65,0x20,0x72,0x6f,0x6f,0x74,0x20,0x6f,
  0x66,0x20,0x4c,0x20,0x74,0x69,0x6d,0x65,0x73,0x20,0x43,0x2e,0x0b,0x72,0x6c,0x20,
  0x63,0x6f,0x6e,0x73,0x74,0x61,0x6e,0x74,0x01,0x3d,0x00,0x54,0x68,0x65,0x20,0x52,
  0x4c,0x20,0x74,0x69,0x6d,0x65,0x20,0x63,0x6f,0x6e,0x73,0x74,0x61,0x6e,0x74,0x20,
  0x65,0x71,0x75,0x61,0x6c,0x73,0x20,0x69,0x6e,0x64,0x75,0x63,0x74,0x61,0x6e,0x63,
  0x65,0x20,0x64,0x69,0x76,0x69,0x64,0x65,0x64,0x20,0x62,0x79,0x20,0x72,0x65,0x73,
  0x69,0x73,0x74,0x61,0x6e,0x63,0x65,0x2e,0x07,0x72,0x6c,0x20,0x74,0x69,0x6d,0x65,
  0x01,0x3d,0x00,0x54,0x68,0x65,0x20,0x52,0x4c,0x20,0x74,0x69,0x6d,0x65,0x20,0x63,
  0x6f,0x6e,0x73,0x74,0x61,0x6e,0x74,0x20,0x65,0x71,0x75,0x61,0x6c,0x73,0x20,0x69,
  0x6e,0x64,0x75,0x63,0x74,0x61,0x6e,0x63,0x65,0x20,0x64,0x69,0x76,0x69,0x64,0x65,
  0x64,0x20,0x62,0x79,0x20,0x72,0x65,0x73,0x69,0x73,0x74,0x61,0x6e,0x63,0x65,0x2e,
  0x10,0x72,0x6c,0x20,0x74,0x69,0x6d,0x65,0x20,0x63,0x6f,0x6e,0x73,0x74,0x61,0x6e,
  0x74,0x01,0x3d,0x00,0x54,0x68,0x65,0x20,0x52,0x4c,0x20,0x74,0x69,0x6d,0x65,0x20,
  0x63,0x6f,0x6e,0x73,0x74,0x61,0x6e,0x74,0x20,0x65,0x71,0x75,0x61,0x6c,0x73,0x20,
  0x69,0x6e,0x64,0x75,0x63,0x74,0x61,0x6e,0x63,0x65,0x20,0x64,0x69,0x76,0x69,0x64,
  0x65,0x64,0x20,0x62,0x79,0x20,0x72,0x65,0x73,0x69,0x73,0x74,0x61,0x6e,0x63,0x65,
  0x2e,0x03,0x72,0x6d,0x73,0x02,0x51,0x00,0x46,0x6f,0x72,0x20,0x61,0x20,0x73,0x69,
  0x6e,0x65,0x20,0x77,0x61,0x76,0x65,0x2c,0x20,0x52,0x4d,0x53,0x20,0x76,0x6f,0x6c,
  0x74,0x61,0x67,0x65,0x20,0x69,0x73,0x20,0x74,0x68,0x65,0x20,0x70,0x65,0x61,0x6b,
  0x20,0x76,0x6f,0x6c,0x74,0x61,0x67,0x65,0x20,0x64,0x69,0x76,0x69,0x64,0x65,0x64,
  0x20,0x62,0x79,0x20,0x74,0x68,0x65,0x20,0x73,0x71,0x75,0x61,0x72,0x65,0x20,0x72,
  0x6f,0x6f,0x74,0x20,0x6f,0x66,0x20,0x32,0x2e,0x51,0x00,0x46,0x6f,0x72,0x20,0x61,
  0x20,0x73,0x69,0x6e,0x65,0x20,0x77,0x61,0x76,0x65,0x2c,0x20,0x52,0x4d,0x53,0x20,
  0x63,0x75,0x72,0x72,0x65,0x6e,0x74,0x20,0x69,0x73,0x20,0x74,0x68,0x65,0x20,0x70,
  0x65,0x61,0x6b,0x20,0x63,0x75,0x72,0x72,0x65,0x6e,0x74,0x20,0x64,0x69,0x76,0x69,
  0x64,0x65,0x64,0x20,0x62,0x79,0x20,0x74,0x68,0x65,0x20,0x73,0x71,0x75,0x61,0x72,
  0x65,0x20,0x72,0x6f,0x6f,0x74,0x20,0x6f,0x66,0x20,0x32,0x2e,0x0b,0x72,0x6d,0x73,
  0x20,0x63,0x75,0x72,0x72,0x65,0x6e,0x74,0x01,0x51,0x00,0x46,0x6f,0x72,0x20,0x61,
  0x20,0x73,0x69,0x6e,0x65,0x20,0x77,0x61,0x76,0x65,0x2c,0x20,0x52,0x4d,0x53,0x20,
  0x63,0x75,0x72,0x72,0x65,0x6e,0x74,0x20,0x69,0x73,0x20,0x74,0x68,0x65,0x20,0x70,
  0x65,0x61,0x6b,0x20,0x63,0x75,0x72,0x72,0x65,0x6e,0x74,0x20,0x64,0x69,0x76,0x69,
  0x64,0x65,0x64,0x20,0x62,0x79,0x20,0x74,0x68,0x65,0x20,0x73,0x71,0x75,0x61,0x72,
  0x65,0x20,0x72,0x6f,0x6f,0x74,0x20,0x6f,0x66,0x20,0x32,0x2e,0x0b,0x72,0x6d,0x73,
  0x20,0x76,0x6f,0x6c,0x74,0x61,0x67,0x65,0x01,0x51,0x00,0x46,0x6f,0x72,0x20,0x61,
  0x20,0x73,0x69,0x6e,0x65,0x20,0x77,0x61,0x76,0x65,0x2c,0x20,0x52,0x4d,0x53,0x20,
  0x76,0x6f,0x6c,0x74,0x61,0x67,0x65,0x20,0x69,0x73,0x20,0x74,0x68,0x65,0x20,0x70,
  0x65,0x61,0x6b,0x20,0x76,0x6f,0x6c,0x74,0x61,0x67,0x65,0x20,0x64,0x69,0x76,0x69,
  0x64,0x65,0x64,0x20,0x62,0x79,0x20,0x74,0x68,0x65,0x20,0x73,0x71,0x75,0x61,0x72,
  0x65,0x20,0x72,0x6f,0x6f,0x74,0x20,0x6f,0x66,0x20,0x32,0x2e,0x05,0x72,0x75,0x6c,
  0x65,0x73,0x01,0x6b,0x00,0x57,0x69,0x74,0x68,0x20,0x6e,0x65,0x67,0x61,0x74,0x69,
  0x76,0x65,0x20,0x66,0x65,0x65,0x64,0x62,0x61,0x63,0x6b,0x20,0x61,0x6e,0x20,0x69,
  0x64,0x65,0x61,0x6c,0x20,0x6f,0x70,0x20,0x61,0x6d,0x70,0x20,0x64,0x72,0x61,0x77,
  0x73,0x20,0x6e,0x6f,0x20,0x69,0x6e,0x70,0x75,0x74,0x20,0x63,0x75,0x72,0x72,0x65,
  0x6e,0x74,0x20,0x61,0x6e,0x64,0x20,0x68,0x6f,0x6c,0x64,0x73,0x20,0x69,0x74,0x73,
  0x20,0x74,0x77,0x6f,0x20,0x69,0x6e,0x70,0x75,0x74,0x73,0x20,0x61,0x74,0x20,0x74,
  0x68,0x65,0x20,0x73,0x61,0x6d,0x65,0x20,0x76,0x6f,0x6c,0x74,0x61,0x67,0x65,0x2e,
  0x07,0x72,0x75,0x6e,0x74,0x69,0x6d,0x65,0x02,0x5a,0x00,0x52,0x75,0x6e,0x74,0x69,
  0x6d,0x65,0x20,0x69,0x6e,0x20,0x68,0x6f,0x75,0x72,0x73,0x20,0x65,0x71,0x75,0x61,
  0x6c,0x73,0x20,0x62,0x61,0x74,0x74,0x65,0x72,0x79,0x20,0x63,0x61,0x70,0x61,0x63,
  0x69,0x74,0x79,0x20,0x69,0x6e,0x20,0x61,0x6d,0x70,0x20,0x68,0x6f,0x75,0x72,0x73,
  0x20,0x64,0x69,0x76,0x69,0x64,0x65,0x64,0x20,0x62,0x79,0x20,0x74,0x68,0x65,0x20,
  0x63,0x75,0x72,0x72,0x65,0x6e,0x74,0x20,0x64,0x72,0x61,0x77,0x20,0x69,0x6e,0x20,
  0x61,0x6d,0x70,0x73,0x2e,0x4c,0x00,0x42,0x61,0x74,0x74,0x65,0x72,0x79,0x20,0x65,
  0x6e,0x65,0x72,0x67,0x79,0x20,0x69,0x6e,0x20,0x77,0x61,0x74,0x74,0x20,0x68,0x6f,
  0x75,0x72,0x73,0x20,0x65,0x71,0x75,0x61,0x6c,0x73,0x20,0x63,0x61,0x70,0x61,0x63,
  0x69,0x74,0x79,0x20,0x69,0x6e,0x20,0x61,0x6d,0x70,0x20,0x68,0x6f,0x75,0x72,0x73,
  0x20,0x74,0x69,0x6d,0x65,0x73,0x20,0x74,0x68,0x65,0x20,0x76,0x6f,0x6c,0x74,0x61,
  0x67,0x65,0x2e,0x0a,0x73,0x61,0x74,0x75,0x72,0x61,0x74,0x69,0x6f,0x6e,0x01,0x4d,
  0x00,0x41,0x20,0x73,0x61,0x74,0x75,0x72,0x61,0x74,0x65,0x64,0x20,0x74,0x72,0x61,
  0x6e,0x73,0x69,0x73,0x74,0x6f,0x72,0x20,0x68,0x61,0x73,0x20,0x61,0x20,0x63,0x6f,
  0x6c,0x6c,0x65,0x63,0x74,0x6f,0x72,0x20,0x74,0x6f,0x20,0x65,0x6d,0x69,0x74,0x74,
  0x65,0x72,0x20,0x76,0x6f,0x6c,0x74,0x61,0x67,0x65,0x20,0x6f,0x66,0x20,0x61,0x62,
  0x6f,0x75,0x74,0x20,0x30,0x2e,0x32,0x20,0x76,0x6f,0x6c,0x74,0x73,0x2e,0x06,0x73,
  0x61,0x74,0x75,0x72,0x6e,0x01,0x7f,0x00,0x53,0x61,0x74,0x75,0x72,0x6e,0x20,0x68,
  0x61,0x73,0x20,0x61,0x20,0x64,0x69,0x61,0x6d,0x65,0x74,0x65,0x72,0x20,0x6f,0x66,
  0x20,0x61,0x62,0x6f,0x75,0x74,0x20,0x31,0x31,0x36,0x34,0x36,0x30,0x20,0x6b,0x6d,
  0x2c,0x20,0x6f,0x72,0x62,0x69,0x74,0x73,0x20,0x61,0x62,0x6f,0x75,0x74,0x20,0x31,
  0x34,0x33,0x34,0x20,0x6d,0x69,0x6c,0x6c,0x69,0x6f,0x6e,0x20,0x6b,0x6d,0x20,0x66,
  0x72,0x6f,0x6d,0x20,0x74,0x68,0x65,0x20,0x53,0x75,0x6e,0x2c,0x20,0x61,0x6e,0x64,
  0x20,0x74,0x61,0x6b,0x65,0x73,0x20,0x61,0x62,0x6f,0x75,0x74,0x20,0x31,0x30,0x37,
  0x35,0x39,0x20,0x45,0x61,0x72,0x74,0x68,0x20,0x64,0x61,0x79,0x73,0x20,0x74,0x6f,
  0x20,0x6f,0x72,0x62,0x69,0x74,0x2e,0x08,0x73,0x63,0x61,0x6e,0x64,0x69,0x75,0x6d,
  0x03,0x41,0x00,0x53,0x63,0x61,0x6e,0x64,0x69,0x75,0x6d,0x20,0x68,0x61,0x73,0x20,
  0x73,0x79,0x6d,0x62,0x6f,0x6c,0x20,0x53,0x63,0x2c,0x20,0x61,0x74,0x6f,0x6d,0x69,
  0x63,0x20,0x6e,0x75,0x6d,0x62,0x65,0x72,0x20,0x32,0x31,0x2c,0x20,0x61,0x6e,0x64,
  0x20,0x61,0x74,0x6f,0x6d,0x69,0x63,0x20,0x6d,0x61,0x73,0x73,0x20,0x34,0x34,0x2e,
  0x39,0x35,0x36,0x2e,0x38,0x00,0x54,0x68,0x65,0x20,0x61,0x74,0x6f,0x6d,0x69,0x63,
  0x20,0x6d,0x61,0x73,0x73,0x20,0x6f,0x66,0x20,0x73,0x63,0x61,0x6e,0x64,0x69,0x75,
  0x6d,0x20,0x69,0x73,0x20,0x34,0x34,0x2e,0x39,0x35,0x36,0x20,0x61,0x74,0x6f,0x6d,
  0x69,0x63,0x20,0x6d,0x61,0x73,0x73,0x20,0x75,0x6e,0x69,0x74,0x73,0x2e,0x24,0x00,
  0x54,0x68,0x65,0x20,0x61,0x74,0x6f,0x6d,0x69,0x63,0x20,0x6e,0x75,0x6d,0x62,0x65,
  0x72,0x20,0x6f,0x66,0x20,0x73,0x63,0x61,0x6e,0x64,0x69,0x75,0x6d,0x20,0x69,0x73,
  0x20,0x32,0x31,0x2e,0x0f,0x73,0x63,0x61,0x6e,0x64,0x69,0x75,0x6d,0x20,0x61,0x74,
  0x6f,0x6d,0x69,0x63,0x02,0x38,0x00,0x54,0x68,0x65,0x20,0x61,0x74,0x6f,0x6d,0x69,
  0x63,0x20,0x6d,0x61,0x73,0x73,0x20,0x6f,0x66,0x20,0x73,0x63,0x61,0x6e,0x64,0x69,
  0x75,0x6d,0x20,0x69,0x73,0x20,0x34,0x34,0x2e,0x39,0x35,0x36,0x20,0x61,0x74,0x6f,
  0x6d,0x69,0x63,0x20,0x6d,0x61,0x73,0x73,0x20,0x75,0x6e,0x69,0x74,0x73,0x2e,0x24,
  0x00,0x54,0x68,0x65,0x20,0x61,0x74,0x6f,0x6d,0x69,0x63,0x20,0x6e,0x75,0x6d,0x62,
  0x65,0x72,0x20,0x6f,0x66,0x20,0x73,0x63,0x61,0x6e,0x64,0x69,0x75,0x6d,0x20,0x69,
  0x73,0x20,0x32,0x31,0x2e,0x14,0x73,0x63,0x61,0x6e,0x64,0x69,0x75,0x6d,0x20,0x61,
  0x74,0x6f,0x6d,0x69,0x63,0x20,0x6d,0x61,0x73,0x73,0x01,0x38,0x00,0x54,0x68,0x65,
  0x20,0x61,0x74,0x6f,0x6d,0x69,0x63,0x20,0x6d,0x61,0x73,0x73,0x20,0x6f,0x66,0x20,
  0x73,0x63,0x61,0x6e,0x64,0x69,0x75,0x6d,0x20,0x69,0x73,0x20,0x34,0x34,0x2e,0x39,
  0x35,0x36,0x20,0x61,0x74,0x6f,0x6d,0x69,0x63,0x20,0x6d,0x61,0x73,0x73,0x20,0x75,
  0x6e,0x69,0x74,0x73,0x2e,0x16,0x73,0x63,0x61,0x6e,0x64,0x69,0x75,0x6d,0x20,0x61,
  0x74,0x6f,0x6d,0x69,0x63,0x20,0x6e,0x75,0x6d,0x62,0x65,0x72,0x01,0x24,0x00,0x54,
  0x68,0x65,0x20,0x61,0x74,0x6f,0x6d,0x69,0x63,0x20,0x6e,0x75,0x6d,0x62,0x65,0x72,
  0x20,0x6f,0x66,0x20,0x73,0x63,0x61,0x6e,0x64,0x69,0x75,0x6d,0x20,0x69,0x73,0x20,
  0x32,0x31,0x2e,0x0d,0x73,0x63,0x61,0x6e,0x64,0x69,0x75,0x6d,0x20,0x6d,0x61,0x73,
  0x73,0x01,0x38,0x00,0x54,0x68,0x65,0x20,0x61,0x74,0x6f,0x6d,0x69,0x63,0x20,0x6d,
  0x61,0x73,0x73,0x20,0x6f,0x66,0x20,0x73,0x63,0x61,0x6e,0x64,0x69,0x75,0x6d,0x20,
  0x69,0x73,0x20,0x34,0x34,0x2e,0x39,0x35,0x36,0x20,0x61,0x74,0x6f,0x6d,0x69,0x63,
  0x20,0x6d,0x61,0x73,0x73,0x20,0x75,0x6e,0x69,0x74,0x73,0x2e,0x0f,0x73,0x63,0x61,
  0x6e,0x64,0x69,0x75,0x6d,0x20,0x6e,0x75,0x6d,0x62,0x65,0x72,0x01,0x24,0x00,0x54,
  0x68,0x65,0x20,0x61,0x74,0x6f,0x6d,0x69,0x63,0x20,0x6e,0x75,0x6d,0x62,0x65,0x72,
  0x20,0x6f,0x66,0x20,0x73,0x63,0x61,0x6e,0x64,0x69,0x75,0x6d,0x20,0x69,0x73,0x20,
  0x32,0x31,0x2e,0x08,0x73,0x63,0x68,0x6f,0x74,0x74,0x6b,0x79,0x01,0x3f,0x00,0x41,
  0x20,0x53,0x63,0x68,0x6f,0x74,0x74,0x6b,0x79,0x20,0x64,0x69,0x6f,0x64,0x65,0x20,
  0x68,0x61,0x73,0x20,0x61,0x20,0x66,0x6f,0x72,0x77,0x61,0x72,0x64,0x20,0x76,0x6f,
  0x6c,0x74,0x61,0x67,0x65,0x20,0x64,0x72,0x6f,0x70,0x20,0x6f,0x66,0x20,0x61,0x62,
  0x6f,0x75,0x74,0x20,0x30,0x2e,0x33,0x20,0x76,0x6f,0x6c,0x74,0x73,0x2e,0x0e,0x73,
  0x63,0x68,0x6f,0x74,0x74,0x6b,0x79,0x20,0x64,0x69,0x6f,0x64,0x65,0x01,0x3f,0x00,
  0x41,0x20,0x53,0x63,0x68,0x6f,0x74,0x74,0x6b,0x79,0x20,0x64,0x69,0x6f,0x64,0x65,
  0x20,0x68,0x61,0x73,0x20,0x61,0x20,0x66,0x6f,0x72,0x77,0x61,0x72,0x64,0x20,0x76,
  0x6f,0x6c,0x74,0x61,0x67,0x65,0x20,0x64,0x72,0x6f,0x70,0x20,0x6f,0x66,0x20,0x61,
  0x62,0x6f,0x75,0x74,0x20,0x30,0x2e,0x33,0x20,0x76,0x6f,0x6c,0x74,0x73,0x2e,0x06,
  0x73,0x65,0x63,0x6f,0x6e,0x64,0x01,0x25,0x00,0x46,0x6f,0x72,0x63,0x65,0x20,0x65,
  0x71,0x75,0x61,0x6c,0x73,0x20,0x6d,0x61,0x73,0x73,0x20,0x74,0x69,0x6d,0x65,0x73,
  0x20,0x61,0x63,0x63,0x65,0x6c,0x65,0x72,0x61,0x74,0x69,0x6f,0x6e,0x2e,0x0a,0x73,
  0x65,0x63,0x6f,0x6e,0x64,0x20,0x6c,0x61,0x77,0x01,0x25,0x00,0x46,0x6f,0x72,0x63,
  0x65,0x20,0x65,0x71,0x75,0x61,0x6c,0x73,0x20,0x6d,0x61,0x73,0x73,0x20,0x74,0x69,
  0x6d,0x65,0x73,0x20,0x61,0x63,0x63,0x65,0x6c,0x65,0x72,0x61,0x74,0x69,0x6f,0x6e,
  0x2e,0x06,0x73,0x65,0x6c,0x65,0x63,0x74,0x01,0x42,0x00,0x53,0x50,0x49,0x20,0x75,
  0x73,0x65,0x73,0x20,0x66,0x6f,0x75,0x72,0x20,0x77,0x69,0x72,0x65,0x73,0x3a,0x20,
  0x4d,0x4f,0x53,0x49,0x2c,0x20,0x4d,0x49,0x53,0x4f,0x2c,0x20,0x53,0x43,0x4b,0x20,
  0x61,0x6e,0x64,0x20,0x61,0x20,0x63,0x68,0x69,0x70,0x20,0x73,0x65,0x6c,0x65,0x63,
  0x74,0x20,0x70,0x65,0x72,0x20,0x64,0x65,0x76,0x69,0x63,0x65,0x2e,0x08,0x73,0x65,
  0x6c,0x65,0x6e,0x69,0x75,0x6d,0x03,0x41,0x00,0x53,0x65,0x6c,0x65,0x6e,0x69,0x75,
  0x6d,0x20,0x68,0x61,0x73,0x20,0x73,0x79,0x6d,0x62,0x6f,0x6c,0x20,0x53,0x65,0x2c,
  0x20,0x61,0x74,0x6f,0x6d,0x69,0x63,0x20,0x6e,0x75,0x6d,0x62,0x65,0x72,0x20,0x33,
  0x34,0x2c,0x20,0x61,0x6e,0x64,0x20,0x61,0x74,0x6f,0x6d,0x69,0x63,0x20,0x6d,0x61,
  0x73,0x73,0x20,0x37,0x38,0x2e,0x39,0x37,0x31,0x2e,0x38,0x00,0x54,0x68,0x65,0x20,
  0x61,0x74,0x6f,0x6d,0x69,0x63,0x20,0x6d,0x61,0x73,0x73,0x20,0x6f,0x66,0x20,0x73,
  0x65,0x6c,0x65,0x6e,0x69,0x75,0x6d,0x20,0x69,0x73,0x20,0x37,0x38,0x2e,0x39,0x37,
  0x31,0x20,0x61,0x74,0x6f,0x6d,0x69,0x63,0x20,0x6d,0x61,0x73,0x73,0x20,0x75,0x6e,
  0x69,0x74,0x73,0x2e,0x24,0x00,0x54,0x68,0x65,0x20,0x61,0x74,0x6f,0x6d,0x69,0x63,
  0x20,0x6e,0x75,0x6d,0x62,0x65,0x72,0x20,0x6f,0x66,0x20,0x73,0x65,0x6c,0x65,0x6e,
  0x69,0x75,0x6d,0x20,0x69,0x73,0x20,0x33,0x34,0x2e,0x0f,0x73,0x65,0x6c,0x65,0x6e,
  0x69,0x75,0x6d,0x20,0x61,0x74,0x6f,0x6d,0x69,0x63,0x02,0x38,0x00,0x54,0x68,0x65,
  0x20,0x61,0x74,0x6f,0x6d,0x69,0x63,0x20,0x6d,0x61,0x73,0x73,0x20,0x6f,0x66,0x20,
  0x73,0x65,0x6c,0x65,0x6e,0x69,0x75,0x6d,0x20,0x69,0x73,0x20,0x37,0x38,0x2e,0x39,
  0x37,0x31,0x20,0x61,0x74,0x6f,0x6d,0x69,0x63,0x20,0x6d,0x61,0x73,0x73,0x20,0x75,
  0x6e,0x69,0x74,0x73,0x2e,0x24,0x00,0x54,0x68,0x65,0x20,0x61,0x74,0x6f,0x6d,0x69,
  0x63,0x20,0x6e,0x75,0x6d,0x62,0x65,0x72,0x20,0x6f,0x66,0x20,0x73,0x65,0x6c,0x65,
  0x6e,0x69,0x75,0x6d,0x20,0x69,0x73,0x20,0x33,0x34,0x2e,0x14,0x73,0x65,0x6c,0x65,
  0x6e,0x69,0x75,0x6d,0x20,0x61,0x74,0x6f,0x6d,0x69,0x63,0x20,0x6d,0x61,0x73,0x73,
  0x01,0x38,0x00,0x54,0x68,0x65,0x20,0x61,0x74,0x6f,0x6d,0x69,0x63,0x20,0x6d,0x61,
  0x73,0x73,0x20,0x6f,0x66,0x20,0x73,0x65,0x6c,0x65,0x6e,0x69,0x75,0x6d,0x20,0x69,
  0x73,0x20,0x37,0x38,0x2e,0x39,0x37,0x31,0x20,0x61,0x74,0x6f,0x6d,0x69,0x63,0x20,
  0x6d,0x61,0x73,0x73,0x20,0x75,0x6e,0x69,0x74,0x73,0x2e,0x16,0x73,0x65,0x6c,0x65,
  0x6e,0x69,0x75,0x6d,0x20,0x61,0x74,0x6f,0x6d,0x69,0x63,0x20,0x6e,0x75,0x6d,0x62,
  0x65,0x72,0x01,0x24,0x00,0x54,0x68,0x65,0x20,0x61,0x74,0x6f,0x6d,0x69,0x63,0x20,
  0x6e,0x75,0x6d,0x62,0x65,0x72,0x20,0x6f,0x66,0x20,0x73,0x65,0x6c,0x65,0x6e,0x69,
  0x75,0x6d,0x20,0x69,0x73,0x20,0x33,0x34,0x2e,0x0d,0x73,0x65,0x6c,0x65,0x6e,0x69,
  0x75,0x6d,0x20,0x6d,0x61,0x73,0x73,0x01,0x38,0x00,0x54,0x68,0x65,0x20,0x61,0x74,
  0x6f,0x6d,0x69,0x63,0x20,0x6d,0x61,0x73,0x73,0x20,0x6f,0x66,0x20,0x73,0x65,0x6c,
  0x65,0x6e,0x69,0x75,0x6d,0x20,0x69,0x73,0x20,0x37,0x38,0x2e,0x39,0x37,0x31,0x20,
  0x61,0x74,0x6f,0x6d,0x69,0x63,0x20,0x6d,0x61,0x73,0x73,0x20,0x75,0x6e,0x69,0x74,
  0x73,0x2e,0x0f,0x73,0x65,0x6c,0x65,0x6e,0x69,0x75,0x6d,0x20,0x6e,0x75,0x6d,0x62,
  0x65,0x72,0x01,0x24,0x00,0x54,0x68,0x65,0x20,0x61,0x74,0x6f,0x6d,0x69,0x63,0x20,
  0x6e,0x75,0x6d,0x62,0x65,0x72,0x20,0x6f,0x66,0x20,0x73,0x65,0x6c,0x65,0x6e,0x69,
  0x75,0x6d,0x20,0x69,0x73,0x20,0x33,0x34,0x2e,0x06,0x73,0x65,0x72,0x69,0x65,0x73,
  0x04,0x30,0x00,0x53,0x65,0x72,0x69,0x65,0x73,0x20,0x72,0x65,0x73,0x69,0x73,0x74,
  0x61,0x6e,0x63,0x65,0x20,0x69,0x73,0x20,0x74,0x68,0x65,0x20,0x73,0x75,0x6d,0x20,
  0x6f,0x66,0x20,0x74,0x68,0x65,0x20,0x72,0x65,0x73,0x69,0x73,0x74,0x61,0x6e,0x63,
  0x65,0x73,0x2e,0x4c,0x00,0x46,0x6f,0x72,0x20,0x74,0x77,0x6f,0x20,0x63,0x61,0x70,
  0x61,0x63,0x69,0x74,0x6f,0x72,0x73,0x20,0x69,0x6e,0x20,0x73,0x65,0x72,0x69,0x65,
  0x73,0x2c,0x20,0x63,0x61,0x70,0x61,0x63,0x69,0x74,0x61,0x6e,0x63,0x65,0x20,0x69,
  0x73,0x20,0x74,0x68,0x65,0x20,0x70,0x72,0x6f,0x64,0x75,0x63,0x74,0x20,0x64,0x69,
  0x76,0x69,0x64,0x65,0x64,0x20,0x62,0x79,0x20,0x74,0x68,0x65,0x20,0x73,0x75,0x6d,
  0x2e,0x82,0x00,0x54,0x68,0x65,0x20,0x45,0x32,0x34,0x20,0x72,0x65,0x73,0x69,0x73,
  0x74,0x6f,0x72,0x20,0x73,0x65,0x72,0x69,0x65,0x73,0x20,0x76,0x61,0x6c,0x75,0x65,
  0x73,0x20,0x61,0x72,0x65,0x20,0x31,0x30,0x2c,0x20,0x31,0x31,0x2c,0x20,0x31,0x32,
  0x2c,0x20,0x31,0x33,0x2c,0x20,0x31,0x35,0x2c,0x20,0x31,0x36,0x2c,0x20,0x31,0x38,
  0x2c,0x20,0x32,0x30,0x2c,0x20,0x32,0x32,0x2c,0x20,0x32,0x34,0x2c,0x20,0x32,0x37,
  0x2c,0x20,0x33,0x30,0x2c,0x20,0x33,0x33,0x2c,0x20,0x33,0x36,0x2c,0x20,0x33,0x39,
  0x2c,0x20,0x34,0x33,0x2c,0x20,0x34,0x37,0x2c,0x20,0x35,0x31,0x2c,0x20,0x35,0x36,
  0x2c,0x20,0x36,0x32,0x2c,0x20,0x36,0x38,0x2c,0x20,0x37,0x35,0x2c,0x20,0x38,0x32,
  0x2c,0x20,0x39,0x31,0x2e,0x52,0x00,0x54,0x68,0x65,0x20,0x45,0x31,0x32,0x20,0x72,
  0x65,0x73,0x69,0x73,0x74,0x6f,0x72,0x20,0x73,0x65,0x72,0x69,0x65,0x73,0x20,0x76,
  0x61,0x6c,0x75,0x65,0x73,0x20,0x61,0x72,0x65,0x20,0x31,0x30,0x2c,0x20,0x31,0x32,
  0x2c,0x20,0x31,0x35,0x2c,0x20,0x31,0x38,0x2c,0x20,0x32,0x32,0x2c,0x20,0x32,0x37,
  0x2c,0x20,0x33,0x33,0x2c,0x20,0x33,0x39,0x2c,0x20,0x34,0x37,0x2c,0x20,0x35,0x36,
  0x2c,0x20,0x36,0x38,0x2c,0x20,0x38,0x32,0x2e,0x12,0x73,0x65,0x72,0x69,0x65,0x73,
  0x20,0x63,0x61,0x70,0x61,0x63,0x69,0x74,0x61,0x6e,0x63,0x65,0x01,0x4c,0x00,0x46,
  0x6f,0x72,0x20,0x74,0x77,0x6f,0x20,0x63,0x61,0x70,0x61,0x63,0x69,0x74,0x6f,0x72,
  0x73,0x20,0x69,0x6e,0x20,0x73,0x65,0x72,0x69,0x65,0x73,0x2c,0x20,0x63,0x61,0x70,
  0x61,0x63,0x69,0x74,0x61,0x6e,0x63,0x65,0x20,0x69,0x73,0x20,0x74,0x68,0x65,0x20,
  0x70,0x72,0x6f,0x64,0x75,0x63,0x74,0x20,0x64,0x69,0x76,0x69,0x64,0x65,0x64,0x20,
  0x62,0x79,0x20,0x74,0x68,0x65,0x20,0x73,0x75,0x6d,0x2e,0x11,0x73,0x65,0x72,0x69,
  0x65,0x73,0x20,0x72,0x65,0x73,0x69,0x73,0x74,0x61,0x6e,0x63,0x65,0x01,0x30,0x00,
  0x53,0x65,0x72,0x69,0x65,0x73,0x20,0x72,0x65,0x73,0x69,0x73,0x74,0x61,0x6e,0x63,
  0x65,0x20,0x69,0x73,0x20,0x74,0x68,0x65,0x20,0x73,0x75,0x6d,0x20,0x6f,0x66,0x20,
  0x74,0x68,0x65,0x20,0x72,0x65,0x73,0x69,0x73,0x74,0x61,0x6e,0x63,0x65,0x73,0x2e,
  0x07,0x73,0x69,0x6c,0x69,0x63,0x6f,0x6e,0x04,0x40,0x00,0x53,0x69,0x6c,0x69,0x63,
  0x6f,0x6e,0x20,0x68,0x61,0x73,0x20,0x73,0x79,0x6d,0x62,0x6f,0x6c,0x20,0x53,0x69,
  0x2c,0x20,0x61,0x74,0x6f,0x6d,0x69,0x63,0x20,0x6e,0x75,0x6d,0x62,0x65,0x72,0x20,
  0x31,0x34,0x2c,0x20,0x61,0x6e,0x64,0x20,0x61,0x74,0x6f,0x6d,0x69,0x63,0x20,0x6d,
  0x61,0x73,0x73,0x20,0x32,0x38,0x2e,0x30,0x38,0x35,0x2e,0x37,0x00,0x54,0x68,0x65,
  0x20,0x61,0x74,0x6f,0x6d,0x69,0x63,0x20,0x6d,0x61,0x73,0x73,0x20,0x6f,0x66,0x20,
  0x73,0x69,0x6c,0x69,0x63,0x6f,0x6e,0x20,0x69,0x73,0x20,0x32,0x38,0x2e,0x30,0x38,
  0x35,0x20,0x61,0x74,0x6f,0x6d,0x69,0x63,0x20,0x6d,0x61,0x73,0x73,0x20,0x75,0x6e,
  0x69,0x74,0x73,0x2e,0x23,0x00,0x54,0x68,0x65,0x20,0x61,0x74,0x6f,0x6d,0x69,0x63,
  0x20,0x6e,0x75,0x6d,0x62,0x65,0x72,0x20,0x6f,0x66,0x20,0x73,0x69,0x6c,0x69,0x63,
  0x6f,0x6e,0x20,0x69,0x73,0x20,0x31,0x34,0x2e,0x3e,0x00,0x41,0x20,0x73,0x69,0x6c,
  0x69,0x63,0x6f,0x6e,0x20,0x64,0x69,0x6f,0x64,0x65,0x20,0x68,0x61,0x73,0x20,0x61,
  0x20,0x66,0x6f,0x72,0x77,0x61,0x72,0x64,0x20,0x76,0x6f,0x6c,0x74,0x61,0x67,0x65,
  0x20,0x64,0x72,0x6f,0x70,0x20,0x6f,0x66,0x20,0x61,0x62,0x6f,0x75,0x74,0x20,0x30,
  0x2e,0x37,0x20,0x76,0x6f,0x6c,0x74,0x73,0x2e,0x0e,0x73,0x69,0x6c,0x69,0x63,0x6f,
  0x6e,0x20,0x61,0x74,0x6f,0x6d,0x69,0x63,0x02,0x37,0x00,0x54,0x68,0x65,0x20,0x61,
  0x74,0x6f,0x6d,0x69,0x63,0x20,0x6d,0x61,0x73,0x73,0x20,0x6f,0x66,0x20,0x73,0x69,
  0x6c,0x69,0x63,0x6f,0x6e,0x20,0x69,0x73,0x20,0x32,0x38,0x2e,0x30,0x38,0x35,0x20,
  0x61,0x74,0x6f,0x6d,0x69,0x63,0x20,0x6d,0x61,0x73,0x73,0x20,0x75,0x6e,0x69,0x74,
  0x73,0x2e,0x23,0x00,0x54,0x68,0x65,0x20,0x61,0x74,0x6f,0x6d,0x69,0x63,0x20,0x6e,
  0x75,0x6d,0x62,0x65,0x72,0x20,0x6f,0x66,0x20,0x73,0x69,0x6c,0x69,0x63,0x6f,0x6e,
  0x20,0x69,0x73,0x20,0x31,0x34,0x2e,0x13,0x73,0x69,0x6c,0x69,0x63,0x6f,0x6e,0x20,
  0x61,0x74,0x6f,0x6d,0x69,0x63,0x20,0x6d,0x61,0x73,0x73,0x01,0x37,0x00,0x54,0x68,
  0x65,0x20,0x61,0x74,0x6f,0x6d,0x69,0x63,0x20,0x6d,0x61,0x73,0x73,0x20,0x6f,0x66,
  0x20,0x73,0x69,0x6c,0x69,0x63,0x6f,0x6e,0x20,0x69,0x73,0x20,0x32,0x38,0x2e,0x30,
  0x38,0x35,0x20,0x61,0x74,0x6f,0x6d,0x69,0x63,0x20,0x6d,0x61,0x73,0x73,0x20,0x75,
  0x6e,0x69,0x74,0x73,0x2e,0x15,0x73,0x69,0x6c,0x69,0x63,0x6f,0x6e,0x20,0x61,0x74,
  0x6f,0x6d,0x69,0x63,0x20,0x6e,0x75,0x6d,0x62,0x65,0x72,0x01,0x23,0x00,0x54,0x68,
  0x65,0x20,0x61,0x74,0x6f,0x6d,0x69,0x63,0x20,0x6e,0x75,0x6d,0x62,0x65,0x72,0x20,
  0x6f,0x66,0x20,0x73,0x69,0x6c,0x69,0x63,0x6f,0x6e,0x20,0x69,0x73,0x20,0x31,0x34,
  0x2e,0x0d,0x73,0x69,0x6c,0x69,0x63,0x6f,0x6e,0x20,0x64,0x69,0x6f,0x64,0x65,0x01,
  0x3e,0x00,0x41,0x20,0x73,0x69,0x6c,0x69,0x63,0x6f,0x6e,0x20,0x64,0x69,0x6f,0x64,
  0x65,0x20,0x68,0x61,0x73,0x20,0x61,0x20,0x66,0x6f,0x72,0x77,0x61,0x72,0x64,0x20,
  0x76,0x6f,0x6c,0x74,0x61,0x67,0x65,0x20,0x64,0x72,0x6f,0x70,0x20,0x6f,0x66,0x20,
  0x61,0x62,0x6f,0x75,0x74,0x20,0x30,0x2e,0x37,0x20,0x76,0x6f,0x6c,0x74,0x73,0x2e,
  0x0c,0x73,0x69,0x6c,0x69,0x63,0x6f,0x6e,0x20,0x6d,0x61,0x73,0x73,0x01,0x37,0x00,
  0x54,0x68,0x65,0x20,0x61,0x74,0x6f,0x6d,0x69,0x63,0x20,0x6d,0x61,0x73,0x73,0x20,
  0x6f,0x66,0x20,0x73,0x69,0x6c,0x69,0x63,0x6f,0x6e,0x20,0x69,0x73,0x20,0x32,0x38,
  0x2e,0x30,0x38,0x35,0x20,0x61,0x74,0x6f,0x6d,0x69,0x63,0x20,0x6d,0x61,0x73,0x73,
  0x20,0x75,0x6e,0x69,0x74,0x73,0x2e,0x0e,0x73,0x69,0x6c,0x69,0x63,0x6f,0x6e,0x20,
  0x6e,0x75,0x6d,0x62,0x65,0x72,0x01,0x23,0x00,0x54,0x68,0x65,0x20,0x61,0x74,0x6f,
  0x6d,0x69,0x63,0x20,0x6e,0x75,0x6d,0x62,0x65,0x72,0x20,0x6f,0x66,0x20,0x73,0x69,
  0x6c,0x69,0x63,0x6f,0x6e,0x20,0x69,0x73,0x20,0x31,0x34,0x2e,0x06,0x73,0x69,0x6c,
  0x76,0x65,0x72,0x04,0x29,0x00,0x41,0x20,0x73,0x69,0x6c,0x76,0x65,0x72,0x20,0x74,
  0x6f,0x6c,0x65,0x72,0x61,0x6e,0x63,0x65,0x20,0x62,0x61,0x6e,0x64,0x20,0x6d,0x65,
  0x61,0x6e,0x73,0x20,0x31,0x30,0x20,0x70,0x65,0x72,0x63,0x65,0x6e,0x74,0x2e,0x39,
  0x00,0x54,0x68,0x65,0x20,0x64,0x65,0x6e,0x73,0x69,0x74,0x79,0x20,0x6f,0x66,0x20,
  0x73,0x69,0x6c,0x76,0x65,0x72,0x20,0x69,0x73,0x20,0x31,0x30,0x34,0x39,0x30,0x20,
  0x6b,0x69,0x6c,0x6f,0x67,0x72,0x61,0x6d,0x73,0x20,0x70,0x65,0x72,0x20,0x63,0x75,
  0x62,0x69,0x63,0x20,0x6d,0x65,0x74,0x72,0x65,0x2e,0x33,0x00,0x54,0x68,0x65,0x20,
  0x6d,0x65,0x6c,0x74,0x69,0x6e,0x67,0x20,0x70,0x6f,0x69,0x6e,0x74,0x20,0x6f,0x66,
  0x20,0x73,0x69,0x6c,0x76,0x65,0x72,0x20,0x69,0x73,0x20,0x39,0x36,0x32,0x20,0x64,
  0x65,0x67,0x72,0x65,0x65,0x73,0x20,0x43,0x65,0x6c,0x73,0x69,0x75,0x73,0x2e,0x33,
  0x00,0x54,0x68,0x65,0x20,0x72,0x65,0x73,0x69,0x73,0x74,0x69,0x76,0x69,0x74,0x79,
  0x20,0x6f,0x66,0x20,0x73,0x69,0x6c,0x76,0x65,0x72,0x20,0x69,0x73,0x20,0x31,0x2e,
  0x35,0x39,0x65,0x2d,0x38,0x20,0x6f,0x68,0x6d,0x20,0x6d,0x20,0x61,0x74,0x20,0x32,
  0x30,0x20,0x43,0x2e,0x0b,0x73,0x69,0x6c,0x76,0x65,0x72,0x20,0x62,0x61,0x6e,0x64,
  0x01,0x29,0x00,0x41,0x20,0x73,0x69,0x6c,0x76,0x65,0x72,0x20,0x74,0x6f,0x6c,0x65,
  0x72,0x61,0x6e,0x63,0x65,0x20,0x62,0x61,0x6e,0x64,0x20,0x6d,0x65,0x61,0x6e,0x73,
  0x20,0x31,0x30,0x20,0x70,0x65,0x72,0x63,0x65,0x6e,0x74,0x2e,0x0e,0x73,0x69,0x6c,
  0x76,0x65,0x72,0x20,0x64,0x65,0x6e,0x73,0x69,0x74,0x79,0x01,0x39,0x00,0x54,0x68,
  0x65,0x20,0x64,0x65,0x6e,0x73,0x69,0x74,0x79,0x20,0x6f,0x66,0x20,0x73,0x69,0x6c,
  0x76,0x65,0x72,0x20,0x69,0x73,0x20,0x31,0x30,0x34,0x39,0x30,0x20,0x6b,0x69,0x6c,
  0x6f,0x67,0x72,0x61,0x6d,0x73,0x20,0x70,0x65,0x72,0x20,0x63,0x75,0x62,0x69,0x63,
  0x20,0x6d,0x65,0x74,0x72,0x65,0x2e,0x0e,0x73,0x69,0x6c,0x76,0x65,0x72,0x20,0x6d,
  0x65,0x6c,0x74,0x69,0x6e,0x67,0x01,0x33,0x00,0x54,0x68,0x65,0x20,0x6d,0x65,0x6c,
  0x74,0x69,0x6e,0x67,0x20,0x70,0x6f,0x69,0x6e,0x74,0x20,0x6f,0x66,0x20,0x73,0x69,
  0x6c,0x76,0x65,0x72,0x20,0x69,0x73,0x20,0x39,0x36,0x32,0x20,0x64,0x65,0x67,0x72,
  0x65,0x65,0x73,0x20,0x43,0x65,0x6c,0x73,0x69,0x75,0x73,0x2e,0x14,0x73,0x69,0x6c,
  0x76,0x65,0x72,0x20,0x6d,0x65,0x6c,0x74,0x69,0x6e,0x67,0x20,0x70,0x6f,0x69,0x6e,
  0x74,0x01,0x33,0x00,0x54,0x68,0x65,0x20,0x6d,0x65,0x6c,0x74,0x69,0x6e,0x67,0x20,
  0x70,0x6f,0x69,0x6e,0x74,0x20,0x6f,0x66,0x20,0x73,0x69,0x6c,0x76,0x65,0x72,0x20,
  0x69,0x73,0x20,0x39,0x36,0x32,0x20,0x64,0x65,0x67,0x72,0x65,0x65,0x73,0x20,0x43,
  0x65,0x6c,0x73,0x69,0x75,0x73,0x2e,0x0c,0x73,0x69,0x6c,0x76,0x65,0x72,0x20,0x70,
  0x6f,0x69,0x6e,0x74,0x01,0x33,0x00,0x54,0x68,0x65,0x20,0x6d,0x65,0x6c,0x74,0x69,
  0x6e,0x67,0x20,0x70,0x6f,0x69,0x6e,0x74,0x20,0x6f,0x66,0x20,0x73,0x69,0x6c,0x76,
  0x65,0x72,0x20,0x69,0x73,0x20,0x39,0x36,0x32,0x20,0x64,0x65,0x67,0x72,0x65,0x65,
  0x73,0x20,0x43,0x65,0x6c,0x73,0x69,0x75,0x73,0x2e,0x12,0x73,0x69,0x6c,0x76,0x65,
  0x72,0x20,0x72,0x65,0x73,0x69,0x73,0x74,0x69,0x76,0x69,0x74,0x79,0x01,0x33,0x00,
  0x54,0x68,0x65,0x20,0x72,0x65,0x73,0x69,0x73,0x74,0x69,0x76,0x69,0x74,0x79,0x20,
  0x6f,0x66,0x20,0x73,0x69,0x6c,0x76,0x65,0x72,0x20,0x69,0x73,0x20,0x31,0x2e,0x35,
  0x39,0x65,0x2d,0x38,0x20,0x6f,0x68,0x6d,0x20,0x6d,0x20,0x61,0x74,0x20,0x32,0x30,
  0x20,0x43,0x2e,0x06,0x73,0x6e,0x65,0x6c,0x6c,0x73,0x01,0x56,0x00,0x54,0x68,0x65,
  0x20,0x72,0x65,0x66,0x72,0x61,0x63,0x74,0x69,0x76,0x65,0x20,0x69,0x6e,0x64,0x65,
  0x78,0x20,0x74,0x69,0x6d,0x65,0x73,0x20,0x74,0x68,0x65,0x20,0x73,0x69,0x6e,0x65,
  0x20,0x6f,0x66,0x20,0x74,0x68,0x65,0x20,0x61,0x6e,0x67,0x6c,0x65,0x20,0x69,0x73,
  0x20,0x65,0x71,0x75,0x61,0x6c,0x20,0x6f,0x6e,0x20,0x62,0x6f,0x74,0x68,0x20,0x73,
  0x69,0x64,0x65,0x73,0x20,0x6f,0x66,0x20,0x61,0x20,0x62,0x6f,0x75,0x6e,0x64,0x61,
  0x72,0x79,0x2e,0x0a,0x73,0x6e,0x65,0x6c,0x6c,0x73,0x20,0x6c,0x61,0x77,0x01,0x56,
  0x00,0x54,0x68,0x65,0x20,0x72,0x65,0x66,0x72,0x61,0x63,0x74,0x69,0x76,0x65,0x20,
  0x69,0x6e,0x64,0x65,0x78,0x20,0x74,0x69,0x6d,0x65,0x73,0x20,0x74,0x68,0x65,0x20,
  0x73,0x69,0x6e,0x65,0x20,0x6f,0x66,0x20,0x74,0x68,0x65,0x20,0x61,0x6e,0x67,0x6c,
  0x65,0x20,0x69,0x73,0x20,0x65,0x71,0x75,0x61,0x6c,0x20,0x6f,0x6e,0x20,0x62,0x6f,
  0x74,0x68,0x20,0x73,0x69,0x64,0x65,0x73,0x20,0x6f,0x66,0x20,0x61,0x20,0x62,0x6f,
  0x75,0x6e,0x64,0x61,0x72,0x79,0x2e,0x06,0x73,0x6f,0x64,0x69,0x75,0x6d,0x03,0x3e,
  0x00,0x53,0x6f,0x64,0x69,0x75,0x6d,0x20,0x68,0x61,0x73,0x20,0x73,0x79,0x6d,0x62,
  0x6f,0x6c,0x20,0x4e,0x61,0x2c,0x20,0x61,0x74,0x6f,0x6d,0x69,0x63,0x20,0x6e,0x75,
  0x6d,0x62,0x65,0x72,0x20,0x31,0x31,0x2c,0x20,0x61,0x6e,0x64,0x20,0x61,0x74,0x6f,
  0x6d,0x69,0x63,0x20,0x6d,0x61,0x73,0x73,0x20,0x32,0x32,0x2e,0x39,0x39,0x2e,0x35,
  0x00,0x54,0x68,0x65,0x20,0x61,0x74,0x6f,0x6d,0x69,0x63,0x20,0x6d,0x61,0x73,0x73,
  0x20,0x6f,0x66,0x20,0x73,0x6f,0x64,0x69,0x75,0x6d,0x20,0x69,0x73,0x20,0x32,0x32,
  0x2e,0x39,0x39,0x20,0x61,0x74,0x6f,0x6d,0x69,0x63,0x20,0x6d,0x61,0x73,0x73,0x20,
  0x75,0x6e,0x69,0x74,0x73,0x2e,0x22,0x00,0x54,0x68,0x65,0x20,0x61,0x74,0x6f,0x6d,
  0x69,0x63,0x20,0x6e,0x75,0x6d,0x62,0x65,0x72,0x20,0x6f,0x66,0x20,0x73,0x6f,0x64,
  0x69,0x75,0x6d,0x20,0x69,0x73,0x20,0x31,0x31,0x2e,0x0d,0x73,0x6f,0x64,0x69,0x75,
  0x6d,0x20,0x61,0x74,0x6f,0x6d,0x69,0x63,0x02,0x35,0x00,0x54,0x68,0x65,0x20,0x61,
  0x74,0x6f,0x6d,0x69,0x63,0x20,0x6d,0x61,0x73,0x73,0x20,0x6f,0x66,0x20,0x73,0x6f,
  0x64,0x69,0x75,0x6d,0x20,0x69,0x73,0x20,0x32,0x32,0x2e,0x39,0x39,0x20,0x61,0x74,
  0x6f,0x6d,0x69,0x63,0x20,0x6d,0x61,0x73,0x73,0x20,0x75,0x6e,0x69,0x74,0x73,0x2e,
  0x22,0x00,0x54,0x68,0x65,0x20,0x61,0x74,0x6f,0x6d,0x69,0x63,0x20,0x6e,0x75,0x6d,
  0x62,0x65,0x72,0x20,0x6f,0x66,0x20,0x73,0x6f,0x64,0x69,0x75,0x6d,0x20,0x69,0x73,
  0x20,0x31,0x31,0x2e,0x12,0x73,0x6f,0x64,0x69,0x75,0x6d,0x20,0x61,0x74,0x6f,0x6d,
  0x69,0x63,0x20,0x6d,0x61,0x73,0x73,0x01,0x35,0x00,0x54,0x68,0x65,0x20,0x61,0x74,
  0x6f,0x6d,0x69,0x63,0x20,0x6d,0x61,0x73,0x73,0x20,0x6f,0x66,0x20,0x73,0x6f,0x64,
  0x69,0x75,0x6d,0x20,0x69,0x73,0x20,0x32,0x32,0x2e,0x39,0x39,0x20,0x61,0x74,0x6f,
  0x6d,0x69,0x63,0x20,0x6d,0x61,0x73,0x73,0x20,0x75,0x6e,0x69,0x74,0x73,0x2e,0x14,
  0x73,0x6f,0x64,0x69,0x75,0x6d,0x20,0x61,0x74,0x6f,0x6d,0x69,0x63,0x20,0x6e,0x75,
  0x6d,0x62,0x65,0x72,0x01,0x22,0x00,0x54,0x68,0x65,0x20,0x61,0x74,0x6f,0x6d,0x69,
  0x63,0x20,0x6e,0x75,0x6d,0x62,0x65,0x72,0x20,0x6f,0x66,0x20,0x73,0x6f,0x64,0x69,
  0x75,0x6d,0x20,0x69,0x73,0x20,0x31,0x31,0x2e,0x0b,0x73,0x6f,0x64,0x69,0x75,0x6d,
  0x20,0x6d,0x61,0x73,0x73,0x01,0x35,0x00,0x54,0x68,0x65,0x20,0x61,0x74,0x6f,0x6d,
  0x69,0x63,0x20,0x6d,0x61,0x73,0x73,0x20,0x6f,0x66,0x20,0x73,0x6f,0x64,0x69,0x75,
  0x6d,0x20,0x69,0x73,0x20,0x32,0x32,0x2e,0x39,0x39,0x20,0x61,0x74,0x6f,0x6d,0x69,
  0x63,0x20,0x6d,0x61,0x73,0x73,0x20,0x75,0x6e,0x69,0x74,0x73,0x2e,0x0d,0x73,0x6f,
  0x64,0x69,0x75,0x6d,0x20,0x6e,0x75,0x6d,0x62,0x65,0x72,0x01,0x22,0x00,0x54,0x68,
  0x65,0x20,0x61,0x74,0x6f,0x6d,0x69,0x63,0x20,0x6e,0x75,0x6d,0x62,0x65,0x72,0x20,
  0x6f,0x66,0x20,0x73,0x6f,0x64,0x69,0x75,0x6d,0x20,0x69,0x73,0x20,0x31,0x31,0x2e,
  0x06,0x73,0x6f,0x6c,0x64,0x65,0x72,0x01,0x33,0x00,0x54,0x68,0x65,0x20,0x6d,0x65,
  0x6c,0x74,0x69,0x6e,0x67,0x20,0x70,0x6f,0x69,0x6e,0x74,0x20,0x6f,0x66,0x20,0x73,
  0x6f,0x6c,0x64,0x65,0x72,0x20,0x69,0x73,0x20,0x31,0x38,0x38,0x20,0x64,0x65,0x67,
  0x72,0x65,0x65,0x73,0x20,0x43,0x65,0x6c,0x73,0x69,0x75,0x73,0x2e,0x0e,0x73,0x6f,
  0x6c,0x64,0x65,0x72,0x20,0x6d,0x65,0x6c,0x74,0x69,0x6e,0x67,0x01,0x33,0x00,0x54,
  0x68,0x65,0x20,0x6d,0x65,0x6c,0x74,0x69,0x6e,0x67,0x20,0x70,0x6f,0x69,0x6e,0x74,
  0x20,0x6f,0x66,0x20,0x73,0x6f,0x6c,0x64,0x65,0x72,0x20,0x69,0x73,0x20,0x31,0x38,
  0x38,0x20,0x64,0x65,0x67,0x72,0x65,0x65,0x73,0x20,0x43,0x65,0x6c,0x73,0x69,0x75,
  0x73,0x2e,0x05,0x73,0x6f,0x75,0x6e,0x64,0x02,0x37,0x00,0x54,0x68,0x65,0x20,0x73,
  0x70,0x65,0x65,0x64,0x20,0x6f,0x66,0x20,0x73,0x6f,0x75,0x6e,0x64,0x20,0x69,0x6e,
  0x20,0x64,0x72,0x79,0x20,0x61,0x69,0x72,0x20,0x61,0x74,0x20,0x32,0x30,0x20,0x43,
  0x20,0x69,0x73,0x20,0x61,0x62,0x6f,0x75,0x74,0x20,0x33,0x34,0x33,0x20,0x6d,0x2f,
  0x73,0x2e,0x46,0x00,0x53,0x6f,0x75,0x6e,0x64,0x20,0x69,0x6e,0x74,0x65,0x6e,0x73,
  0x69,0x74,0x79,0x20,0x66,0x61,0x6c,0x6c,0x73,0x20,0x77,0x69,0x74,0x68,0x20,0x74,
  0x68,0x65,0x20,0x73,0x71,0x75,0x61,0x72,0x65,0x20,0x6f,0x66,0x20,0x74,0x68,0x65,
  0x20,0x64,0x69,0x73,0x74,0x61,0x6e,0x63,0x65,0x20,0x66,0x72,0x6f,0x6d,0x20,0x74,
  0x68,0x65,0x20,0x73,0x6f,0x75,0x72,0x63,0x65,0x2e,0x0f,0x73,0x6f,0x75,0x6e,0x64,
  0x20,0x69,0x6e,0x74,0x65,0x6e,0x73,0x69,0x74,0x79,0x01,0x46,0x00,0x53,0x6f,0x75,
  0x6e,0x64,0x20,0x69,0x6e,0x74,0x65,0x6e,0x73,0x69,0x74,0x79,0x20,0x66,0x61,0x6c,
  0x6c,0x73,0x20,0x77,0x69,0x74,0x68,0x20,0x74,0x68,0x65,0x20,0x73,0x71,0x75,0x61,
  0x72,0x65,0x20,0x6f,0x66,0x20,0x74,0x68,0x65,0x20,0x64,0x69,0x73,0x74,0x61,0x6e,
  0x63,0x65,0x20,0x66,0x72,0x6f,0x6d,0x20,0x74,0x68,0x65,0x20,0x73,0x6f,0x75,0x72,
  0x63,0x65,0x2e,0x08,0x73,0x70,0x65,0x63,0x69,0x66,0x69,0x63,0x02,0x4b,0x00,0x48,
  0x65,0x61,0x74,0x20,0x65,0x71,0x75,0x61,0x6c,0x73,0x20,0x6d,0x61,0x73,0x73,0x20,
  0x74,0x69,0x6d,0x65,0x73,0x20,0x73,0x70,0x65,0x63,0x69,0x66,0x69,0x63,0x20,0x68,
  0x65,0x61,0x74,0x20,0x63,0x61,0x70,0x61,0x63,0x69,0x74,0x79,0x20,0x74,0x69,0x6d,
  0x65,0x73,0x20,0x74,0x68,0x65,0x20,0x74,0x65,0x6d,0x70,0x65,0x72,0x61,0x74,0x75,
  0x72,0x65,0x20,0x63,0x68,0x61,0x6e,0x67,0x65,0x2e,0x35,0x00,0x54,0x68,0x65,0x20,
  0x73,0x70,0x65,0x63,0x69,0x66,0x69,0x63,0x20,0x68,0x65,0x61,0x74,0x20,0x63,0x61,
  0x70,0x61,0x63,0x69,0x74,0x79,0x20,0x6f,0x66,0x20,0x77,0x61,0x74,0x65,0x72,0x20,
  0x69,0x73,0x20,0x34,0x31,0x38,0x36,0x20,0x4a,0x2f,0x28,0x6b,0x67,0x20,0x4b,0x29,
  0x2e,0x10,0x73,0x70,0x65,0x63,0x69,0x66,0x69,0x63,0x20,0x66,0x6f,0x72,0x6d,0x75,
  0x6c,0x61,0x01,0x4b,0x00,0x48,0x65,0x61,0x74,0x20,0x65,0x71,0x75,0x61,0x6c,0x73,
  0x20,0x6d,0x61,0x73,0x73,0x20,0x74,0x69,0x6d,0x65,0x73,0x20,0x73,0x70,0x65,0x63,
  0x69,0x66,0x69,0x63,0x20,0x68,0x65,0x61,0x74,0x20,0x63,0x61,0x70,0x61,0x63,0x69,
  0x74,0x79,0x20,0x74,0x69,0x6d,0x65,0x73,0x20,0x74,0x68,0x65,0x20,0x74,0x65,0x6d,
  0x70,0x65,0x72,0x61,0x74,0x75,0x72,0x65,0x20,0x63,0x68,0x61,0x6e,0x67,0x65,0x2e,
  0x0d,0x73,0x70,0x65,0x63,0x69,0x66,0x69,0x63,0x20,0x68,0x65,0x61,0x74,0x02,0x35,
  0x00,0x54,0x68,0x65,0x20,0x73,0x70,0x65,0x63,0x69,0x66,0x69,0x63,0x20,0x68,0x65,
  0x61,0x74,0x20,0x63,0x61,0x70,0x61,0x63,0x69,0x74,0x79,0x20,0x6f,0x66,0x20,0x77,
  0x61,0x74,0x65,0x72,0x20,0x69,0x73,0x20,0x34,0x31,0x38,0x36,0x20,0x4a,0x2f,0x28,
  0x6b,0x67,0x20,0x4b,0x29,0x2e,0x4b,0x00,0x48,0x65,0x61,0x74,0x20,0x65,0x71,0x75,
  0x61,0x6c,0x73,0x20,0x6d,0x61,0x73,0x73,0x20,0x74,0x69,0x6d,0x65,0x73,0x20,0x73,
  0x70,0x65,0x63,0x69,0x66,0x69,0x63,0x20,0x68,0x65,0x61,0x74,0x20,0x63,0x61,0x70,
  0x61,0x63,0x69,0x74,0x79,0x20,0x74,0x69,0x6d,0x65,0x73,0x20,0x74,0x68,0x65,0x20,
  0x74,0x65,0x6d,0x70,0x65,0x72,0x61,0x74,0x75,0x72,0x65,0x20,0x63,0x68,0x61,0x6e,
  0x67,0x65,0x2e,0x15,0x73,0x70,0x65,0x63,0x69,0x66,0x69,0x63,0x20,0x68,0x65,0x61,
  0x74,0x20,0x66,0x6f,0x72,0x6d,0x75,0x6c,0x61,0x01,0x4b,0x00,0x48,0x65,0x61,0x74,
  0x20,0x65,0x71,0x75,0x61,0x6c,0x73,0x20,0x6d,0x61,0x73,0x73,0x20,0x74,0x69,0x6d,
  0x65,0x73,0x20,0x73,0x70,0x65,0x63,0x69,0x66,0x69,0x63,0x20,0x68,0x65,0x61,0x74,
  0x20,0x63,0x61,0x70,0x61,0x63,0x69,0x74,0x79,0x20,0x74,0x69,0x6d,0x65,0x73,0x20,
  0x74,0x68,0x65,0x20,0x74,0x65,0x6d,0x70,0x65,0x72,0x61,0x74,0x75,0x72,0x65,0x20,
  0x63,0x68,0x61,0x6e,0x67,0x65,0x2e,0x05,0x73,0x70,0x65,0x65,0x64,0x05,0x29,0x00,
  0x56,0x65,0x6c,0x6f,0x63,0x69,0x74,0x79,0x20,0x65,0x71,0x75,0x61,0x6c,0x73,0x20,
  0x64,0x69,0x73,0x74,0x61,0x6e,0x63,0x65,0x20,0x64,0x69,0x76,0x69,0x64,0x65,0x64,
  0x20,0x62,0x79,0x20,0x74,0x69,0x6d,0x65,0x2e,0x2d,0x00,0x57,0x61,0x76,0x65,0x20,
  0x73,0x70,0x65,0x65,0x64,0x20,0x65,0x71,0x75,0x61,0x6c,0x73,0x20,0x66,0x72,0x65,
  0x71,0x75,0x65,0x6e,0x63,0x79,0x20,0x74,0x69,0x6d,0x65,0x73,0x20,0x77,0x61,0x76,
  0x65,0x6c,0x65,0x6e,0x67,0x74,0x68,0x2e,0x2e,0x00,0x54,0x68,0x65,0x20,0x73,0x70,
  0x65,0x65,0x64,0x20,0x6f,0x66,0x20,0x6c,0x69,0x67,0x68,0x74,0x20,0x69,0x6e,0x20,
  0x76,0x61,0x63,0x75,0x75,0x6d,0x20,0x69,0x73,0x20,0x32,0x39,0x39,0x37,0x39,0x32,
  0x34,0x35,0x38,0x20,0x6d,0x2f,0x73,0x2e,0x37,0x00,0x54,0x68,0x65,0x20,0x73,0x70,
  0x65,0x65,0x64,0x20,0x6f,0x66,0x20,0x73,0x6f,0x75,0x6e,0x64,0x20,0x69,0x6e,0x20,
  0x64,0x72,0x79,0x20,0x61,0x69,0x72,0x20,0x61,0x74,0x20,0x32,0x30,0x20,0x43,0x20,
  0x69,0x73,0x20,0x61,0x62,0x6f,0x75,0x74,0x20,0x33,0x34,0x33,0x20,0x6d,0x2f,0x73,
  0x2e,0x3b,0x00,0x53,0x74,0x61,0x6e,0x64,0x61,0x72,0x64,0x20,0x49,0x32,0x43,0x20,
  0x72,0x75,0x6e,0x73,0x20,0x61,0x74,0x20,0x31,0x30,0x30,0x20,0x6b,0x48,0x7a,0x20,
  0x61,0x6e,0x64,0x20,0x66,0x61,0x73,0x74,0x20,0x6d,0x6f,0x64,0x65,0x20,0x72,0x75,
  0x6e,0x73,0x20,0x61,0x74,0x20,0x34,0x30,0x30,0x20,0x6b,0x48,0x7a,0x2e,0x0b,0x73,
  0x70,0x65,0x65,0x64,0x20,0x6c,0x69,0x67,0x68,0x74,0x01,0x2e,0x00,0x54,0x68,0x65,
  0x20,0x73,0x70,0x65,0x65,0x64,0x20,0x6f,0x66,0x20,0x6c,0x69,0x67,0x68,0x74,0x20,
  0x69,0x6e,0x20,0x76,0x61,0x63,0x75,0x75,0x6d,0x20,0x69,0x73,0x20,0x32,0x39,0x39,
  0x37,0x39,0x32,0x34,0x35,0x38,0x20,0x6d,0x2f,0x73,0x2e,0x08,0x73,0x70,0x65,0x65,
  0x64,0x20,0x6f,0x66,0x02,0x2e,0x00,0x54,0x68,0x65,0x20,0x73,0x70,0x65,0x65,0x64,
  0x20,0x6f,0x66,0x20,0x6c,0x69,0x67,0x68,0x74,0x20,0x69,0x6e,0x20,0x76,0x61,0x63,
  0x75,0x75,0x6d,0x20,0x69,0x73,0x20,0x32,0x39,0x39,0x37,0x39,0x32,0x34,0x35,0x38,
  0x20,0x6d,0x2f,0x73,0x2e,0x37,0x00,0x54,0x68,0x65,0x20,0x73,0x70,0x65,0x65,0x64,
  0x20,0x6f,0x66,0x20,0x73,0x6f,0x75,0x6e,0x64,0x20,0x69,0x6e,0x20,0x64,0x72,0x79,
  0x20,0x61,0x69,0x72,0x20,0x61,0x74,0x20,0x32,0x30,0x20,0x43,0x20,0x69,0x73,0x20,
  0x61,0x62,0x6f,0x75,0x74,0x20,0x33,0x34,0x33,0x20,0x6d,0x2f,0x73,0x2e,0x0e,0x73,
  0x70,0x65,0x65,0x64,0x20,0x6f,0x66,0x20,0x6c,0x69,0x67,0x68,0x74,0x01,0x2e,0x00,
  0x54,0x68,0x65,0x20,0x73,0x70,0x65,0x65,0x64,0x20,0x6f,0x66,0x20,0x6c,0x69,0x67,
  0x68,0x74,0x20,0x69,0x6e,0x20,0x76,0x61,0x63,0x75,0x75,0x6d,0x20,0x69,0x73,0x20,
  0x32,0x39,0x39,0x37,0x39,0x32,0x34,0x35,0x38,0x20,0x6d,0x2f,0x73,0x2e,0x0e,0x73,
  0x70,0x65,0x65,0x64,0x20,0x6f,0x66,0x20,0x73,0x6f,0x75,0x6e,0x64,0x01,0x37,0x00,
  0x54,0x68,0x65,0x20,0x73,0x70,0x65,0x65,0x64,0x20,0x6f,0x66,0x20,0x73,0x6f,0x75,
  0x6e,0x64,0x20,0x69,0x6e,0x20,0x64,0x72,0x79,0x20,0x61,0x69,0x72,0x20,0x61,0x74,
  0x20,0x32,0x30,0x20,0x43,0x20,0x69,0x73,0x20,0x61,0x62,0x6f,0x75,0x74,0x20,0x33,
  0x34,0x33,0x20,0x6d,0x2f,0x73,0x2e,0x0b,0x73,0x70,0x65,0x65,0x64,0x20,0x73,0x6f,
  0x75,0x6e,0x64,0x01,0x37,0x00,0x54,0x68,0x65,0x20,0x73,0x70,0x65,0x65,0x64,0x20,
  0x6f,0x66,0x20,0x73,0x6f,0x75,0x6e,0x64,0x20,0x69,0x6e,0x20,0x64,0x72,0x79,0x20,
  0x61,0x69,0x72,0x20,0x61,0x74,0x20,0x32,0x30,0x20,0x43,0x20,0x69,0x73,0x20,0x61,
  0x62,0x6f,0x75,0x74,0x20,0x33,0x34,0x33,0x20,0x6d,0x2f,0x73,0x2e,0x03,0x73,0x70,
  0x69,0x02,0x42,0x00,0x53,0x50,0x49,0x20,0x75,0x73,0x65,0x73,0x20,0x66,0x6f,0x75,
  0x72,0x20,0x77,0x69,0x72,0x65,0x73,0x3a,0x20,0x4d,0x4f,0x53,0x49,0x2c,0x20,0x4d,
  0x49,0x53,0x4f,0x2c,0x20,0x53,0x43,0x4b,0x20,0x61,0x6e,0x64,0x20,0x61,0x20,0x63,
  0x68,0x69,0x70,0x20,0x73,0x65,0x6c,0x65,0x63,0x74,0x20,0x70,0x65,0x72,0x20,0x64,
  0x65,0x76,0x69,0x63,0x65,0x2e,0x41,0x00,0x54,0x68,0x65,0x20,0x66,0x6f,0x75,0x72,
  0x20,0x53,0x50,0x49,0x20,0x6d,0x6f,0x64,0x65,0x73,0x20,0x61,0x72,0x65,0x20,0x73,
  0x65,0x74,0x20,0x62,0x79,0x20,0x74,0x68,0x65,0x20,0x63,0x6c,0x6f,0x63,0x6b,0x20,
  0x70,0x6f,0x6c,0x61,0x72,0x69,0x74,0x79,0x20,0x61,0x6e,0x64,0x20,0x63,0x6c,0x6f,
  0x63,0x6b,0x20,0x70,0x68,0x61,0x73,0x65,0x2e,0x09,0x73,0x70,0x69,0x20,0x6d,0x6f,
  0x64,0x65,0x73,0x01,0x41,0x00,0x54,0x68,0x65,0x20,0x66,0x6f,0x75,0x72,0x20,0x53,
  0x50,0x49,0x20,0x6d,0x6f,0x64,0x65,0x73,0x20,0x61,0x72,0x65,0x20,0x73,0x65,0x74,
  0x20,0x62,0x79,0x20,0x74,0x68,0x65,0x20,0x63,0x6c,0x6f,0x63,0x6b,0x20,0x70,0x6f,
  0x6c,0x61,0x72,0x69,0x74,0x79,0x20,0x61,0x6e,0x64,0x20,0x63,0x6c,0x6f,0x63,0x6b,
  0x20,0x70,0x68,0x61,0x73,0x65,0x2e,0x06,0x73,0x70,0x72,0x69,0x6e,0x67,0x02,0x3c,
  0x00,0x53,0x70,0x72,0x69,0x6e,0x67,0x20,0x66,0x6f,0x72,0x63,0x65,0x20,0x65,0x71,
  0x75,0x61,0x6c,0x73,0x20,0x74,0x68,0x65,0x20,0x73,0x70,0x72,0x69,0x6e,0x67,0x20,
  0x63,0x6f,0x6e,0x73,0x74,0x61,0x6e,0x74,0x20,0x74,0x69,0x6d,0x65,0x73,0x20,0x74,
  0x68,0x65,0x20,0x65,0x78,0x74,0x65,0x6e,0x73,0x69,0x6f,0x6e,0x2e,0x56,0x00,0x45,
  0x6e,0x65,0x72,0x67,0x79,0x20,0x73,0x74,0x6f,0x72,0x65,0x64,0x20,0x69,0x6e,0x20,
  0x61,0x20,0x73,0x70,0x72,0x69,0x6e,0x67,0x20,0x65,0x71,0x75,0x61,0x6c,0x73,0x20,
  0x68,0x61,0x6c,0x66,0x20,0x74,0x68,0x65,0x20,0x73,0x70,0x72,0x69,0x6e,0x67,0x20,
  0x63,0x6f,0x6e,0x73,0x74,0x61,0x6e,0x74,0x20,0x74,0x69,0x6d,0x65,0x73,0x20,0x74,
  0x68,0x65,0x20,0x65,0x78,0x74,0x65,0x6e,0x73,0x69,0x6f,0x6e,0x20,0x73,0x71,0x75,
  0x61,0x72,0x65,0x64,0x2e,0x0d,0x73,0x70,0x72,0x69,0x6e,0x67,0x20,0x65,0x6e,0x65,
  0x72,0x67,0x79,0x01,0x56,0x00,0x45,0x6e,0x65,0x72,0x67,0x79,0x20,0x73,0x74,0x6f,
  0x72,0x65,0x64,0x20,0x69,0x6e,0x20,0x61,0x20,0x73,0x70,0x72,0x69,0x6e,0x67,0x20,
  0x65,0x71,0x75,0x61,0x6c,0x73,0x20,0x68,0x61,0x6c,0x66,0x20,0x74,0x68,0x65,0x20,
  0x73,0x70,0x72,0x69,0x6e,0x67,0x20,0x63,0x6f,0x6e,0x73,0x74,0x61,0x6e,0x74,0x20,
  0x74,0x69,0x6d,0x65,0x73,0x20,0x74,0x68,0x65,0x20,0x65,0x78,0x74,0x65,0x6e,0x73,
  0x69,0x6f,0x6e,0x20,0x73,0x71,0x75,0x61,0x72,0x65,0x64,0x2e,0x0c,0x73,0x70,0x72,
  0x69,0x6e,0x67,0x20,0x66,0x6f,0x72,0x63,0x65,0x01,0x3c,0x00,0x53,0x70,0x72,0x69,
  0x6e,0x67,0x20,0x66,0x6f,0x72,0x63,0x65,0x20,0x65,0x71,0x75,0x61,0x6c,0x73,0x20,
  0x74,0x68,0x65,0x20,0x73,0x70,0x72,0x69,0x6e,0x67,0x20,0x63,0x6f,0x6e,0x73,0x74,
  0x61,0x6e,0x74,0x20,0x74,0x69,0x6d,0x65,0x73,0x20,0x74,0x68,0x65,0x20,0x65,0x78,
  0x74,0x65,0x6e,0x73,0x69,0x6f,0x6e,0x2e,0x04,0x73,0x72,0x61,0x6d,0x01,0x2e,0x00,
  0x53,0x52,0x41,0x4d,0x20,0x6c,0x6f,0x73,0x65,0x73,0x20,0x69,0x74,0x73,0x20,0x63,
  0x6f,0x6e,0x74,0x65,0x6e,0x74,0x73,0x20,0x77,0x68,0x65,0x6e,0x20,0x70,0x6f,0x77,
  0x65,0x72,0x20,0x69,0x73,0x20,0x72,0x65,0x6d,0x6f,0x76,0x65,0x64,0x2e,0x08,0x73,
  0x74,0x61,0x6e,0x64,0x61,0x72,0x64,0x01,0x21,0x00,0x53,0x74,0x61,0x6e,0x64,0x61,
  0x72,0x64,0x20,0x67,0x72,0x61,0x76,0x69,0x74,0x79,0x20,0x69,0x73,0x20,0x39,0x2e,
  0x38,0x30,0x36,0x36,0x35,0x20,0x6d,0x2f,0x73,0x32,0x2e,0x10,0x73,0x74,0x61,0x6e,
  0x64,0x61,0x72,0x64,0x20,0x67,0x72,0x61,0x76,0x69,0x74,0x79,0x01,0x21,0x00,0x53,
  0x74,0x61,0x6e,0x64,0x61,0x72,0x64,0x20,0x67,0x72,0x61,0x76,0x69,0x74,0x79,0x20,
  0x69,0x73,0x20,0x39,0x2e,0x38,0x30,0x36,0x36,0x35,0x20,0x6d,0x2f,0x73,0x32,0x2e,
  0x05,0x73,0x74,0x65,0x65,0x6c,0x03,0x37,0x00,0x54,0x68,0x65,0x20,0x64,0x65,0x6e,
  0x73,0x69,0x74,0x79,0x20,0x6f,0x66,0x20,0x73,0x74,0x65,0x65,0x6c,0x20,0x69,0x73,
  0x20,0x37,0x38,0x35,0x30,0x20,0x6b,0x69,0x6c,0x6f,0x67,0x72,0x61,0x6d,0x73,0x20,
  0x70,0x65,0x72,0x20,0x63,0x75,0x62,0x69,0x63,0x20,0x6d,0x65,0x74,0x72,0x65,0x2e,
  0x33,0x00,0x54,0x68,0x65,0x20,0x6d,0x65,0x6c,0x74,0x69,0x6e,0x67,0x20,0x70,0x6f,
  0x69,0x6e,0x74,0x20,0x6f,0x66,0x20,0x73,0x74,0x65,0x65,0x6c,0x20,0x69,0x73,0x20,
  0x31,0x34,0x32,0x35,0x20,0x64,0x65,0x67,0x72,0x65,0x65,0x73,0x20,0x43,0x65,0x6c,
  0x73,0x69,0x75,0x73,0x2e,0x36,0x00,0x54,0x68,0x65,0x20,0x59,0x6f,0x75,0x6e,0x67,
  0x27,0x73,0x20,0x6d,0x6f,0x64,0x75,0x6c,0x75,0x73,0x20,0x6f,0x66,0x20,0x73,0x74,
  0x65,0x65,0x6c,0x20,0x69,0x73,0x20,0x61,0x62,0x6f,0x75,0x74,0x20,0x32,0x30,0x30,
  0x20,0x67,0x69,0x67,0x61,0x70,0x61,0x73,0x63,0x61,0x6c,0x73,0x2e,0x0d,0x73,0x74,
  0x65,0x65,0x6c,0x20,0x64,0x65,0x6e,0x73,0x69,0x74,0x79,0x01,0x37,0x00,0x54,0x68,
  0x65,0x20,0x64,0x65,0x6e,0x73,0x69,0x74,0x79,0x20,0x6f,0x66,0x20,0x73,0x74,0x65,
  0x65,0x6c,0x20,0x69,0x73,0x20,0x37,0x38,0x35,0x30,0x20,0x6b,0x69,0x6c,0x6f,0x67,
  0x72,0x61,0x6d,0x73,0x20,0x70,0x65,0x72,0x20,0x63,0x75,0x62,0x69,0x63,0x20,0x6d,
  0x65,0x74,0x72,0x65,0x2e,0x0d,0x73,0x74,0x65,0x65,0x6c,0x20,0x6d,0x65,0x6c,0x74,
  0x69,0x6e,0x67,0x01,0x33,0x00,0x54,0x68,0x65,0x20,0x6d,0x65,0x6c,0x74,0x69,0x6e,
  0x67,0x20,0x70,0x6f,0x69,0x6e,0x74,0x20,0x6f,0x66,0x20,0x73,0x74,0x65,0x65,0x6c,
  0x20,0x69,0x73,0x20,0x31,0x34,0x32,0x35,0x20,0x64,0x65,0x67,0x72,0x65,0x65,0x73,
  0x20,0x43,0x65,0x6c,0x73,0x69,0x75,0x73,0x2e,0x13,0x73,0x74,0x65,0x65,0x6c,0x20,
  0x6d,0x65,0x6c,0x74,0x69,0x6e,0x67,0x20,0x70,0x6f,0x69,0x6e,0x74,0x01,0x33,0x00,
  0x54,0x68,0x65,0x20,0x6d,0x65,0x6c,0x74,0x69,0x6e,0x67,0x20,0x70,0x6f,0x69,0x6e,
  0x74,0x20,0x6f,0x66,0x20,0x73,0x74,0x65,0x65,0x6c,0x20,0x69,0x73,0x20,0x31,0x34,
  0x32,0x35,0x20,0x64,0x65,0x67,0x72,0x65,0x65,0x73,0x20,0x43,0x65,0x6c,0x73,0x69,
  0x75,0x73,0x2e,0x0d,0x73,0x74,0x65,0x65,0x6c,0x20,0x6d,0x6f,0x64,0x75,0x6c,0x75,
  0x73,0x01,0x36,0x00,0x54,0x68,0x65,0x20,0x59,0x6f,0x75,0x6e,0x67,0x27,0x73,0x20,
  0x6d,0x6f,0x64,0x75,0x6c,0x75,0x73,0x20,0x6f,0x66,0x20,0x73,0x74,0x65,0x65,0x6c,
  0x20,0x69,0x73,0x20,0x61,0x62,0x6f,0x75,0x74,0x20,0x32,0x30,0x30,0x20,0x67,0x69,
  0x67,0x61,0x70,0x61,0x73,0x63,0x61,0x6c,0x73,0x2e,0x0b,0x73,0x74,0x65,0x65,0x6c,
  0x20,0x70,0x6f,0x69,0x6e,0x74,0x01,0x33,0x00,0x54,0x68,0x65,0x20,0x6d,0x65,0x6c,
  0x74,0x69,0x6e,0x67,0x20,0x70,0x6f,0x69,0x6e,0x74,0x20,0x6f,0x66,0x20,0x73,0x74,
  0x65,0x65,0x6c,0x20,0x69,0x73,0x20,0x31,0x34,0x32,0x35,0x20,0x64,0x65,0x67,0x72,
  0x65,0x65,0x73,0x20,0x43,0x65,0x6c,0x73,0x69,0x75,0x73,0x2e,0x06,0x73,0x74,0x65,
  0x66,0x61,0x6e,0x01,0x3a,0x00,0x54,0x68,0x65,0x20,0x53,0x74,0x65,0x66,0x61,0x6e,
  0x2d,0x42,0x6f,0x6c,0x74,0x7a,0x6d,0x61,0x6e,0x6e,0x20,0x63,0x6f,0x6e,0x73,0x74,
  0x61,0x6e,0x74,0x20,0x69,0x73,0x20,0x35,0x2e,0x36,0x37,0x30,0x33,0x37,0x34,0x34,
  0x31,0x39,0x65,0x2d,0x38,0x20,0x57,0x2f,0x28,0x6d,0x32,0x20,0x4b,0x34,0x29,0x2e,
  0x10,0x73,0x74,0x65,0x66,0x61,0x6e,0x20,0x62,0x6f,0x6c,0x74,0x7a,0x6d,0x61,0x6e,
  0x6e,0x01,0x3a,0x00,0x54,0x68,0x65,0x20,0x53,0x74,0x65,0x66,0x61,0x6e,0x2d,0x42,
  0x6f,0x6c,0x74,0x7a,0x6d,0x61,0x6e,0x6e,0x20,0x63,0x6f,0x6e,0x73,0x74,0x61,0x6e,
  0x74,0x20,0x69,0x73,0x20,0x35,0x2e,0x36,0x37,0x30,0x33,0x37,0x34,0x34,0x31,0x39,
  0x65,0x2d,0x38,0x20,0x57,0x2f,0x28,0x6d,0x32,0x20,0x4b,0x34,0x29,0x2e,0x04,0x73,
  0x74,0x65,0x70,0x01,0x4f,0x00,0x54,0x68,0x65,0x20,0x41,0x44,0x43,0x20,0x73,0x74,
  0x65,0x70,0x20,0x73,0x69,0x7a,0x65,0x20,0x65,0x71,0x75,0x61,0x6c,0x73,0x20,0x74,
  0x68,0x65,0x20,0x72,0x65,0x66,0x65,0x72,0x65,0x6e,0x63,0x65,0x20,0x76,0x6f,0x6c,
  0x74,0x61,0x67,0x65,0x20,0x64,0x69,0x76,0x69,0x64,0x65,0x64,0x20,0x62,0x79,0x20,
  0x74,0x68,0x65,0x20,0x6e,0x75,0x6d,0x62,0x65,0x72,0x20,0x6f,0x66,0x20,0x6c,0x65,
  0x76,0x65,0x6c,0x73,0x2e,0x06,0x73,0x74,0x72,0x61,0x69,0x6e,0x02,0x42,0x00,0x53,
  0x74,0x72,0x61,0x69,0x6e,0x20,0x65,0x71,0x75,0x61,0x6c,0x73,0x20,0x74,0x68,0x65,
  0x20,0x63,0x68,0x61,0x6e,0x67,0x65,0x20,0x69,0x6e,0x20,0x6c,0x65,0x6e,0x67,0x74,
  0x68,0x20,0x64,0x69,0x76,0x69,0x64,0x65,0x64,0x20,0x62,0x79,0x20,0x74,0x68,0x65,
  0x20,0x6f,0x72,0x69,0x67,0x69,0x6e,0x61,0x6c,0x20,0x6c,0x65,0x6e,0x67,0x74,0x68,
  0x2e,0x30,0x00,0x59,0x6f,0x75,0x6e,0x67,0x27,0x73,0x20,0x6d,0x6f,0x64,0x75,0x6c,
  0x75,0x73,0x20,0x65,0x71,0x75,0x61,0x6c,0x73,0x20,0x73,0x74,0x72,0x65,0x73,0x73,
  0x20,0x64,0x69,0x76,0x69,0x64,0x65,0x64,0x20,0x62,0x79,0x20,0x73,0x74,0x72,0x61,
  0x69,0x6e,0x2e,0x06,0x73,0x74,0x72,0x65,0x73,0x73,0x02,0x34,0x00,0x53,0x74,0x72,
  0x65,0x73,0x73,0x20,0x65,0x71,0x75,0x61,0x6c,0x73,0x20,0x66,0x6f,0x72,0x63,0x65,
  0x20,0x64,0x69,0x76,0x69,0x64,0x65,0x64,0x20,0x62,0x79,0x20,0x63,0x72,0x6f,0x73,
  0x73,0x2d,0x73,0x65,0x63,0x74,0x69,0x6f,0x6e,0x61,0x6c,0x20,0x61,0x72,0x65,0x61,
  0x2e,0x30,0x00,0x59,0x6f,0x75,0x6e,0x67,0x27,0x73,0x20,0x6d,0x6f,0x64,0x75,0x6c,
  0x75,0x73,0x20,0x65,0x71,0x75,0x61,0x6c,0x73,0x20,0x73,0x74,0x72,0x65,0x73,0x73,
  0x20,0x64,0x69,0x76,0x69,0x64,0x65,0x64,0x20,0x62,0x79,0x20,0x73,0x74,0x72,0x61,
  0x69,0x6e,0x2e,0x06,0x73,0x75,0x6c,0x66,0x75,0x72,0x03,0x3d,0x00,0x53,0x75,0x6c,
  0x66,0x75,0x72,0x20,0x68,0x61,0x73,0x20,0x73,0x79,0x6d,0x62,0x6f,0x6c,0x20,0x53,
  0x2c,0x20,0x61,0x74,0x6f,0x6d,0x69,0x63,0x20,0x6e,0x75,0x6d,0x62,0x65,0x72,0x20,
  0x31,0x36,0x2c,0x20,0x61,0x6e,0x64,0x20,0x61,0x74,0x6f,0x6d,0x69,0x63,0x20,0x6d,
  0x61,0x73,0x73,0x20,0x33,0x32,0x2e,0x30,0x36,0x2e,0x35,0x00,0x54,0x68,0x65,0x20,
  0x61,0x74,0x6f,0x6d,0x69,0x63,0x20,0x6d,0x61,0x73,0x73,0x20,0x6f,0x66,0x20,0x73,
  0x75,0x6c,0x66,0x75,0x72,0x20,0x69,0x73,0x20,0x33,0x32,0x2e,0x30,0x36,0x20,0x61,
  0x74,0x6f,0x6d,0x69,0x63,0x20,0x6d,0x61,0x73,0x73,0x20,0x75,0x6e,0x69,0x74,0x73,
  0x2e,0x22,0x00,0x54,0x68,0x65,0x20,0x61,0x74,0x6f,0x6d,0x69,0x63,0x20,0x6e,0x75,
  0x6d,0x62,0x65,0x72,0x20,0x6f,0x66,0x20,0x73,0x75,0x6c,0x66,0x75,0x72,0x20,0x69,
  0x73,0x20,0x31,0x36,0x2e,0x0d,0x73,0x75,0x6c,0x66,0x75,0x72,0x20,0x61,0x74,0x6f,
  0x6d,0x69,0x63,0x02,0x35,0x00,0x54,0x68,0x65,0x20,0x61,0x74,0x6f,0x6d,0x69,0x63,
  0x20,0x6d,0x61,0x73,0x73,0x20,0x6f,0x66,0x20,0x73,0x75,0x6c,0x66,0x75,0x72,0x20,
  0x69,0x73,0x20,0x33,0x32,0x2e,0x30,0x36,0x20,0x61,0x74,0x6f,0x6d,0x69,0x63,0x20,
  0x6d,0x61,0x73,0x73,0x20,0x75,0x6e,0x69,0x74,0x73,0x2e,0x22,0x00,0x54,0x68,0x65,
  0x20,0x61,0x74,0x6f,0x6d,0x69,0x63,0x20,0x6e,0x75,0x6d,0x62,0x65,0x72,0x20,0x6f,
  0x66,0x20,0x73,0x75,0x6c,0x66,0x75,0x72,0x20,0x69,0x73,0x20,0x31,0x36,0x2e,0x12,
  0x73,0x75,0x6c,0x66,0x75,0x72,0x20,0x61,0x74,0x6f,0x6d,0x69,0x63,0x20,0x6d,0x61,
  0x73,0x73,0x01,0x35,0x00,0x54,0x68,0x65,0x20,0x61,0x74,0x6f,0x6d,0x69,0x63,0x20,
  0x6d,0x61,0x73,0x73,0x20,0x6f,0x66,0x20,0x73,0x75,0x6c,0x66,0x75,0x72,0x20,0x69,
  0x73,0x20,0x33,0x32,0x2e,0x30,0x36,0x20,0x61,0x74,0x6f,0x6d,0x69,0x63,0x20,0x6d,
  0x61,0x73,0x73,0x20,0x75,0x6e,0x69,0x74,0x73,0x2e,0x14,0x73,0x75,0x6c,0x66,0x75,
  0x72,0x20,0x61,0x74,0x6f,0x6d,0x69,0x63,0x20,0x6e,0x75,0x6d,0x62,0x65,0x72,0x01,
  0x22,0x00,0x54,0x68,0x65,0x20,0x61,0x74,0x6f,0x6d,0x69,0x63,0x20,0x6e,0x75,0x6d,
  0x62,0x65,0x72,0x20,0x6f,0x66,0x20,0x73,0x75,0x6c,0x66,0x75,0x72,0x20,0x69,0x73,
  0x20,0x31,0x36,0x2e,0x0b,0x73,0x75,0x6c,0x66,0x75,0x72,0x20,0x6d,0x61,0x73,0x73,
  0x01,0x35,0x00,0x54,0x68,0x65,0x20,0x61,0x74,0x6f,0x6d,0x69,0x63,0x20,0x6d,0x61,
  0x73,0x73,0x20,0x6f,0x66,0x20,0x73,0x75,0x6c,0x66,0x75,0x72,0x20,0x69,0x73,0x20,
  0x33,0x32,0x2e,0x30,0x36,0x20,0x61,0x74,0x6f,0x6d,0x69,0x63,0x20,0x6d,0x61,0x73,
  0x73,0x20,0x75,0x6e,0x69,0x74,0x73,0x2e,0x0d,0x73,0x75,0x6c,0x66,0x75,0x72,0x20,
  0x6e,0x75,0x6d,0x62,0x65,0x72,0x01,0x22,0x00,0x54,0x68,0x65,0x20,0x61,0x74,0x6f,
  0x6d,0x69,0x63,0x20,0x6e,0x75,0x6d,0x62,0x65,0x72,0x20,0x6f,0x66,0x20,0x73,0x75,
  0x6c,0x66,0x75,0x72,0x20,0x69,0x73,0x20,0x31,0x36,0x2e,0x07,0x73,0x75,0x6d,0x6d,
  0x69,0x6e,0x67,0x01,0x7c,0x00,0x41,0x20,0x73,0x75,0x6d,0x6d,0x69,0x6e,0x67,0x20,
  0x61,0x6d,0x70,0x6c,0x69,0x66,0x69,0x65,0x72,0x20,0x6f,0x75,0x74,0x70,0x75,0x74,
  0x20,0x69,0x73,0x20,0x6d,0x69,0x6e,0x75,0x73,0x20,0x74,0x68,0x65,0x20,0x66,0x65,
  0x65,0x64,0x62,0x61,0x63,0x6b,0x20,0x72,0x65,0x73,0x69,0x73,0x74,0x61,0x6e,0x63,
  0x65,0x20,0x74,0x69,0x6d,0x65,0x73,0x20,0x74,0x68,0x65,0x20,0x73,0x75,0x6d,0x20,
  0x6f,0x66,0x20,0x65,0x61,0x63,0x68,0x20,0x69,0x6e,0x70,0x75,0x74,0x20,0x76,0x6f,
  0x6c,0x74,0x61,0x67,0x65,0x20,0x64,0x69,0x76,0x69,0x64,0x65,0x64,0x20,0x62,0x79,
  0x20,0x69,0x74,0x73,0x20,0x6f,0x77,0x6e,0x20,0x72,0x65,0x73,0x69,0x73,0x74,0x6f,
  0x72,0x2e,0x11,0x73,0x75,0x6d,0x6d,0x69,0x6e,0x67,0x20,0x61,0x6d,0x70,0x6c,0x69,
  0x66,0x69,0x65,0x72,0x01,0x7c,0x00,0x41,0x20,0x73,0x75,0x6d,0x6d,0x69,0x6e,0x67,
  0x20,0x61,0x6d,0x70,0x6c,0x69,0x66,0x69,0x65,0x72,0x20,0x6f,0x75,0x74,0x70,0x75,
  0x74,0x20,0x69,0x73,0x20,0x6d,0x69,0x6e,0x75,0x73,0x20,0x74,0x68,0x65,0x20,0x66,
  0x65,0x65,0x64,0x62,0x61,0x63,0x6b,0x20,0x72,0x65,0x73,0x69,0x73,0x74,0x61,0x6e,
  0x63,0x65,0x20,0x74,0x69,0x6d,0x65,0x73,0x20,0x74,0x68,0x65,0x20,0x73,0x75,0x6d,
  0x20,0x6f,0x66,0x20,0x65,0x61,0x63,0x68,0x20,0x69,0x6e,0x70,0x75,0x74,0x20,0x76,
  0x6f,0x6c,0x74,0x61,0x67,0x65,0x20,0x64,0x69,0x76,0x69,0x64,0x65,0x64,0x20,0x62,
  0x79,0x20,0x69,0x74,0x73,0x20,0x6f,0x77,0x6e,0x20,0x72,0x65,0x73,0x69,0x73,0x74,
  0x6f,0x72,0x2e,0x03,0x73,0x75,0x6e,0x01,0x2b,0x00,0x54,0x68,0x65,0x20,0x53,0x75,
  0x6e,0x20,0x68,0x61,0x73,0x20,0x61,0x20,0x64,0x69,0x61,0x6d,0x65,0x74,0x65,0x72,
  0x20,0x6f,0x66,0x20,0x61,0x62,0x6f,0x75,0x74,0x20,0x31,0x33,0x39,0x32,0x37,0x30,
  0x30,0x20,0x6b,0x6d,0x2e,0x0b,0x74,0x65,0x6d,0x70,0x65,0x72,0x61,0x74,0x75,0x72,
  0x65,0x03,0x5a,0x00,0x50,0x72,0x65,0x73,0x73,0x75,0x72,0x65,0x20,0x74,0x69,0x6d,
  0x65,0x73,0x20,0x76,0x6f,0x6c,0x75,0x6d,0x65,0x20,0x65,0x71,0x75,0x61,0x6c,0x73,
  0x20,0x74,0x68,0x65,0x20,0x6e,0x75,0x6d,0x62,0x65,0x72,0x20,0x6f,0x66,0x20,0x6d,
  0x6f,0x6c,0x65,0x73,0x20,0x74,0x69,0x6d,0x65,0x73,0x20,0x74,0x68,0x65,0x20,0x67,
  0x61,0x73,0x20,0x63,0x6f,0x6e,0x73,0x74,0x61,0x6e,0x74,0x20,0x74,0x69,0x6d,0x65,
  0x73,0x20,0x74,0x65,0x6d,0x70,0x65,0x72,0x61,0x74,0x75,0x72,0x65,0x2e,0x4b,0x00,
  0x48,0x65,0x61,0x74,0x20,0x65,0x71,0x75,0x61,0x6c,0x73,0x20,0x6d,0x61,0x73,0x73,
  0x20,0x74,0x69,0x6d,0x65,0x73,0x20,0x73,0x70,0x65,0x63,0x69,0x66,0x69,0x63,0x20,
  0x68,0x65,0x61,0x74,0x20,0x63,0x61,0x70,0x61,0x63,0x69,0x74,0x79,0x20,0x74,0x69,
  0x6d,0x65,0x73,0x20,0x74,0x68,0x65,0x20,0x74,0x65,0x6d,0x70,0x65,0x72,0x61,0x74,
  0x75,0x72,0x65,0x20,0x63,0x68,0x61,0x6e,0x67,0x65,0x2e,0x6d,0x00,0x54,0x68,0x65,
  0x20,0x63,0x68,0x61,0x6e,0x67,0x65,0x20,0x69,0x6e,0x20,0x6c,0x65,0x6e,0x67,0x74,
  0x68,0x20,0x65,0x71,0x75,0x61,0x6c,0x73,0x20,0x74,0x68,0x65,0x20,0x65,0x78,0x70,
  0x61,0x6e,0x73,0x69,0x6f,0x6e,0x20,0x63,0x6f,0x65,0x66,0x66,0x69,0x63,0x69,0x65,
  0x6e,0x74,0x20,0x74,0x69,0x6d,0x65,0x73,0x20,0x74,0x68,0x65,0x20,0x6f,0x72,0x69,
  0x67,0x69,0x6e,0x61,0x6c,0x20,0x6c,0x65,0x6e,0x67,0x74,0x68,0x20,0x74,0x69,0x6d,
  0x65,0x73,0x20,0x74,0x68,0x65,0x20,0x74,0x65,0x6d,0x70,0x65,0x72,0x61,0x74,0x75,
  0x72,0x65,0x20,0x63,0x68,0x61,0x6e,0x67,0x65,0x2e,0x03,0x74,0x65,0x6e,0x01,0x23,
  0x00,0x41,0x20,0x31,0x30,0x2d,0x62,0x69,0x74,0x20,0x63,0x6f,0x6e,0x76,0x65,0x72,
  0x74,0x65,0x72,0x20,0x68,0x61,0x73,0x20,0x31,0x30,0x32,0x34,0x20,0x6c,0x65,0x76,
  0x65,0x6c,0x73,0x2e,0x07,0x74,0x65,0x6e,0x20,0x61,0x64,0x63,0x01,0x23,0x00,0x41,
  0x20,0x31,0x30,0x2d,0x62,0x69,0x74,0x20,0x63,0x6f,0x6e,0x76,0x65,0x72,0x74,0x65,
  0x72,0x20,0x68,0x61,0x73,0x20,0x31,0x30,0x32,0x34,0x20,0x6c,0x65,0x76,0x65,0x6c,
  0x73,0x2e,0x07,0x74,0x65,0x6e,0x20,0x62,0x69,0x74,0x01,0x23,0x00,0x41,0x20,0x31,
  0x30,0x2d,0x62,0x69,0x74,0x20,0x63,0x6f,0x6e,0x76,0x65,0x72,0x74,0x65,0x72,0x20,
  0x68,0x61,0x73,0x20,0x31,0x30,0x32,0x34,0x20,0x6c,0x65,0x76,0x65,0x6c,0x73,0x2e,
  0x0b,0x74,0x65,0x6e,0x20,0x62,0x69,0x74,0x20,0x61,0x64,0x63,0x01,0x23,0x00,0x41,
  0x20,0x31,0x30,0x2d,0x62,0x69,0x74,0x20,0x63,0x6f,0x6e,0x76,0x65,0x72,0x74,0x65,
  0x72,0x20,0x68,0x61,0x73,0x20,0x31,0x30,0x32,0x34,0x20,0x6c,0x65,0x76,0x65,0x6c,
  0x73,0x2e,0x04,0x74,0x65,0x72,0x61,0x01,0x1f,0x00,0x54,0x68,0x65,0x20,0x70,0x72,
  0x65,0x66,0x69,0x78,0x20,0x74,0x65,0x72,0x61,0x20,0x28,0x54,0x29,0x20,0x6d,0x65,
  0x61,0x6e,0x73,0x20,0x31,0x65,0x31,0x32,0x2e,0x0b,0x74,0x65,0x72,0x61,0x20,0x70,
  0x72,0x65,0x66,0x69,0x78,0x01,0x1f,0x00,0x54,0x68,0x65,0x20,0x70,0x72,0x65,0x66,
  0x69,0x78,0x20,0x74,0x65,0x72,0x61,0x20,0x28,0x54,0x29,0x20,0x6d,0x65,0x61,0x6e,
  0x73,0x20,0x31,0x65,0x31,0x32,0x2e,0x07,0x74,0x68,0x65,0x72,0x6d,0x61,0x6c,0x02,
  0x63,0x00,0x48,0x65,0x61,0x74,0x20,0x66,0x6c,0x6f,0x77,0x20,0x65,0x71,0x75,0x61,
  0x6c,0x73,0x20,0x74,0x68,0x65,0x72,0x6d,0x61,0x6c,0x20,0x63,0x6f,0x6e,0x64,0x75,
  0x63,0x74,0x69,0x76,0x69,0x74,0x79,0x20,0x74,0x69,0x6d,0x65,0x73,0x20,0x61,0x72,
  0x65,0x61,0x20,0x74,0x69,0x6d,0x65,0x73,0x20,0x74,0x65,0x6d,0x70,0x65,0x72,0x61,
  0x74,0x75,0x72,0x65,0x20,0x64,0x69,0x66,0x66,0x65,0x72,0x65,0x6e,0x63,0x65,0x20,
  0x64,0x69,0x76,0x69,0x64,0x65,0x64,0x20,0x62,0x79,0x20,0x74,0x68,0x69,0x63,0x6b,
  0x6e,0x65,0x73,0x73,0x2e,0x6d,0x00,0x54,0x68,0x65,0x20,0x63,0x68,0x61,0x6e,0x67,
  0x65,0x20,0x69,0x6e,0x20,0x6c,0x65,0x6e,0x67,0x74,0x68,0x20,0x65,0x71,0x75,0x61,
  0x6c,0x73,0x20,0x74,0x68,0x65,0x20,0x65,0x78,0x70,0x61,0x6e,0x73,0x69,0x6f,0x6e,
  0x20,0x63,0x6f,0x65,0x66,0x66,0x69,0x63,0x69,0x65,0x6e,0x74,0x20,0x74,0x69,0x6d,
  0x65,0x73,0x20,0x74,0x68,0x65,0x20,0x6f,0x72,0x69,0x67,0x69,0x6e,0x61,0x6c,0x20,
  0x6c,0x65,0x6e,0x67,0x74,0x68,0x20,0x74,0x69,0x6d,0x65,0x73,0x20,0x74,0x68,0x65,
  0x20,0x74,0x65,0x6d,0x70,0x65,0x72,0x61,0x74,0x75,0x72,0x65,0x20,0x63,0x68,0x61,
  0x6e,0x67,0x65,0x2e,0x12,0x74,0x68,0x65,0x72,0x6d,0x61,0x6c,0x20,0x63,0x6f,0x6e,
  0x64,0x75,0x63,0x74,0x69,0x6f,0x6e,0x01,0x63,0x00,0x48,0x65,0x61,0x74,0x20,0x66,
  0x6c,0x6f,0x77,0x20,0x65,0x71,0x75,0x61,0x6c,0x73,0x20,0x74,0x68,0x65,0x72,0x6d,
  0x61,0x6c,0x20,0x63,0x6f,0x6e,0x64,0x75,0x63,0x74,0x69,0x76,0x69,0x74,0x79,0x20,
  0x74,0x69,0x6d,0x65,0x73,0x20,0x61,0x72,0x65,0x61,0x20,0x74,0x69,0x6d,0x65,0x73,
  0x20,0x74,0x65,0x6d,0x70,0x65,0x72,0x61,0x74,0x75,0x72,0x65,0x20,0x64,0x69,0x66,
  0x66,0x65,0x72,0x65,0x6e,0x63,0x65,0x20,0x64,0x69,0x76,0x69,0x64,0x65,0x64,0x20,
  0x62,0x79,0x20,0x74,0x68,0x69,0x63,0x6b,0x6e,0x65,0x73,0x73,0x2e,0x11,0x74,0x68,
  0x65,0x72,0x6d,0x61,0x6c,0x20,0x65,0x78,0x70,0x61,0x6e,0x73,0x69,0x6f,0x6e,0x01,
  0x6d,0x00,0x54,0x68,0x65,0x20,0x63,0x68,0x61,0x6e,0x67,0x65,0x20,0x69,0x6e,0x20,
  0x6c,0x65,0x6e,0x67,0x74,0x68,0x20,0x65,0x71,0x75,0x61,0x6c,0x73,0x20,0x74,0x68,
  0x65,0x20,0x65,0x78,0x70,0x61,0x6e,0x73,0x69,0x6f,0x6e,0x20,0x63,0x6f,0x65,0x66,
  0x66,0x69,0x63,0x69,0x65,0x6e,0x74,0x20,0x74,0x69,0x6d,0x65,0x73,0x20,0x74,0x68,
  0x65,0x20,0x6f,0x72,0x69,0x67,0x69,0x6e,0x61,0x6c,0x20,0x6c,0x65,0x6e,0x67,0x74,
  0x68,0x20,0x74,0x69,0x6d,0x65,0x73,0x20,0x74,0x68,0x65,0x20,0x74,0x65,0x6d,0x70,
  0x65,0x72,0x61,0x74,0x75,0x72,0x65,0x20,0x63,0x68,0x61,0x6e,0x67,0x65,0x2e,0x0a,
  0x74,0x68,0x65,0x72,0x6d,0x69,0x73,0x74,0x6f,0x72,0x01,0x3f,0x00,0x41,0x6e,0x20,
  0x4e,0x54,0x43,0x20,0x74,0x68,0x65,0x72,0x6d,0x69,0x73,0x74,0x6f,0x72,0x20,0x64,
  0x65,0x63,0x72,0x65,0x61,0x73,0x65,0x73,0x20,0x69,0x6e,0x20,0x72,0x65,0x73,0x69,
  0x73,0x74,0x61,0x6e,0x63,0x65,0x20,0x61,0x73,0x20,0x74,0x65,0x6d,0x70,0x65,0x72,
  0x61,0x74,0x75,0x72,0x65,0x20,0x72,0x69,0x73,0x65,0x73,0x2e,0x08,0x74,0x68,0x65,
  0x76,0x65,0x6e,0x69,0x6e,0x01,0x57,0x00,0x41,0x6e,0x79,0x20,0x6c,0x69,0x6e,0x65,
  0x61,0x72,0x20,0x6e,0x65,0x74,0x77,0x6f,0x72,0x6b,0x20,0x63,0x61,0x6e,0x20,0x62,
  0x65,0x20,0x72,0x65,0x70,0x6c,0x61,0x63,0x65,0x64,0x20,0x62,0x79,0x20,0x6f,0x6e,
  0x65,0x20,0x76,0x6f,0x6c,0x74,0x61,0x67,0x65,0x20,0x73,0x6f,0x75,0x72,0x63,0x65,
  0x20,0x69,0x6e,0x20,0x73,0x65,0x72,0x69,0x65,0x73,0x20,0x77,0x69,0x74,0x68,0x20,
  0x6f,0x6e,0x65,0x20,0x72,0x65,0x73,0x69,0x73,0x74,0x61,0x6e,0x63,0x65,0x2e,0x04,
  0x74,0x69,0x6d,0x65,0x02,0x39,0x00,0x54,0x68,0x65,0x20,0x52,0x43,0x20,0x74,0x69,
  0x6d,0x65,0x20,0x63,0x6f,0x6e,0x73,0x74,0x61,0x6e,0x74,0x20,0x65,0x71,0x75,0x61,
  0x6c,0x73,0x20,0x72,0x65,0x73,0x69,0x73,0x74,0x61,0x6e,0x63,0x65,0x20,0x74,0x69,
  0x6d,0x65,0x73,0x20,0x63,0x61,0x70,0x61,0x63,0x69,0x74,0x61,0x6e,0x63,0x65,0x2e,
  0x3d,0x00,0x54,0x68,0x65,0x20,0x52,0x4c,0x20,0x74,0x69,0x6d,0x65,0x20,0x63,0x6f,
  0x6e,0x73,0x74,0x61,0x6e,0x74,0x20,0x65,0x71,0x75,0x61,0x6c,0x73,0x20,0x69,0x6e,
  0x64,0x75,0x63,0x74,0x61,0x6e,0x63,0x65,0x20,0x64,0x69,0x76,0x69,0x64,0x65,0x64,
  0x20,0x62,0x79,0x20,0x72,0x65,0x73,0x69,0x73,0x74,0x61,0x6e,0x63,0x65,0x2e,0x0d,
  0x74,0x69,0x6d,0x65,0x20,0x63,0x6f,0x6e,0x73,0x74,0x61,0x6e,0x74,0x02,0x39,0x00,
  0x54,0x68,0x65,0x20,0x52,0x43,0x20,0x74,0x69,0x6d,0x65,0x20,0x63,0x6f,0x6e,0x73,
  0x74,0x61,0x6e,0x74,0x20,0x65,0x71,0x75,0x61,0x6c,0x73,0x20,0x72,0x65,0x73,0x69,
  0x73,0x74,0x61,0x6e,0x63,0x65,0x20,0x74,0x69,0x6d,0x65,0x73,0x20,0x63,0x61,0x70,
  0x61,0x63,0x69,0x74,0x61,0x6e,0x63,0x65,0x2e,0x3d,0x00,0x54,0x68,0x65,0x20,0x52,
  0x4c,0x20,0x74,0x69,0x6d,0x65,0x20,0x63,0x6f,0x6e,0x73,0x74,0x61,0x6e,0x74,0x20,
  0x65,0x71,0x75,0x61,0x6c,0x73,0x20,0x69,0x6e,0x64,0x75,0x63,0x74,0x61,0x6e,0x63,
  0x65,0x20,0x64,0x69,0x76,0x69,0x64,0x65,0x64,0x20,0x62,0x79,0x20,0x72,0x65,0x73,
  0x69,0x73,0x74,0x61,0x6e,0x63,0x65,0x2e,0x05,0x74,0x69,0x6d,0x65,0x72,0x01,0x48,
  0x00,0x54,0x68,0x65,0x20,0x35,0x35,0x35,0x20,0x74,0x69,0x6d,0x65,0x72,0x20,0x63,
  0x61,0x6e,0x20,0x72,0x75,0x6e,0x20,0x61,0x73,0x20,0x61,0x20,0x6d,0x6f,0x6e,0x6f,
  0x73,0x74,0x61,0x62,0x6c,0x65,0x20,0x6f,0x6e,0x65,0x2d,0x73,0x68,0x6f,0x74,0x20,
  0x6f,0x72,0x20,0x61,0x6e,0x20,0x61,0x73,0x74,0x61,0x62,0x6c,0x65,0x20,0x6f,0x73,
  0x63,0x69,0x6c,0x6c,0x61,0x74,0x6f,0x72,0x2e,0x03,0x74,0x69,0x6e,0x02,0x35,0x00,
  0x54,0x68,0x65,0x20,0x64,0x65,0x6e,0x73,0x69,0x74,0x79,0x20,0x6f,0x66,0x20,0x74,
  0x69,0x6e,0x20,0x69,0x73,0x20,0x37,0x33,0x31,0x30,0x20,0x6b,0x69,0x6c,0x6f,0x67,
  0x72,0x61,0x6d,0x73,0x20,0x70,0x65,0x72,0x20,0x63,0x75,0x62,0x69,0x63,0x20,0x6d,
  0x65,0x74,0x72,0x65,0x2e,0x30,0x00,0x54,0x68,0x65,0x20,0x6d,0x65,0x6c,0x74,0x69,
  0x6e,0x67,0x20,0x70,0x6f,0x69,0x6e,0x74,0x20,0x6f,0x66,0x20,0x74,0x69,0x6e,0x20,
  0x69,0x73,0x20,0x32,0x33,0x32,0x20,0x64,0x65,0x67,0x72,0x65,0x65,0x73,0x20,0x43,
  0x65,0x6c,0x73,0x69,0x75,0x73,0x2e,0x0b,0x74,0x69,0x6e,0x20,0x64,0x65,0x6e,0x73,
  0x69,0x74,0x79,0x01,0x35,0x00,0x54,0x68,0x65,0x20,0x64,0x65,0x6e,0x73,0x69,0x74,
  0x79,0x20,0x6f,0x66,0x20,0x74,0x69,0x6e,0x20,0x69,0x73,0x20,0x37,0x33,0x31,0x30,
  0x20,0x6b,0x69,0x6c,0x6f,0x67,0x72,0x61,0x6d,0x73,0x20,0x70,0x65,0x72,0x20,0x63,
  0x75,0x62,0x69,0x63,0x20,0x6d,0x65,0x74,0x72,0x65,0x2e,0x0b,0x74,0x69,0x6e,0x20,
  0x6d,0x65,0x6c,0x74,0x69,0x6e,0x67,0x01,0x30,0x00,0x54,0x68,0x65,0x20,0x6d,0x65,
  0x6c,0x74,0x69,0x6e,0x67,0x20,0x70,0x6f,0x69,0x6e,0x74,0x20,0x6f,0x66,0x20,0x74,
  0x69,0x6e,0x20,0x69,0x73,0x20,0x32,0x33,0x32,0x20,0x64,0x65,0x67,0x72,0x65,0x65,
  0x73,0x20,0x43,0x65,0x6c,0x73,0x69,0x75,0x73,0x2e,0x11,0x74,0x69,0x6e,0x20,0x6d,
  0x65,0x6c,0x74,0x69,0x6e,0x67,0x20,0x70,0x6f,0x69,0x6e,0x74,0x01,0x30,0x00,0x54,
  0x68,0x65,0x20,0x6d,0x65,0x6c,0x74,0x69,0x6e,0x67,0x20,0x70,0x6f,0x69,0x6e,0x74,
  0x20,0x6f,0x66,0x20,0x74,0x69,0x6e,0x20,0x69,0x73,0x20,0x32,0x33,0x32,0x20,0x64,
  0x65,0x67,0x72,0x65,0x65,0x73,0x20,0x43,0x65,0x6c,0x73,0x69,0x75,0x73,0x2e,0x09,
  0x74,0x69,0x6e,0x20,0x70,0x6f,0x69,0x6e,0x74,0x01,0x30,0x00,0x54,0x68,0x65,0x20,
  0x6d,0x65,0x6c,0x74,0x69,0x6e,0x67,0x20,0x70,0x6f,0x69,0x6e,0x74,0x20,0x6f,0x66,
  0x20,0x74,0x69,0x6e,0x20,0x69,0x73,0x20,0x32,0x33,0x32,0x20,0x64,0x65,0x67,0x72,
  0x65,0x65,0x73,0x20,0x43,0x65,0x6c,0x73,0x69,0x75,0x73,0x2e,0x08,0x74,0x69,0x74,
  0x61,0x6e,0x69,0x75,0x6d,0x05,0x41,0x00,0x54,0x69,0x74,0x61,0x6e,0x69,0x75,0x6d,
  0x20,0x68,0x61,0x73,0x20,0x73,0x79,0x6d,0x62,0x6f,0x6c,0x20,0x54,0x69,0x2c,0x20,
  0x61,0x74,0x6f,0x6d,0x69,0x63,0x20,0x6e,0x75,0x6d,0x62,0x65,0x72,0x20,0x32,0x32,
  0x2c,0x20,0x61,0x6e,0x64,0x20,0x61,0x74,0x6f,0x6d,0x69,0x63,0x20,0x6d,0x61,0x73,
  0x73,0x20,0x34,0x37,0x2e,0x38,0x36,0x37,0x2e,0x3a,0x00,0x54,0x68,0x65,0x20,0x64,
  0x65,0x6e,0x73,0x69,0x74,0x79,0x20,0x6f,0x66,0x20,0x74,0x69,0x74,0x61,0x6e,0x69,
  0x75,0x6d,0x20,0x69,0x73,0x20,0x34,0x35,0x30,0x36,0x20,0x6b,0x69,0x6c,0x6f,0x67,
  0x72,0x61,0x6d,0x73,0x20,0x70,0x65,0x72,0x20,0x63,0x75,0x62,0x69,0x63,0x20,0x6d,
  0x65,0x74,0x72,0x65,0x2e,0x36,0x00,0x54,0x68,0x65,0x20,0x6d,0x65,0x6c,0x74,0x69,
  0x6e,0x67,0x20,0x70,0x6f,0x69,0x6e,0x74,0x20,0x6f,0x66,0x20,0x74,0x69,0x74,0x61,
  0x6e,0x69,0x75,0x6d,0x20,0x69,0x73,0x20,0x31,0x36,0x36,0x38,0x20,0x64,0x65,0x67,
  0x72,0x65,0x65,0x73,0x20,0x43,0x65,0x6c,0x73,0x69,0x75,0x73,0x2e,0x38,0x00,0x54,
  0x68,0x65,0x20,0x61,0x74,0x6f,0x6d,0x69,0x63,0x20,0x6d,0x61,0x73,0x73,0x20,0x6f,
  0x66,0x20,0x74,0x69,0x74,0x61,0x6e,0x69,0x75,0x6d,0x20,0x69,0x73,0x20,0x34,0x37,
  0x2e,0x38,0x36,0x37,0x20,0x61,0x74,0x6f,0x6d,0x69,0x63,0x20,0x6d,0x61,0x73,0x73,
  0x20,0x75,0x6e,0x69,0x74,0x73,0x2e,0x24,0x00,0x54,0x68,0x65,0x20,0x61,0x74,0x6f,
  0x6d,0x69,0x63,0x20,0x6e,0x75,0x6d,0x62,0x65,0x72,0x20,0x6f,0x66,0x20,0x74,0x69,
  0x74,0x61,0x6e,0x69,0x75,0x6d,0x20,0x69,0x73,0x20,0x32,0x32,0x2e,0x0f,0x74,0x69,
  0x74,0x61,0x6e,0x69,0x75,0x6d,0x20,0x61,0x74,0x6f,0x6d,0x69,0x63,0x02,0x38,0x00,
  0x54,0x68,0x65,0x20,0x61,0x74,0x6f,0x6d,0x69,0x63,0x20,0x6d,0x61,0x73,0x73,0x20,
  0x6f,0x66,0x20,0x74,0x69,0x74,0x61,0x6e,0x69,0x75,0x6d,0x20,0x69,0x73,0x20,0x34,
  0x37,0x2e,0x38,0x36,0x37,0x20,0x61,0x74,0x6f,0x6d,0x69,0x63,0x20,0x6d,0x61,0x73,
  0x73,0x20,0x75,0x6e,0x69,0x74,0x73,0x2e,0x24,0x00,0x54,0x68,0x65,0x20,0x61,0x74,
  0x6f,0x6d,0x69,0x63,0x20,0x6e,0x75,0x6d,0x62,0x65,0x72,0x20,0x6f,0x66,0x20,0x74,
  0x69,0x74,0x61,0x6e,0x69,0x75,0x6d,0x20,0x69,0x73,0x20,0x32,0x32,0x2e,0x14,0x74,
  0x69,0x74,0x61,0x6e,0x69,0x75,0x6d,0x20,0x61,0x74,0x6f,0x6d,0x69,0x63,0x20,0x6d,
  0x61,0x73,0x73,0x01,0x38,0x00,0x54,0x68,0x65,0x20,0x61,0x74,0x6f,0x6d,0x69,0x63,
  0x20,0x6d,0x61,0x73,0x73,0x20,0x6f,0x66,0x20,0x74,0x69,0x74,0x61,0x6e,0x69,0x75,
  0x6d,0x20,0x69,0x73,0x20,0x34,0x37,0x2e,0x38,0x36,0x37,0x20,0x61,0x74,0x6f,0x6d,
  0x69,0x63,0x20,0x6d,0x61,0x73,0x73,0x20,0x75,0x6e,0x69,0x74,0x73,0x2e,0x16,0x74,
  0x69,0x74,0x61,0x6e,0x69,0x75,0x6d,0x20,0x61,0x74,0x6f,0x6d,0x69,0x63,0x20,0x6e,
  0x75,0x6d,0x62,0x65,0x72,0x01,0x24,0x00,0x54,0x68,0x65,0x20,0x61,0x74,0x6f,0x6d,
  0x69,0x63,0x20,0x6e,0x75,0x6d,0x62,0x65,0x72,0x20,0x6f,0x66,0x20,0x74,0x69,0x74,
  0x61,0x6e,0x69,0x75,0x6d,0x20,0x69,0x73,0x20,0x32,0x32,0x2e,0x10,0x74,0x69,0x74,
  0x61,0x6e,0x69,0x75,0x6d,0x20,0x64,0x65,0x6e,0x73,0x69,0x74,0x79,0x01,0x3a,0x00,
  0x54,0x68,0x65,0x20,0x64,0x65,0x6e,0x73,0x69,0x74,0x79,0x20,0x6f,0x66,0x20,0x74,
  0x69,0x74,0x61,0x6e,0x69,0x75,0x6d,0x20,0x69,0x73,0x20,0x34,0x35,0x30,0x36,0x20,
  0x6b,0x69,0x6c,0x6f,0x67,0x72,0x61,0x6d,0x73,0x20,0x70,0x65,0x72,0x20,0x63,0x75,
  0x62,0x69,0x63,0x20,0x6d,0x65,0x74,0x72,0x65,0x2e,0x0d,0x74,0x69,0x74,0x61,0x6e,
  0x69,0x75,0x6d,0x20,0x6d,0x61,0x73,0x73,0x01,0x38,0x00,0x54,0x68,0x65,0x20,0x61,
  0x74,0x6f,0x6d,0x69,0x63,0x20,0x6d,0x61,0x73,0x73,0x20,0x6f,0x66,0x20,0x74,0x69,
  0x74,0x61,0x6e,0x69,0x75,0x6d,0x20,0x69,0x73,0x20,0x34,0x37,0x2e,0x38,0x36,0x37,
  0x20,0x61,0x74,0x6f,0x6d,0x69,0x63,0x20,0x6d,0x61,0x73,0x73,0x20,0x75,0x6e,0x69,
  0x74,0x73,0x2e,0x10,0x74,0x69,0x74,0x61,0x6e,0x69,0x75,0x6d,0x20,0x6d,0x65,0x6c,
  0x74,0x69,0x6e,0x67,0x01,0x36,0x00,0x54,0x68,0x65,0x20,0x6d,0x65,0x6c,0x74,0x69,
  0x6e,0x67,0x20,0x70,0x6f,0x69,0x6e,0x74,0x20,0x6f,0x66,0x20,0x74,0x69,0x74,0x61,
  0x6e,0x69,0x75,0x6d,0x20,0x69,0x73,0x20,0x31,0x36,0x36,0x38,0x20,0x64,0x65,0x67,
  0x72,0x65,0x65,0x73,0x20,0x43,0x65,0x6c,0x73,0x69,0x75,0x73,0x2e,0x16,0x74,0x69,
  0x74,0x61,0x6e,0x69,0x75,0x6d,0x20,0x6d,0x65,0x6c,0x74,0x69,0x6e,0x67,0x20,0x70,
  0x6f,0x69,0x6e,0x74,0x01,0x36,0x00,0x54,0x68,0x65,0x20,0x6d,0x65,0x6c,0x74,0x69,
  0x6e,0x67,0x20,0x70,0x6f,0x69,0x6e,0x74,0x20,0x6f,0x66,0x20,0x74,0x69,0x74,0x61,
  0x6e,0x69,0x75,0x6d,0x20,0x69,0x73,0x20,0x31,0x36,0x36,0x38,0x20,0x64,0x65,0x67,
  0x72,0x65,0x65,0x73,0x20,0x43,0x65,0x6c,0x73,0x69,0x75,0x73,0x2e,0x0f,0x74,0x69,
  0x74,0x61,0x6e,0x69,0x75,0x6d,0x20,0x6e,0x75,0x6d,0x62,0x65,0x72,0x01,0x24,0x00,
  0x54,0x68,0x65,0x20,0x61,0x74,0x6f,0x6d,0x69,0x63,0x20,0x6e,0x75,0x6d,0x62,0x65,
  0x72,0x20,0x6f,0x66,0x20,0x74,0x69,0x74,0x61,0x6e,0x69,0x75,0x6d,0x20,0x69,0x73,
  0x20,0x32,0x32,0x2e,0x0e,0x74,0x69,0x74,0x61,0x6e,0x69,0x75,0x6d,0x20,0x70,0x6f,
  0x69,0x6e,0x74,0x01,0x36,0x00,0x54,0x68,0x65,0x20,0x6d,0x65,0x6c,0x74,0x69,0x6e,
  0x67,0x20,0x70,0x6f,0x69,0x6e,0x74,0x20,0x6f,0x66,0x20,0x74,0x69,0x74,0x61,0x6e,
  0x69,0x75,0x6d,0x20,0x69,0x73,0x20,0x31,0x36,0x36,0x38,0x20,0x64,0x65,0x67,0x72,
  0x65,0x65,0x73,0x20,0x43,0x65,0x6c,0x73,0x69,0x75,0x73,0x2e,0x0d,0x74,0x6f,0x20,
  0x66,0x61,0x68,0x72,0x65,0x6e,0x68,0x65,0x69,0x74,0x01,0x37,0x00,0x46,0x61,0x68,
  0x72,0x65,0x6e,0x68,0x65,0x69,0x74,0x20,0x65,0x71,0x75,0x61,0x6c,0x73,0x20,0x43,
  0x65,0x6c,0x73,0x69,0x75,0x73,0x20,0x74,0x69,0x6d,0x65,0x73,0x20,0x39,0x20,0x64,
  0x69,0x76,0x69,0x64,0x65,0x64,0x20,0x62,0x79,0x20,0x35,0x20,0x70,0x6c,0x75,0x73,
  0x20,0x33,0x32,0x2e,0x07,0x74,0x6f,0x20,0x70,0x65,0x61,0x6b,0x01,0x40,0x00,0x46,
  0x6f,0x72,0x20,0x61,0x20,0x73,0x69,0x6e,0x65,0x20,0x77,0x61,0x76,0x65,0x2c,0x20,
  0x70,0x65,0x61,0x6b,0x20,0x74,0x6f,0x20,0x70,0x65,0x61,0x6b,0x20,0x76,0x6f,0x6c,
  0x74,0x61,0x67,0x65,0x20,0x69,0x73,0x20,0x74,0x77,0x69,0x63,0x65,0x20,0x74,0x68,
  0x65,0x20,0x70,0x65,0x61,0x6b,0x20,0x76,0x6f,0x6c,0x74,0x61,0x67,0x65,0x2e,0x06,
  0x74,0x6f,0x72,0x71,0x75,0x65,0x01,0x44,0x00,0x54,0x6f,0x72,0x71,0x75,0x65,0x20,
  0x65,0x71,0x75,0x61,0x6c,0x73,0x20,0x66,0x6f,0x72,0x63,0x65,0x20,0x74,0x69,0x6d,
  0x65,0x73,0x20,0x74,0x68,0x65,0x20,0x70,0x65,0x72,0x70,0x65,0x6e,0x64,0x69,0x63,
  0x75,0x6c,0x61,0x72,0x20,0x64,0x69,0x73,0x74,0x61,0x6e,0x63,0x65,0x20,0x66,0x72,
  0x6f,0x6d,0x20,0x74,0x68,0x65,0x20,0x70,0x69,0x76,0x6f,0x74,0x2e,0x0b,0x74,0x72,
  0x61,0x6e,0x73,0x66,0x6f,0x72,0x6d,0x65,0x72,0x02,0x3a,0x00,0x54,0x68,0x65,0x20,
  0x76,0x6f,0x6c,0x74,0x61,0x67,0x65,0x20,0x72,0x61,0x74,0x69,0x6f,0x20,0x6f,0x66,
  0x20,0x61,0x20,0x74,0x72,0x61,0x6e,0x73,0x66,0x6f,0x72,0x6d,0x65,0x72,0x20,0x65,
  0x71,0x75,0x61,0x6c,0x73,0x20,0x69,0x74,0x73,0x20,0x74,0x75,0x72,0x6e,0x73,0x20,
  0x72,0x61,0x74,0x69,0x6f,0x2e,0x40,0x00,0x49,0x6e,0x20,0x61,0x6e,0x20,0x69,0x64,
  0x65,0x61,0x6c,0x20,0x74,0x72,0x61,0x6e,0x73,0x66,0x6f,0x72,0x6d,0x65,0x72,0x20,
  0x74,0x68,0x65,0x20,0x69,0x6e,0x70,0x75,0x74,0x20,0x70,0x6f,0x77,0x65,0x72,0x20,
  0x65,0x71,0x75,0x61,0x6c,0x73,0x20,0x74,0x68,0x65,0x20,0x6f,0x75,0x74,0x70,0x75,
  0x74,0x20,0x70,0x6f,0x77,0x65,0x72,0x2e,0x11,0x74,0x72,0x61,0x6e,0x73,0x66,0x6f,
  0x72,0x6d,0x65,0x72,0x20,0x70,0x6f,0x77,0x65,0x72,0x01,0x40,0x00,0x49,0x6e,0x20,
  0x61,0x6e,0x20,0x69,0x64,0x65,0x61,0x6c,0x20,0x74,0x72,0x61,0x6e,0x73,0x66,0x6f,
  0x72,0x6d,0x65,0x72,0x20,0x74,0x68,0x65,0x20,0x69,0x6e,0x70,0x75,0x74,0x20,0x70,
  0x6f,0x77,0x65,0x72,0x20,0x65,0x71,0x75,0x61,0x6c,0x73,0x20,0x74,0x68,0x65,0x20,
  0x6f,0x75,0x74,0x70,0x75,0x74,0x20,0x70,0x6f,0x77,0x65,0x72,0x2e,0x11,0x74,0x72,
  0x61,0x6e,0x73,0x66,0x6f,0x72,0x6d,0x65,0x72,0x20,0x72,0x61,0x74,0x69,0x6f,0x01,
  0x3a,0x00,0x54,0x68,0x65,0x20,0x76,0x6f,0x6c,0x74,0x61,0x67,0x65,0x20,0x72,0x61,
  0x74,0x69,0x6f,0x20,0x6f,0x66,0x20,0x61,0x20,0x74,0x72,0x61,0x6e,0x73,0x66,0x6f,
  0x72,0x6d,0x65,0x72,0x20,0x65,0x71,0x75,0x61,0x6c,0x73,0x20,0x69,0x74,0x73,0x20,
  0x74,0x75,0x72,0x6e,0x73,0x20,0x72,0x61,0x74,0x69,0x6f,0x2e,0x0a,0x74,0x72,0x61,
  0x6e,0x73,0x69,0x73,0x74,0x6f,0x72,0x01,0x4d,0x00,0x41,0x20,0x73,0x61,0x74,0x75,
  0x72,0x61,0x74,0x65,0x64,0x20,0x74,0x72,0x61,0x6e,0x73,0x69,0x73,0x74,0x6f,0x72,
  0x20,0x68,0x61,0x73,0x20,0x61,0x20,0x63,0x6f,0x6c,0x6c,0x65,0x63,0x74,0x6f,0x72,
  0x20,0x74,0x6f,0x20,0x65,0x6d,0x69,0x74,0x74,0x65,0x72,0x20,0x76,0x6f,0x6c,0x74,
  0x61,0x67,0x65,0x20,0x6f,0x66,0x20,0x61,0x62,0x6f,0x75,0x74,0x20,0x30,0x2e,0x32,
  0x20,0x76,0x6f,0x6c,0x74,0x73,0x2e,0x15,0x74,0x72,0x61,0x6e,0x73,0x69,0x73,0x74,
  0x6f,0x72,0x20,0x73,0x61,0x74,0x75,0x72,0x61,0x74,0x69,0x6f,0x6e,0x01,0x4d,0x00,
  0x41,0x20,0x73,0x61,0x74,0x75,0x72,0x61,0x74,0x65,0x64,0x20,0x74,0x72,0x61,0x6e,
  0x73,0x69,0x73,0x74,0x6f,0x72,0x20,0x68,0x61,0x73,0x20,0x61,0x20,0x63,0x6f,0x6c,
  0x6c,0x65,0x63,0x74,0x6f,0x72,0x20,0x74,0x6f,0x20,0x65,0x6d,0x69,0x74,0x74,0x65,
  0x72,0x20,0x76,0x6f,0x6c,0x74,0x61,0x67,0x65,0x20,0x6f,0x66,0x20,0x61,0x62,0x6f,
  0x75,0x74,0x20,0x30,0x2e,0x32,0x20,0x76,0x6f,0x6c,0x74,0x73,0x2e,0x06,0x74,0x77,
  0x65,0x6c,0x76,0x65,0x01,0x23,0x00,0x41,0x20,0x31,0x32,0x2d,0x62,0x69,0x74,0x20,
  0x63,0x6f,0x6e,0x76,0x65,0x72,0x74,0x65,0x72,0x20,0x68,0x61,0x73,0x20,0x34,0x30,
  0x39,0x36,0x20,0x6c,0x65,0x76,0x65,0x6c,0x73,0x2e,0x0a,0x74,0x77,0x65,0x6c,0x76,
  0x65,0x20,0x61,0x64,0x63,0x01,0x23,0x00,0x41,0x20,0x31,0x32,0x2d,0x62,0x69,0x74,
  0x20,0x63,0x6f,0x6e,0x76,0x65,0x72,0x74,0x65,0x72,0x20,0x68,0x61,0x73,0x20,0x34,
  0x30,0x39,0x36,0x20,0x6c,0x65,0x76,0x65,0x6c,0x73,0x2e,0x0a,0x74,0x77,0x65,0x6c,
  0x76,0x65,0x20,0x62,0x69,0x74,0x01,0x23,0x00,0x41,0x20,0x31,0x32,0x2d,0x62,0x69,
  0x74,0x20,0x63,0x6f,0x6e,0x76,0x65,0x72,0x74,0x65,0x72,0x20,0x68,0x61,0x73,0x20,
  0x34,0x30,0x39,0x36,0x20,0x6c,0x65,0x76,0x65,0x6c,0x73,0x2e,0x0e,0x74,0x77,0x65,
  0x6c,0x76,0x65,0x20,0x62,0x69,0x74,0x20,0x61,0x64,0x63,0x01,0x23,0x00,0x41,0x20,
  0x31,0x32,0x2d,0x62,0x69,0x74,0x20,0x63,0x6f,0x6e,0x76,0x65,0x72,0x74,0x65,0x72,
  0x20,0x68,0x61,0x73,0x20,0x34,0x30,0x39,0x36,0x20,0x6c,0x65,0x76,0x65,0x6c,0x73,
  0x2e,0x04,0x75,0x61,0x72,0x74,0x01,0x4b,0x00,0x55,0x41,0x52,0x54,0x20,0x75,0x73,
  0x65,0x73,0x20,0x74,0x77,0x6f,0x20,0x77,0x69,0x72,0x65,0x73,0x20,0x61,0x6e,0x64,
  0x20,0x6e,0x6f,0x20,0x63,0x6c,0x6f,0x63,0x6b,0x2c,0x20,0x73,0x6f,0x20,0x62,0x6f,
  0x74,0x68,0x20,0x65,0x6e,0x64,0x73,0x20,0x6d,0x75,0x73,0x74,0x20,0x61,0x67,0x72,
  0x65,0x65,0x20,0x6f,0x6e,0x20,0x74,0x68,0x65,0x20,0x62,0x61,0x75,0x64,0x20,0x72,
  0x61,0x74,0x65,0x2e,0x0b,0x75,0x70,0x20,0x72,0x65,0x73,0x69,0x73,0x74,0x6f,0x72,
  0x01,0x3a,0x00,0x41,0x20,0x74,0x79,0x70,0x69,0x63,0x61,0x6c,0x20,0x70,0x75,0x6c,
  0x6c,0x2d,0x75,0x70,0x20,0x72,0x65,0x73,0x69,0x73,0x74,0x6f,0x72,0x20,0x69,0x73,
  0x20,0x62,0x65,0x74,0x77,0x65,0x65,0x6e,0x20,0x34,0x37,0x30,0x30,0x20,0x61,0x6e,
  0x64,0x20,0x31,0x30,0x30,0x30,0x30,0x20,0x6f,0x68,0x6d,0x73,0x2e,0x06,0x75,0x72,
  0x61,0x6e,0x75,0x73,0x01,0x7e,0x00,0x55,0x72,0x61,0x6e,0x75,0x73,0x20,0x68,0x61,
  0x73,0x20,0x61,0x20,0x64,0x69,0x61,0x6d,0x65,0x74,0x65,0x72,0x20,0x6f,0x66,0x20,
  0x61,0x62,0x6f,0x75,0x74,0x20,0x35,0x30,0x37,0x32,0x34,0x20,0x6b,0x6d,0x2c,0x20,
  0x6f,0x72,0x62,0x69,0x74,0x73,0x20,0x61,0x62,0x6f,0x75,0x74,0x20,0x32,0x38,0x37,
  0x31,0x20,0x6d,0x69,0x6c,0x6c,0x69,0x6f,0x6e,0x20,0x6b,0x6d,0x20,0x66,0x72,0x6f,
  0x6d,0x20,0x74,0x68,0x65,0x20,0x53,0x75,0x6e,0x2c,0x20,0x61,0x6e,0x64,0x20,0x74,
  0x61,0x6b,0x65,0x73,0x20,0x61,0x62,0x6f,0x75,0x74,0x20,0x33,0x30,0x36,0x38,0x37,
  0x20,0x45,0x61,0x72,0x74,0x68,0x20,0x64,0x61,0x79,0x73,0x20,0x74,0x6f,0x20,0x6f,
  0x72,0x62,0x69,0x74,0x2e,0x06,0x76,0x61,0x63,0x75,0x75,0x6d,0x02,0x30,0x00,0x54,
  0x68,0x65,0x20,0x76,0x61,0x63,0x75,0x75,0x6d,0x20,0x70,0x65,0x72,0x6d,0x69,0x74,
  0x74,0x69,0x76,0x69,0x74,0x79,0x20,0x69,0x73,0x20,0x38,0x2e,0x38,0x35,0x34,0x31,
  0x38,0x37,0x38,0x31,0x32,0x38,0x65,0x2d,0x31,0x32,0x20,0x46,0x2f,0x6d,0x2e,0x30,
  0x00,0x54,0x68,0x65,0x20,0x76,0x61,0x63,0x75,0x75,0x6d,0x20,0x70,0x65,0x72,0x6d,
  0x65,0x61,0x62,0x69,0x6c,0x69,0x74,0x79,0x20,0x69,0x73,0x20,0x31,0x2e,0x32,0x35,
  0x36,0x36,0x33,0x37,0x30,0x36,0x32,0x31,0x32,0x65,0x2d,0x36,0x20,0x48,0x2f,0x6d,
  0x2e,0x13,0x76,0x61,0x63,0x75,0x75,0x6d,0x20,0x70,0x65,0x72,0x6d,0x65,0x61,0x62,
  0x69,0x6c,0x69,0x74,0x79,0x01,0x30,0x00,0x54,0x68,0x65,0x20,0x76,0x61,0x63,0x75,
  0x75,0x6d,0x20,0x70,0x65,0x72,0x6d,0x65,0x61,0x62,0x69,0x6c,0x69,0x74,0x79,0x20,
  0x69,0x73,0x20,0x31,0x2e,0x32,0x35,0x36,0x36,0x33,0x37,0x30,0x36,0x32,0x31,0x32,
  0x65,0x2d,0x36,0x20,0x48,0x2f,0x6d,0x2e,0x13,0x76,0x61,0x63,0x75,0x75,0x6d,0x20,
  0x70,0x65,0x72,0x6d,0x69,0x74,0x74,0x69,0x76,0x69,0x74,0x79,0x01,0x30,0x00,0x54,
  0x68,0x65,0x20,0x76,0x61,0x63,0x75,0x75,0x6d,0x20,0x70,0x65,0x72,0x6d,0x69,0x74,
  0x74,0x69,0x76,0x69,0x74,0x79,0x20,0x69,0x73,0x20,0x38,0x2e,0x38,0x35,0x34,0x31,
  0x38,0x37,0x38,0x31,0x32,0x38,0x65,0x2d,0x31,0x32,0x20,0x46,0x2f,0x6d,0x2e,0x08,
  0x76,0x61,0x6e,0x61,0x64,0x69,0x75,0x6d,0x03,0x40,0x00,0x56,0x61,0x6e,0x61,0x64,
  0x69,0x75,0x6d,0x20,0x68,0x61,0x73,0x20,0x73,0x79,0x6d,0x62,0x6f,0x6c,0x20,0x56,
  0x2c,0x20,0x61,0x74,0x6f,0x6d,0x69,0x63,0x20,0x6e,0x75,0x6d,0x62,0x65,0x72,0x20,
  0x32,0x33,0x2c,0x20,0x61,0x6e,0x64,0x20,0x61,0x74,0x6f,0x6d,0x69,0x63,0x20,0x6d,
  0x61,0x73,0x73,0x20,0x35,0x30,0x2e,0x39,0x34,0x32,0x2e,0x38,0x00,0x54,0x68,0x65,
  0x20,0x61,0x74,0x6f,0x6d,0x69,0x63,0x20,0x6d,0x61,0x73,0x73,0x20,0x6f,0x66,0x20,
  0x76,0x61,0x6e,0x61,0x64,0x69,0x75,0x6d,0x20,0x69,0x73,0x20,0x35,0x30,0x2e,0x39,
  0x34,0x32,0x20,0x61,0x74,0x6f,0x6d,0x69,0x63,0x20,0x6d,0x61,0x73,0x73,0x20,0x75,
  0x6e,0x69,0x74,0x73,0x2e,0x24,0x00,0x54,0x68,0x65,0x20,0x61,0x74,0x6f,0x6d,0x69,
  0x63,0x20,0x6e,0x75,0x6d,0x62,0x65,0x72,0x20,0x6f,0x66,0x20,0x76,0x61,0x6e,0x61,
  0x64,0x69,0x75,0x6d,0x20,0x69,0x73,0x20,0x32,0x33,0x2e,0x0f,0x76,0x61,0x6e,0x61,
  0x64,0x69,0x75,0x6d,0x20,0x61,0x74,0x6f,0x6d,0x69,0x63,0x02,0x38,0x00,0x54,0x68,
  0x65,0x20,0x61,0x74,0x6f,0x6d,0x69,0x63,0x20,0x6d,0x61,0x73,0x73,0x20,0x6f,0x66,
  0x20,0x76,0x61,0x6e,0x61,0x64,0x69,0x75,0x6d,0x20,0x69,0x73,0x20,0x35,0x30,0x2e,
  0x39,0x34,0x32,0x20,0x61,0x74,0x6f,0x6d,0x69,0x63,0x20,0x6d,0x61,0x73,0x73,0x20,
  0x75,0x6e,0x69,0x74,0x73,0x2e,0x24,0x00,0x54,0x68,0x65,0x20,0x61,0x74,0x6f,0x6d,
  0x69,0x63,0x20,0x6e,0x75,0x6d,0x62,0x65,0x72,0x20,0x6f,0x66,0x20,0x76,0x61,0x6e,
  0x61,0x64,0x69,0x75,0x6d,0x20,0x69,0x73,0x20,0x32,0x33,0x2e,0x14,0x76,0x61,0x6e,
  0x61,0x64,0x69,0x75,0x6d,0x20,0x61,0x74,0x6f,0x6d,0x69,0x63,0x20,0x6d,0x61,0x73,
  0x73,0x01,0x38,0x00,0x54,0x68,0x65,0x20,0x61,0x74,0x6f,0x6d,0x69,0x63,0x20,0x6d,
  0x61,0x73,0x73,0x20,0x6f,0x66,0x20,0x76,0x61,0x6e,0x61,0x64,0x69,0x75,0x6d,0x20,
  0x69,0x73,0x20,0x35,0x30,0x2e,0x39,0x34,0x32,0x20,0x61,0x74,0x6f,0x6d,0x69,0x63,
  0x20,0x6d,0x61,0x73,0x73,0x20,0x75,0x6e,0x69,0x74,0x73,0x2e,0x16,0x76,0x61,0x6e,
  0x61,0x64,0x69,0x75,0x6d,0x20,0x61,0x74,0x6f,0x6d,0x69,0x63,0x20,0x6e,0x75,0x6d,
  0x62,0x65,0x72,0x01,0x24,0x00,0x54,0x68,0x65,0x20,0x61,0x74,0x6f,0x6d,0x69,0x63,
  0x20,0x6e,0x75,0x6d,0x62,0x65,0x72,0x20,0x6f,0x66,0x20,0x76,0x61,0x6e,0x61,0x64,
  0x69,0x75,0x6d,0x20,0x69,0x73,0x20,0x32,0x33,0x2e,0x0d,0x76,0x61,0x6e,0x61,0x64,
  0x69,0x75,0x6d,0x20,0x6d,0x61,0x73,0x73,0x01,0x38,0x00,0x54,0x68,0x65,0x20,0x61,
  0x74,0x6f,0x6d,0x69,0x63,0x20,0x6d,0x61,0x73,0x73,0x20,0x6f,0x66,0x20,0x76,0x61,
  0x6e,0x61,0x64,0x69,0x75,0x6d,0x20,0x69,0x73,0x20,0x35,0x30,0x2e,0x39,0x34,0x32,
  0x20,0x61,0x74,0x6f,0x6d,0x69,0x63,0x20,0x6d,0x61,0x73,0x73,0x20,0x75,0x6e,0x69,
  0x74,0x73,0x2e,0x0f,0x76,0x61,0x6e,0x61,0x64,0x69,0x75,0x6d,0x20,0x6e,0x75,0x6d,
  0x62,0x65,0x72,0x01,0x24,0x00,0x54,0x68,0x65,0x20,0x61,0x74,0x6f,0x6d,0x69,0x63,
  0x20,0x6e,0x75,0x6d,0x62,0x65,0x72,0x20,0x6f,0x66,0x20,0x76,0x61,0x6e,0x61,0x64,
  0x69,0x75,0x6d,0x20,0x69,0x73,0x20,0x32,0x33,0x2e,0x0c,0x76,0x61,0x70,0x6f,0x72,
  0x69,0x73,0x61,0x74,0x69,0x6f,0x6e,0x01,0x39,0x00,0x42,0x6f,0x69,0x6c,0x69,0x6e,
  0x67,0x20,0x6f,0x6e,0x65,0x20,0x6b,0x69,0x6c,0x6f,0x67,0x72,0x61,0x6d,0x20,0x6f,
  0x66,0x20,0x77,0x61,0x74,0x65,0x72,0x20,0x74,0x61,0x6b,0x65,0x73,0x20,0x61,0x62,
  0x6f,0x75,0x74,0x20,0x32,0x32,0x36,0x30,0x30,0x30,0x30,0x20,0x6a,0x6f,0x75,0x6c,
  0x65,0x73,0x2e,0x08,0x76,0x65,0x6c,0x6f,0x63,0x69,0x74,0x79,0x03,0x29,0x00,0x56,
  0x65,0x6c,0x6f,0x63,0x69,0x74,0x79,0x20,0x65,0x71,0x75,0x61,0x6c,0x73,0x20,0x64,
  0x69,0x73,0x74,0x61,0x6e,0x63,0x65,0x20,0x64,0x69,0x76,0x69,0x64,0x65,0x64,0x20,
  0x62,0x79,0x20,0x74,0x69,0x6d,0x65,0x2e,0x24,0x00,0x4d,0x6f,0x6d,0x65,0x6e,0x74,
  0x75,0x6d,0x20,0x65,0x71,0x75,0x61,0x6c,0x73,0x20,0x6d,0x61,0x73,0x73,0x20,0x74,
  0x69,0x6d,0x65,0x73,0x20,0x76,0x65,0x6c,0x6f,0x63,0x69,0x74,0x79,0x2e,0x37,0x00,
  0x4b,0x69,0x6e,0x65,0x74,0x69,0x63,0x20,0x65,0x6e,0x65,0x72,0x67,0x79,0x20,0x65,
  0x71,0x75,0x61,0x6c,0x73,0x20,0x68,0x61,0x6c,0x66,0x20,0x6d,0x61,0x73,0x73,0x20,
  0x74,0x69,0x6d,0x65,0x73,0x20,0x76,0x65,0x6c,0x6f,0x63,0x69,0x74,0x79,0x20,0x73,
  0x71,0x75,0x61,0x72,0x65,0x64,0x2e,0x05,0x76,0x65,0x6e,0x75,0x73,0x01,0x7c,0x00,
  0x56,0x65,0x6e,0x75,0x73,0x20,0x68,0x61,0x73,0x20,0x61,0x20,0x64,0x69,0x61,0x6d,
  0x65,0x74,0x65,0x72,0x20,0x6f,0x66,0x20,0x61,0x62,0x6f,0x75,0x74,0x20,0x31,0x32,
  0x31,0x30,0x34,0x20,0x6b,0x6d,0x2c,0x20,0x6f,0x72,0x62,0x69,0x74,0x73,0x20,0x61,
  0x62,0x6f,0x75,0x74,0x20,0x31,0x30,0x38,0x2e,0x32,0x20,0x6d,0x69,0x6c,0x6c,0x69,
  0x6f,0x6e,0x20,0x6b,0x6d,0x20,0x66,0x72,0x6f,0x6d,0x20,0x74,0x68,0x65,0x20,0x53,
  0x75,0x6e,0x2c,0x20,0x61,0x6e,0x64,0x20,0x74,0x61,0x6b,0x65,0x73,0x20,0x61,0x62,
  0x6f,0x75,0x74,0x20,0x32,0x32,0x35,0x20,0x45,0x61,0x72,0x74,0x68,0x20,0x64,0x61,
  0x79,0x73,0x20,0x74,0x6f,0x20,0x6f,0x72,0x62,0x69,0x74,0x2e,0x06,0x76,0x69,0x6f,
  0x6c,0x65,0x74,0x01,0x29,0x00,0x41,0x20,0x76,0x69,0x6f,0x6c,0x65,0x74,0x20,0x72,
  0x65,0x73,0x69,0x73,0x74,0x6f,0x72,0x20,0x62,0x61,0x6e,0x64,0x20,0x6d,0x65,0x61,
  0x6e,0x73,0x20,0x74,0x68,0x65,0x20,0x64,0x69,0x67,0x69,0x74,0x20,0x37,0x2e,0x0b,
  0x76,0x69,0x6f,0x6c,0x65,0x74,0x20,0x62,0x61,0x6e,0x64,0x01,0x29,0x00,0x41,0x20,
  0x76,0x69,0x6f,0x6c,0x65,0x74,0x20,0x72,0x65,0x73,0x69,0x73,0x74,0x6f,0x72,0x20,
  0x62,0x61,0x6e,0x64,0x20,0x6d,0x65,0x61,0x6e,0x73,0x20,0x74,0x68,0x65,0x20,0x64,
  0x69,0x67,0x69,0x74,0x20,0x37,0x2e,0x07,0x76,0x6f,0x6c,0x74,0x61,0x67,0x65,0x06,
  0x28,0x00,0x56,0x6f,0x6c,0x74,0x61,0x67,0x65,0x20,0x65,0x71,0x75,0x61,0x6c,0x73,
  0x20,0x63,0x75,0x72,0x72,0x65,0x6e,0x74,0x20,0x74,0x69,0x6d,0x65,0x73,0x20,0x72,
  0x65,0x73,0x69,0x73,0x74,0x61,0x6e,0x63,0x65,0x2e,0x23,0x00,0x50,0x6f,0x77,0x65,
  0x72,0x20,0x65,0x71,0x75,0x61,0x6c,0x73,0x20,0x76,0x6f,0x6c,0x74,0x61,0x67,0x65,
  0x20,0x74,0x69,0x6d,0x65,0x73,0x20,0x63,0x75,0x72,0x72,0x65,0x6e,0x74,0x2e,0x51,
  0x00,0x46,0x6f,0x72,0x20,0x61,0x20,0x73,0x69,0x6e,0x65,0x20,0x77,0x61,0x76,0x65,
  0x2c,0x20,0x52,0x4d,0x53,0x20,0x76,0x6f,0x6c,0x74,0x61,0x67,0x65,0x20,0x69,0x73,
  0x20,0x74,0x68,0x65,0x20,0x70,0x65,0x61,0x6b,0x20,0x76,0x6f,0x6c,0x74,0x61,0x67,
  0x65,0x20,0x64,0x69,0x76,0x69,0x64,0x65,0x64,0x20,0x62,0x79,0x20,0x74,0x68,0x65,
  0x20,0x73,0x71,0x75,0x61,0x72,0x65,0x20,0x72,0x6f,0x6f,0x74,0x20,0x6f,0x66,0x20,
  0x32,0x2e,0x3a,0x00,0x54,0x68,0x65,0x20,0x76,0x6f,0x6c,0x74,0x61,0x67,0x65,0x20,
  0x72,0x61,0x74,0x69,0x6f,0x20,0x6f,0x66,0x20,0x61,0x20,0x74,0x72,0x61,0x6e,0x73,
  0x66,0x6f,0x72,0x6d,0x65,0x72,0x20,0x65,0x71,0x75,0x61,0x6c,0x73,0x20,0x69,0x74,
  0x73,0x20,0x74,0x75,0x72,0x6e,0x73,0x20,0x72,0x61,0x74,0x69,0x6f,0x2e,0x2e,0x00,
  0x54,0x68,0x65,0x20,0x76,0x6f,0x6c,0x74,0x61,0x67,0x65,0x73,0x20,0x61,0x72,0x6f,
  0x75,0x6e,0x64,0x20,0x61,0x20,0x63,0x6c,0x6f,0x73,0x65,0x64,0x20,0x6c,0x6f,0x6f,
  0x70,0x20,0x73,0x75,0x6d,0x20,0x74,0x6f,0x20,0x7a,0x65,0x72,0x6f,0x2e,0x43,0x00,
  0x41,0x20,0x76,0x6f,0x6c,0x74,0x61,0x67,0x65,0x20,0x66,0x6f,0x6c,0x6c,0x6f,0x77,
  0x65,0x72,0x20,0x68,0x61,0x73,0x20,0x61,0x20,0x67,0x61,0x69,0x6e,0x20,0x6f,0x66,
  0x20,0x31,0x20,0x61,0x6e,0x64,0x20,0x61,0x20,0x76,0x65,0x72,0x79,0x20,0x68,0x69,
  0x67,0x68,0x20,0x69,0x6e,0x70,0x75,0x74,0x20,0x69,0x6d,0x70,0x65,0x64,0x61,0x6e,
  0x63,0x65,0x2e,0x0f,0x76,0x6f,0x6c,0x74,0x61,0x67,0x65,0x20,0x64,0x69,0x76,0x69,
  0x64,0x65,0x72,0x01,0x66,0x00,0x4f,0x75,0x74,0x70,0x75,0x74,0x20,0x76,0x6f,0x6c,
  0x74,0x61,0x67,0x65,0x20,0x65,0x71,0x75,0x61,0x6c,0x73,0x20,0x69,0x6e,0x70,0x75,
  0x74,0x20,0x76,0x6f,0x6c,0x74,0x61,0x67,0x65,0x20,0x74,0x69,0x6d,0x65,0x73,0x20,
  0x74,0x68,0x65,0x20,0x6c,0x6f,0x77,0x65,0x72,0x20,0x72,0x65,0x73,0x69,0x73,0x74,
  0x61,0x6e,0x63,0x65,0x20,0x64,0x69,0x76,0x69,0x64,0x65,0x64,0x20,0x62,0x79,0x20,
  0x74,0x68,0x65,0x20,0x73,0x75,0x6d,0x20,0x6f,0x66,0x20,0x62,0x6f,0x74,0x68,0x20,
  0x72,0x65,0x73,0x69,0x73,0x74,0x61,0x6e,0x63,0x65,0x73,0x2e,0x10,0x76,0x6f,0x6c,
  0x74,0x61,0x67,0x65,0x20,0x66,0x6f,0x6c,0x6c,0x6f,0x77,0x65,0x72,0x01,0x43,0x00,
  0x41,0x20,0x76,0x6f,0x6c,0x74,0x61,0x67,0x65,0x20,0x66,0x6f,0x6c,0x6c,0x6f,0x77,
  0x65,0x72,0x20,0x68,0x61,0x73,0x20,0x61,0x20,0x67,0x61,0x69,0x6e,0x20,0x6f,0x66,
  0x20,0x31,0x20,0x61,0x6e,0x64,0x20,0x61,0x20,0x76,0x65,0x72,0x79,0x20,0x68,0x69,
  0x67,0x68,0x20,0x69,0x6e,0x70,0x75,0x74,0x20,0x69,0x6d,0x70,0x65,0x64,0x61,0x6e,
  0x63,0x65,0x2e,0x05,0x77,0x61,0x74,0x65,0x72,0x06,0x35,0x00,0x54,0x68,0x65,0x20,
  0x73,0x70,0x65,0x63,0x69,0x66,0x69,0x63,0x20,0x68,0x65,0x61,0x74,0x20,0x63,0x61,
  0x70,0x61,0x63,0x69,0x74,0x79,0x20,0x6f,0x66,0x20,0x77,0x61,0x74,0x65,0x72,0x20,
  0x69,0x73,0x20,0x34,0x31,0x38,0x36,0x20,0x4a,0x2f,0x28,0x6b,0x67,0x20,0x4b,0x29,
  0x2e,0x44,0x00,0x57,0x61,0x74,0x65,0x72,0x20,0x62,0x6f,0x69,0x6c,0x73,0x20,0x61,
  0x74,0x20,0x31,0x30,0x30,0x20,0x64,0x65,0x67,0x72,0x65,0x65,0x73,0x20,0x43,0x65,
  0x6c,0x73,0x69,0x75,0x73,0x20,0x61,0x74,0x20,0x73,0x74,0x61,0x6e,0x64,0x61,0x72,
  0x64,0x20,0x61,0x74,0x6d,0x6f,0x73,0x70,0x68,0x65,0x72,0x69,0x63,0x20,0x70,0x72,
  0x65,0x73,0x73,0x75,0x72,0x65,0x2e,0x44,0x00,0x57,0x61,0x74,0x65,0x72,0x20,0x66,
  0x72,0x65,0x65,0x7a,0x65,0x73,0x20,0x61,0x74,0x20,0x30,0x20,0x64,0x65,0x67,0x72,
  0x65,0x65,0x73,0x20,0x43,0x65,0x6c,0x73,0x69,0x75,0x73,0x20,0x61,0x74,0x20,0x73,
  0x74,0x61,0x6e,0x64,0x61,0x72,0x64,0x20,0x61,0x74,0x6d,0x6f,0x73,0x70,0x68,0x65,
  0x72,0x69,0x63,0x20,0x70,0x72,0x65,0x73,0x73,0x75,0x72,0x65,0x2e,0x2c,0x00,0x54,
  0x68,0x65,0x20,0x72,0x65,0x66,0x72,0x61,0x63,0x74,0x69,0x76,0x65,0x20,0x69,0x6e,
  0x64,0x65,0x78,0x20,0x6f,0x66,0x20,0x77,0x61,0x74,0x65,0x72,0x20,0x69,0x73,0x20,
  0x61,0x62,0x6f,0x75,0x74,0x20,0x31,0x2e,0x33,0x33,0x2e,0x37,0x00,0x54,0x68,0x65,
  0x20,0x64,0x65,0x6e,0x73,0x69,0x74,0x79,0x20,0x6f,0x66,0x20,0x77,0x61,0x74,0x65,
  0x72,0x20,0x69,0x73,0x20,0x31,0x30,0x30,0x30,0x20,0x6b,0x69,0x6c,0x6f,0x67,0x72,
  0x61,0x6d,0x73,0x20,0x70,0x65,0x72,0x20,0x63,0x75,0x62,0x69,0x63,0x20,0x6d,0x65,
  0x74,0x72,0x65,0x2e,0x30,0x00,0x54,0x68,0x65,0x20,0x6d,0x65,0x6c,0x74,0x69,0x6e,
  0x67,0x20,0x70,0x6f,0x69,0x6e,0x74,0x20,0x6f,0x66,0x20,0x77,0x61,0x74,0x65,0x72,
  0x20,0x69,0x73,0x20,0x30,0x20,0x64,0x65,0x67,0x72,0x65,0x65,0x73,0x20,0x43,0x65,
  0x6c,0x73,0x69,0x75,0x73,0x2e,0x0d,0x77,0x61,0x74,0x65,0x72,0x20,0x62,0x6f,0x69,
  0x6c,0x69,0x6e,0x67,0x01,0x44,0x00,0x57,0x61,0x74,0x65,0x72,0x20,0x62,0x6f,0x69,
  0x6c,0x73,0x20,0x61,0x74,0x20,0x31,0x30,0x30,0x20,0x64,0x65,0x67,0x72,0x65,0x65,
  0x73,0x20,0x43,0x65,0x6c,0x73,0x69,0x75,0x73,0x20,0x61,0x74,0x20,0x73,0x74,0x61,
  0x6e,0x64,0x61,0x72,0x64,0x20,0x61,0x74,0x6d,0x6f,0x73,0x70,0x68,0x65,0x72,0x69,
  0x63,0x20,0x70,0x72,0x65,0x73,0x73,0x75,0x72,0x65,0x2e,0x0d,0x77,0x61,0x74,0x65,
  0x72,0x20,0x64,0x65,0x6e,0x73,0x69,0x74,0x79,0x01,0x37,0x00,0x54,0x68,0x65,0x20,
  0x64,0x65,0x6e,0x73,0x69,0x74,0x79,0x20,0x6f,0x66,0x20,0x77,0x61,0x74,0x65,0x72,
  0x20,0x69,0x73,0x20,0x31,0x30,0x30,0x30,0x20,0x6b,0x69,0x6c,0x6f,0x67,0x72,0x61,
  0x6d,0x73,0x20,0x70,0x65,0x72,0x20,0x63,0x75,0x62,0x69,0x63,0x20,0x6d,0x65,0x74,
  0x72,0x65,0x2e,0x0e,0x77,0x61,0x74,0x65,0x72,0x20,0x66,0x72,0x65,0x65,0x7a,0x69,
  0x6e,0x67,0x01,0x44,0x00,0x57,0x61,0x74,0x65,0x72,0x20,0x66,0x72,0x65,0x65,0x7a,
  0x65,0x73,0x20,0x61,0x74,0x20,0x30,0x20,0x64,0x65,0x67,0x72,0x65,0x65,0x73,0x20,
  0x43,0x65,0x6c,0x73,0x69,0x75,0x73,0x20,0x61,0x74,0x20,0x73,0x74,0x61,0x6e,0x64,
  0x61,0x72,0x64,0x20,0x61,0x74,0x6d,0x6f,0x73,0x70,0x68,0x65,0x72,0x69,0x63,0x20,
  0x70,0x72,0x65,0x73,0x73,0x75,0x72,0x65,0x2e,0x0a,0x77,0x61,0x74,0x65,0x72,0x20,
  0x68,0x65,0x61,0x74,0x01,0x35,0x00,0x54,0x68,0x65,0x20,0x73,0x70,0x65,0x63,0x69,
  0x66,0x69,0x63,0x20,0x68,0x65,0x61,0x74,0x20,0x63,0x61,0x70,0x61,0x63,0x69,0x74,
  0x79,0x20,0x6f,0x66,0x20,0x77,0x61,0x74,0x65,0x72,0x20,0x69,0x73,0x20,0x34,0x31,
  0x38,0x36,0x20,0x4a,0x2f,0x28,0x6b,0x67,0x20,0x4b,0x29,0x2e,0x0d,0x77,0x61,0x74,
  0x65,0x72,0x20,0x6d,0x65,0x6c,0x74,0x69,0x6e,0x67,0x01,0x30,0x00,0x54,0x68,0x65,
  0x20,0x6d,0x65,0x6c,0x74,0x69,0x6e,0x67,0x20,0x70,0x6f,0x69,0x6e,0x74,0x20,0x6f,
  0x66,0x20,0x77,0x61,0x74,0x65,0x72,0x20,0x69,0x73,0x20,0x30,0x20,0x64,0x65,0x67,
  0x72,0x65,0x65,0x73,0x20,0x43,0x65,0x6c,0x73,0x69,0x75,0x73,0x2e,0x13,0x77,0x61,
  0x74,0x65,0x72,0x20,0x6d,0x65,0x6c,0x74,0x69,0x6e,0x67,0x20,0x70,0x6f,0x69,0x6e,
  0x74,0x01,0x30,0x00,0x54,0x68,0x65,0x20,0x6d,0x65,0x6c,0x74,0x69,0x6e,0x67,0x20,
  0x70,0x6f,0x69,0x6e,0x74,0x20,0x6f,0x66,0x20,0x77,0x61,0x74,0x65,0x72,0x20,0x69,
  0x73,0x20,0x30,0x20,0x64,0x65,0x67,0x72,0x65,0x65,0x73,0x20,0x43,0x65,0x6c,0x73,
  0x69,0x75,0x73,0x2e,0x0b,0x77,0x61,0x74,0x65,0x72,0x20,0x70,0x6f,0x69,0x6e,0x74,
  0x01,0x30,0x00,0x54,0x68,0x65,0x20,0x6d,0x65,0x6c,0x74,0x69,0x6e,0x67,0x20,0x70,
  0x6f,0x69,0x6e,0x74,0x20,0x6f,0x66,0x20,0x77,0x61,0x74,0x65,0x72,0x20,0x69,0x73,
  0x20,0x30,0x20,0x64,0x65,0x67,0x72,0x65,0x65,0x73,0x20,0x43,0x65,0x6c,0x73,0x69,
  0x75,0x73,0x2e,0x0e,0x77,0x61,0x74,0x65,0x72,0x20,0x73,0x70,0x65,0x63,0x69,0x66,
  0x69,0x63,0x01,0x35,0x00,0x54,0x68,0x65,0x20,0x73,0x70,0x65,0x63,0x69,0x66,0x69,
  0x63,0x20,0x68,0x65,0x61,0x74,0x20,0x63,0x61,0x70,0x61,0x63,0x69,0x74,0x79,0x20,
  0x6f,0x66,0x20,0x77,0x61,0x74,0x65,0x72,0x20,0x69,0x73,0x20,0x34,0x31,0x38,0x36,
  0x20,0x4a,0x2f,0x28,0x6b,0x67,0x20,0x4b,0x29,0x2e,0x13,0x77,0x61,0x74,0x65,0x72,
  0x20,0x73,0x70,0x65,0x63,0x69,0x66,0x69,0x63,0x20,0x68,0x65,0x61,0x74,0x01,0x35,
  0x00,0x54,0x68,0x65,0x20,0x73,0x70,0x65,0x63,0x69,0x66,0x69,0x63,0x20,0x68,0x65,
  0x61,0x74,0x20,0x63,0x61,0x70,0x61,0x63,0x69,0x74,0x79,0x20,0x6f,0x66,0x20,0x77,
  0x61,0x74,0x65,0x72,0x20,0x69,0x73,0x20,0x34,0x31,0x38,0x36,0x20,0x4a,0x2f,0x28,
  0x6b,0x67,0x20,0x4b,0x29,0x2e,0x04,0x77,0x61,0x74,0x74,0x01,0x21,0x00,0x4f,0x6e,
  0x65,0x20,0x77,0x61,0x74,0x74,0x20,0x69,0x73,0x20,0x6f,0x6e,0x65,0x20,0x6a,0x6f,
  0x75,0x6c,0x65,0x20,0x70,0x65,0x72,0x20,0x73,0x65,0x63,0x6f,0x6e,0x64,0x2e,0x04,
  0x77,0x61,0x76,0x65,0x01,0x2d,0x00,0x57,0x61,0x76,0x65,0x20,0x73,0x70,0x65,0x65,
  0x64,0x20,0x65,0x71,0x75,0x61,0x6c,0x73,0x20,0x66,0x72,0x65,0x71,0x75,0x65,0x6e,
  0x63,0x79,0x20,0x74,0x69,0x6d,0x65,0x73,0x20,0x77,0x61,0x76,0x65,0x6c,0x65,0x6e,
  0x67,0x74,0x68,0x2e,0x0a,0x77,0x61,0x76,0x65,0x20,0x73,0x70,0x65,0x65,0x64,0x01,
  0x2d,0x00,0x57,0x61,0x76,0x65,0x20,0x73,0x70,0x65,0x65,0x64,0x20,0x65,0x71,0x75,
  0x61,0x6c,0x73,0x20,0x66,0x72,0x65,0x71,0x75,0x65,0x6e,0x63,0x79,0x20,0x74,0x69,
  0x6d,0x65,0x73,0x20,0x77,0x61,0x76,0x65,0x6c,0x65,0x6e,0x67,0x74,0x68,0x2e,0x05,
  0x77,0x68,0x69,0x74,0x65,0x02,0x28,0x00,0x41,0x20,0x77,0x68,0x69,0x74,0x65,0x20,
  0x72,0x65,0x73,0x69,0x73,0x74,0x6f,0x72,0x20,0x62,0x61,0x6e,0x64,0x20,0x6d,0x65,
  0x61,0x6e,0x73,0x20,0x74,0x68,0x65,0x20,0x64,0x69,0x67,0x69,0x74,0x20,0x39,0x2e,
  0x35,0x00,0x41,0x20,0x77,0x68,0x69,0x74,0x65,0x20,0x4c,0x45,0x44,0x20,0x68,0x61,
  0x73,0x20,0x61,0x20,0x66,0x6f,0x72,0x77,0x61,0x72,0x64,0x20,0x76,0x6f,0x6c,0x74,
  0x61,0x67,0x65,0x20,0x6f,0x66,0x20,0x61,0x62,0x6f,0x75,0x74,0x20,0x33,0x2e,0x32,
  0x20,0x76,0x6f,0x6c,0x74,0x73,0x2e,0x0a,0x77,0x68,0x69,0x74,0x65,0x20,0x62,0x61,
  0x6e,0x64,0x01,0x28,0x00,0x41,0x20,0x77,0x68,0x69,0x74,0x65,0x20,0x72,0x65,0x73,
  0x69,0x73,0x74,0x6f,0x72,0x20,0x62,0x61,0x6e,0x64,0x20,0x6d,0x65,0x61,0x6e,0x73,
  0x20,0x74,0x68,0x65,0x20,0x64,0x69,0x67,0x69,0x74,0x20,0x39,0x2e,0x09,0x77,0x68,
  0x69,0x74,0x65,0x20,0x6c,0x65,0x64,0x01,0x35,0x00,0x41,0x20,0x77,0x68,0x69,0x74,
  0x65,0x20,0x4c,0x45,0x44,0x20,0x68,0x61,0x73,0x20,0x61,0x20,0x66,0x6f,0x72,0x77,
  0x61,0x72,0x64,0x20,0x76,0x6f,0x6c,0x74,0x61,0x67,0x65,0x20,0x6f,0x66,0x20,0x61,
  0x62,0x6f,0x75,0x74,0x20,0x33,0x2e,0x32,0x20,0x76,0x6f,0x6c,0x74,0x73,0x2e,0x04,
  0x77,0x69,0x72,0x65,0x01,0x40,0x00,0x57,0x69,0x72,0x65,0x20,0x72,0x65,0x73,0x69,
  0x73,0x74,0x61,0x6e,0x63,0x65,0x20,0x65,0x71,0x75,0x61,0x6c,0x73,0x20,0x72,0x65,
  0x73,0x69,0x73,0x74,0x69,0x76,0x69,0x74,0x79,0x20,0x74,0x69,0x6d,0x65,0x73,0x20,
  0x6c,0x65,0x6e,0x67,0x74,0x68,0x20,0x64,0x69,0x76,0x69,0x64,0x65,0x64,0x20,0x62,
  0x79,0x20,0x61,0x72,0x65,0x61,0x2e,0x0f,0x77,0x69,0x72,0x65,0x20,0x72,0x65,0x73,
  0x69,0x73,0x74,0x61,0x6e,0x63,0x65,0x01,0x40,0x00,0x57,0x69,0x72,0x65,0x20,0x72,
  0x65,0x73,0x69,0x73,0x74,0x61,0x6e,0x63,0x65,0x20,0x65,0x71,0x75,0x61,0x6c,0x73,
  0x20,0x72,0x65,0x73,0x69,0x73,0x74,0x69,0x76,0x69,0x74,0x79,0x20,0x74,0x69,0x6d,
  0x65,0x73,0x20,0x6c,0x65,0x6e,0x67,0x74,0x68,0x20,0x64,0x69,0x76,0x69,0x64,0x65,
  0x64,0x20,0x62,0x79,0x20,0x61,0x72,0x65,0x61,0x2e,0x04,0x77,0x6f,0x72,0x6b,0x02,
  0x21,0x00,0x57,0x6f,0x72,0x6b,0x20,0x65,0x71,0x75,0x61,0x6c,0x73,0x20,0x66,0x6f,
  0x72,0x63,0x65,0x20,0x74,0x69,0x6d,0x65,0x73,0x20,0x64,0x69,0x73,0x74,0x61,0x6e,
  0x63,0x65,0x2e,0x22,0x00,0x50,0x6f,0x77,0x65,0x72,0x20,0x65,0x71,0x75,0x61,0x6c,
  0x73,0x20,0x77,0x6f,0x72,0x6b,0x20,0x64,0x69,0x76,0x69,0x64,0x65,0x64,0x20,0x62,
  0x79,0x20,0x74,0x69,0x6d,0x65,0x2e,0x06,0x79,0x65,0x6c,0x6c,0x6f,0x77,0x01,0x29,
  0x00,0x41,0x20,0x79,0x65,0x6c,0x6c,0x6f,0x77,0x20,0x72,0x65,0x73,0x69,0x73,0x74,
  0x6f,0x72,0x20,0x62,0x61,0x6e,0x64,0x20,0x6d,0x65,0x61,0x6e,0x73,0x20,0x74,0x68,
  0x65,0x20,0x64,0x69,0x67,0x69,0x74,0x20,0x34,0x2e,0x0b,0x79,0x65,0x6c,0x6c,0x6f,
  0x77,0x20,0x62,0x61,0x6e,0x64,0x01,0x29,0x00,0x41,0x20,0x79,0x65,0x6c,0x6c,0x6f,
  0x77,0x20,0x72,0x65,0x73,0x69,0x73,0x74,0x6f,0x72,0x20,0x62,0x61,0x6e,0x64,0x20,
  0x6d,0x65,0x61,0x6e,0x73,0x20,0x74,0x68,0x65,0x20,0x64,0x69,0x67,0x69,0x74,0x20,
  0x34,0x2e,0x06,0x79,0x6f,0x75,0x6e,0x67,0x73,0x01,0x30,0x00,0x59,0x6f,0x75,0x6e,
  0x67,0x27,0x73,0x20,0x6d,0x6f,0x64,0x75,0x6c,0x75,0x73,0x20,0x65,0x71,0x75,0x61,
  0x6c,0x73,0x20,0x73,0x74,0x72,0x65,0x73,0x73,0x20,0x64,0x69,0x76,0x69,0x64,0x65,
  0x64,0x20,0x62,0x79,0x20,0x73,0x74,0x72,0x61,0x69,0x6e,0x2e,0x0e,0x79,0x6f,0x75,
  0x6e,0x67,0x73,0x20,0x6d,0x6f,0x64,0x75,0x6c,0x75,0x73,0x01,0x30,0x00,0x59,0x6f,
  0x75,0x6e,0x67,0x27,0x73,0x20,0x6d,0x6f,0x64,0x75,0x6c,0x75,0x73,0x20,0x65,0x71,
  0x75,0x61,0x6c,0x73,0x20,0x73,0x74,0x72,0x65,0x73,0x73,0x20,0x64,0x69,0x76,0x69,
  0x64,0x65,0x64,0x20,0x62,0x79,0x20,0x73,0x74,0x72,0x61,0x69,0x6e,0x2e,0x05,0x7a,
  0x65,0x6e,0x65,0x72,0x01,0x62,0x00,0x41,0x20,0x5a,0x65,0x6e,0x65,0x72,0x20,0x64,
  0x69,0x6f,0x64,0x65,0x20,0x68,0x6f,0x6c,0x64,0x73,0x20,0x61,0x20,0x73,0x74,0x65,
  0x61,0x64,0x79,0x20,0x76,0x6f,0x6c,0x74,0x61,0x67,0x65,0x20,0x61,0x63,0x72,0x6f,
  0x73,0x73,0x20,0x69,0x74,0x73,0x65,0x6c,0x66,0x20,0x77,0x68,0x65,0x6e,0x20,0x72,
  0x65,0x76,0x65,0x72,0x73,0x65,0x20,0x62,0x69,0x61,0x73,0x65,0x64,0x20,0x70,0x61,
  0x73,0x74,0x20,0x69,0x74,0x73,0x20,0x62,0x72,0x65,0x61,0x6b,0x64,0x6f,0x77,0x6e,
  0x20,0x76,0x6f,0x6c,0x74,0x61,0x67,0x65,0x2e,0x0b,0x7a,0x65,0x6e,0x65,0x72,0x20,
  0x64,0x69,0x6f,0x64,0x65,0x01,0x62,0x00,0x41,0x20,0x5a,0x65,0x6e,0x65,0x72,0x20,
  0x64,0x69,0x6f,0x64,0x65,0x20,0x68,0x6f,0x6c,0x64,0x73,0x20,0x61,0x20,0x73,0x74,
  0x65,0x61,0x64,0x79,0x20,0x76,0x6f,0x6c,0x74,0x61,0x67,0x65,0x20,0x61,0x63,0x72,
  0x6f,0x73,0x73,0x20,0x69,0x74,0x73,0x65,0x6c,0x66,0x20,0x77,0x68,0x65,0x6e,0x20,
  0x72,0x65,0x76,0x65,0x72,0x73,0x65,0x20,0x62,0x69,0x61,0x73,0x65,0x64,0x20,0x70,
  0x61,0x73,0x74,0x20,0x69,0x74,0x73,0x20,0x62,0x72,0x65,0x61,0x6b,0x64,0x6f,0x77,
  0x6e,0x20,0x76,0x6f,0x6c,0x74,0x61,0x67,0x65,0x2e,0x04,0x7a,0x65,0x72,0x6f,0x01,
  0x37,0x00,0x41,0x62,0x73,0x6f,0x6c,0x75,0x74,0x65,0x20,0x7a,0x65,0x72,0x6f,0x20,
  0x69,0x73,0x20,0x30,0x20,0x4b,0x2c,0x20,0x77,0x68,0x69,0x63,0x68,0x20,0x69,0x73,
  0x20,0x2d,0x32,0x37,0x33,0x2e,0x31,0x35,0x20,0x64,0x65,0x67,0x72,0x65,0x65,0x73,
  0x20,0x43,0x65,0x6c,0x73,0x69,0x75,0x73,0x2e,0x04,0x7a,0x69,0x6e,0x63,0x05,0x3c,
  0x00,0x5a,0x69,0x6e,0x63,0x20,0x68,0x61,0x73,0x20,0x73,0x79,0x6d,0x62,0x6f,0x6c,
  0x20,0x5a,0x6e,0x2c,0x20,0x61,0x74,0x6f,0x6d,0x69,0x63,0x20,0x6e,0x75,0x6d,0x62,
  0x65,0x72,0x20,0x33,0x30,0x2c,0x20,0x61,0x6e,0x64,0x20,0x61,0x74,0x6f,0x6d,0x69,
  0x63,0x20,0x6d,0x61,0x73,0x73,0x20,0x36,0x35,0x2e,0x33,0x38,0x2e,0x36,0x00,0x54,
  0x68,0x65,0x20,0x64,0x65,0x6e,0x73,0x69,0x74,0x79,0x20,0x6f,0x66,0x20,0x7a,0x69,
  0x6e,0x63,0x20,0x69,0x73,0x20,0x37,0x31,0x34,0x30,0x20,0x6b,0x69,0x6c,0x6f,0x67,
  0x72,0x61,0x6d,0x73,0x20,0x70,0x65,0x72,0x20,0x63,0x75,0x62,0x69,0x63,0x20,0x6d,
  0x65,0x74,0x72,0x65,0x2e,0x31,0x00,0x54,0x68,0x65,0x20,0x6d,0x65,0x6c,0x74,0x69,
  0x6e,0x67,0x20,0x70,0x6f,0x69,0x6e,0x74,0x20,0x6f,0x66,0x20,0x7a,0x69,0x6e,0x63,
  0x20,0x69,0x73,0x20,0x34,0x32,0x30,0x20,0x64,0x65,0x67,0x72,0x65,0x65,0x73,0x20,
  0x43,0x65,0x6c,0x73,0x69,0x75,0x73,0x2e,0x33,0x00,0x54,0x68,0x65,0x20,0x61,0x74,
  0x6f,0x6d,0x69,0x63,0x20,0x6d,0x61,0x73,0x73,0x20,0x6f,0x66,0x20,0x7a,0x69,0x6e,
  0x63,0x20,0x69,0x73,0x20,0x36,0x35,0x2e,0x33,0x38,0x20,0x61,0x74,0x6f,0x6d,0x69,
  0x63,0x20,0x6d,0x61,0x73,0x73,0x20,0x75,0x6e,0x69,0x74,0x73,0x2e,0x20,0x00,0x54,
  0x68,0x65,0x20,0x61,0x74,0x6f,0x6d,0x69,0x63,0x20,0x6e,0x75,0x6d,0x62,0x65,0x72,
  0x20,0x6f,0x66,0x20,0x7a,0x69,0x6e,0x63,0x20,0x69,0x73,0x20,0x33,0x30,0x2e,0x0b,
  0x7a,0x69,0x6e,0x63,0x20,0x61,0x74,0x6f,0x6d,0x69,0x63,0x02,0x33,0x00,0x54,0x68,
  0x65,0x20,0x61,0x74,0x6f,0x6d,0x69,0x63,0x20,0x6d,0x61,0x73,0x73,0x20,0x6f,0x66,
  0x20,0x7a,0x69,0x6e,0x63,0x20,0x69,0x73,0x20,0x36,0x35,0x2e,0x33,0x38,0x20,0x61,
  0x74,0x6f,0x6d,0x69,0x63,0x20,0x6d,0x61,0x73,0x73,0x20,0x75,0x6e,0x69,0x74,0x73,
  0x2e,0x20,0x00,0x54,0x68,0x65,0x20,0x61,0x74,0x6f,0x6d,0x69,0x63,0x20,0x6e,0x75,
  0x6d,0x62,0x65,0x72,0x20,0x6f,0x66,0x20,0x7a,0x69,0x6e,0x63,0x20,0x69,0x73,0x20,
  0x33,0x30,0x2e,0x10,0x7a,0x69,0x6e,0x63,0x20,0x61,0x74,0x6f,0x6d,0x69,0x63,0x20,
  0x6d,0x61,0x73,0x73,0x01,0x33,0x00,0x54,0x68,0x65,0x20,0x61,0x74,0x6f,0x6d,0x69,
  0x63,0x20,0x6d,0x61,0x73,0x73,0x20,0x6f,0x66,0x20,0x7a,0x69,0x6e,0x63,0x20,0x69,
  0x73,0x20,0x36,0x35,0x2e,0x33,0x38,0x20,0x61,0x74,0x6f,0x6d,0x69,0x63,0x20,0x6d,
  0x61,0x73,0x73,0x20,0x75,0x6e,0x69,0x74,0x73,0x2e,0x12,0x7a,0x69,0x6e,0x63,0x20,
  0x61,0x74,0x6f,0x6d,0x69,0x63,0x20,0x6e,0x75,0x6d,0x62,0x65,0x72,0x01,0x20,0x00,
  0x54,0x68,0x65,0x20,0x61,0x74,0x6f,0x6d,0x69,0x63,0x20,0x6e,0x75,0x6d,0x62,0x65,
  0x72,0x20,0x6f,0x66,0x20,0x7a,0x69,0x6e,0x63,0x20,0x69,0x73,0x20,0x33,0x30,0x2e,
  0x0c,0x7a,0x69,0x6e,0x63,0x20,0x64,0x65,0x6e,0x73,0x69,0x74,0x79,0x01,0x36,0x00,
  0x54,0x68,0x65,0x20,0x64,0x65,0x6e,0x73,0x69,0x74,0x79,0x20,0x6f,0x66,0x20,0x7a,
  0x69,0x6e,0x63,0x20,0x69,0x73,0x20,0x37,0x31,0x34,0x30,0x20,0x6b,0x69,0x6c,0x6f,
  0x67,0x72,0x61,0x6d,0x73,0x20,0x70,0x65,0x72,0x20,0x63,0x75,0x62,0x69,0x63,0x20,
  0x6d,0x65,0x74,0x72,0x65,0x2e,0x09,0x7a,0x69,0x6e,0x63,0x20,0x6d,0x61,0x73,0x73,
  0x01,0x33,0x00,0x54,0x68,0x65,0x20,0x61,0x74,0x6f,0x6d,0x69,0x63,0x20,0x6d,0x61,
  0x73,0x73,0x20,0x6f,0x66,0x20,0x7a,0x69,0x6e,0x63,0x20,0x69,0x73,0x20,0x36,0x35,
  0x2e,0x33,0x38,0x20,0x61,0x74,0x6f,0x6d,0x69,0x63,0x20,0x6d,0x61,0x73,0x73,0x20,
  0x75,0x6e,0x69,0x74,0x73,0x2e,0x0c,0x7a,0x69,0x6e,0x63,0x20,0x6d,0x65,0x6c,0x74,
  0x69,0x6e,0x67,0x01,0x31,0x00,0x54,0x68,0x65,0x20,0x6d,0x65,0x6c,0x74,0x69,0x6e,
  0x67,0x20,0x70,0x6f,0x69,0x6e,0x74,0x20,0x6f,0x66,0x20,0x7a,0x69,0x6e,0x63,0x20,
  0x69,0x73,0x20,0x34,0x32,0x30,0x20,0x64,0x65,0x67,0x72,0x65,0x65,0x73,0x20,0x43,
  0x65,0x6c,0x73,0x69,0x75,0x73,0x2e,0x12,0x7a,0x69,0x6e,0x63,0x20,0x6d,0x65,0x6c,
  0x74,0x69,0x6e,0x67,0x20,0x70,0x6f,0x69,0x6e,0x74,0x01,0x31,0x00,0x54,0x68,0x65,
  0x20,0x6d,0x65,0x6c,0x74,0x69,0x6e,0x67,0x20,0x70,0x6f,0x69,0x6e,0x74,0x20,0x6f,
  0x66,0x20,0x7a,0x69,0x6e,0x63,0x20,0x69,0x73,0x20,0x34,0x32,0x30,0x20,0x64,0x65,
  0x67,0x72,0x65,0x65,0x73,0x20,0x43,0x65,0x6c,0x73,0x69,0x75,0x73,0x2e,0x0b,0x7a,
  0x69,0x6e,0x63,0x20,0x6e,0x75,0x6d,0x62,0x65,0x72,0x01,0x20,0x00,0x54,0x68,0x65,
  0x20,0x61,0x74,0x6f,0x6d,0x69,0x63,0x20,0x6e,0x75,0x6d,0x62,0x65,0x72,0x20,0x6f,
  0x66,0x20,0x7a,0x69,0x6e,0x63,0x20,0x69,0x73,0x20,0x33,0x30,0x2e,0x0a,0x7a,0x69,
  0x6e,0x63,0x20,0x70,0x6f,0x69,0x6e,0x74,0x01,0x31,0x00,0x54,0x68,0x65,0x20,0x6d,
  0x65,0x6c,0x74,0x69,0x6e,0x67,0x20,0x70,0x6f,0x69,0x6e,0x74,0x20,0x6f,0x66,0x20,
  0x7a,0x69,0x6e,0x63,0x20,0x69,0x73,0x20,0x34,0x32,0x30,0x20,0x64,0x65,0x67,0x72,
  0x65,0x65,0x73,0x20,0x43,0x65,0x6c,0x73,0x69,0x75,0x73,0x2e,0x31,0x30,0x31,0x00,
  0x00,0x00,0x00,0x00,0x00,0x00,0x00,0x00,0x00,0x00,0x00,0x00,0x00,0x00,0x00,0x00,
  0x00,0x00,0x00,0x00,0x00,0x00,0x10,0x00,0x00,0x00,0x28,0x00,0x31,0x30,0x32,0x00,
  0x00,0x00,0x00,0x00,0x00,0x00,0x00,0x00,0x00,0x00,0x00,0x00,0x00,0x00,0x00,0x00,
  0x00,0x00,0x00,0x00,0x00,0x00,0x38,0x00,0x00,0x00,0x26,0x00,0x31,0x30,0x33,0x00,
  0x00,0x00,0x00,0x00,0x00,0x00,0x00,0x00,0x00,0x00,0x00,0x00,0x00,0x00,0x00,0x00,
  0x00,0x00,0x00,0x00,0x00,0x00,0x5e,0x00,0x00,0x00,0x27,0x00,0x31,0x30,0x34,0x00,
  0x00,0x00,0x00,0x00,0x00,0x00,0x00,0x00,0x00,0x00,0x00,0x00,0x00,0x00,0x00,0x00,
  0x00,0x00,0x00,0x00,0x00,0x00,0x85,0x00,0x00,0x00,0x28,0x00,0x31,0x30,0x35,0x00,
  0x00,0x00,0x00,0x00,0x00,0x00,0x00,0x00,0x00,0x00,0x00,0x00,0x00,0x00,0x00,0x00,
  0x00,0x00,0x00,0x00,0x00,0x00,0xad,0x00,0x00,0x00,0x26,0x00,0x31,0x30,0x36,0x00,
  0x00,0x00,0x00,0x00,0x00,0x00,0x00,0x00,0x00,0x00,0x00,0x00,0x00,0x00,0x00,0x00,
  0x00,0x00,0x00,0x00,0x00,0x00,0xd3,0x00,0x00,0x00,0x27,0x00,0x31,0x6e,0x34,0x31,
  0x34,0x38,0x00,0x00,0x00,0x00,0x00,0x00,0x00,0x00,0x00,0x00,0x00,0x00,0x00,0x00,
  0x00,0x00,0x00,0x00,0x00,0x00,0xfa,0x00,0x00,0x00,0x57,0x00,0x32,0x32,0x31,0x00,
  0x00,0x00,0x00,0x00,0x00,0x00,0x00,0x00,0x00,0x00,0x00,0x00,0x00,0x00,0x00,0x00,
  0x00,0x00,0x00,0x00,0x00,0x00,0x51,0x01,0x00,0x00,0x28,0x00,0x32,0x32,0x32,0x00,
  0x00,0x00,0x00,0x00,0x00,0x00,0x00,0x00,0x00,0x00,0x00,0x00,0x00,0x00,0x00,0x00,
  0x00,0x00,0x00,0x00,0x00,0x00,0x79,0x01,0x00,0x00,0x28,0x00,0x32,0x32,0x34,0x00,
  0x00,0x00,0x00,0x00,0x00,0x00,0x00,0x00,0x00,0x00,0x00,0x00,0x00,0x00,0x00,0x00,
  0x00,0x00,0x00,0x00,0x00,0x00,0xa1,0x01,0x00,0x00,0x28,0x00,0x32,0x6e,0x32,0x32,
  0x32,0x32,0x00,0x00,0x00,0x00,0x00,0x00,0x00,0x00,0x00,0x00,0x00,0x00,0x00,0x00,
  0x00,0x00,0x00,0x00,0x00,0x00,0xc9,0x01,0x00,0x00,0x51,0x00,0x34,0x37,0x31,0x00,
  0x00,0x00,0x00,0x00,0x00,0x00,0x00,0x00,0x00,0x00,0x00,0x00,0x00,0x00,0x00,0x00,
  0x00,0x00,0x00,0x00,0x00,0x00,0x1a,0x02,0x00,0x00,0x28,0x00,0x34,0x37,0x33,0x00,
  0x00,0x00,0x00,0x00,0x00,0x00,0x00,0x00,0x00,0x00,0x00,0x00,0x00,0x00,0x00,0x00,
  0x00,0x00,0x00,0x00,0x00,0x00,0x42,0x02,0x00,0x00,0x27,0x00,0x35,0x35,0x35,0x00,
  0x00,0x00,0x00,0x00,0x00,0x00,0x00,0x00,0x00,0x00,0x00,0x00,0x00,0x00,0x00,0x00,
  0x00,0x00,0x00,0x00,0x00,0x00,0x69,0x02,0x00,0x00,0x9f,0x00,0x35,0x35,0x35,0x20,
  0x61,0x73,0x74,0x61,0x62,0x6c,0x65,0x00,0x00,0x00,0x00,0x00,0x00,0x00,0x00,0x00,
  0x00,0x00,0x00,0x00,0x00,0x00,0x08,0x03,0x00,0x00,0x5d,0x00,0x35,0x35,0x35,0x20,
  0x74,0x69,0x6d,0x65,0x72,0x00,0x00,0x00,0x00,0x00,0x00,0x00,0x00,0x00,0x00,0x00,
  0x00,0x00,0x00,0x00,0x00,0x00,0x65,0x03,0x00,0x00,0x55,0x00,0x37,0x38,0x30,0x35,
  0x00,0x00,0x00,0x00,0x00,0x00,0x00,0x00,0x00,0x00,0x00,0x00,0x00,0x00,0x00,0x00,
  0x00,0x00,0x00,0x00,0x00,0x00,0xba,0x03,0x00,0x00,0x4f,0x00,0x61,0x62,0x73,0x6f,
  0x6c,0x75,0x74,0x65,0x00,0x00,0x00,0x00,0x00,0x00,0x00,0x00,0x00,0x00,0x00,0x00,
  0x00,0x00,0x00,0x00,0x00,0x00,0x09,0x04,0x00,0x00,0x43,0x00,0x61,0x62,0x73,0x6f,
  0x6c,0x75,0x74,0x65,0x20,0x7a,0x65,0x72,0x6f,0x00,0x00,0x00,0x00,0x00,0x00,0x00,
  0x00,0x00,0x00,0x00,0x00,0x00,0x4c,0x04,0x00,0x00,0x48,0x00,0x61,0x63,0x63,0x65,
  0x6c,0x65,0x72,0x61,0x74,0x69,0x6f,0x6e,0x00,0x00,0x00,0x00,0x00,0x00,0x00,0x00,
  0x00,0x00,0x00,0x00,0x00,0x00,0x94,0x04,0x00,0x00,0x6e,0x00,0x61,0x63,0x69,0x64,
  0x00,0x00,0x00,0x00,0x00,0x00,0x00,0x00,0x00,0x00,0x00,0x00,0x00,0x00,0x00,0x00,
  0x00,0x00,0x00,0x00,0x00,0x00,0x02,0x05,0x00,0x00,0x4a,0x00,0x61,0x63,0x69,0x64,
  0x20,0x63,0x65,0x6c,0x6c,0x00,0x00,0x00,0x00,0x00,0x00,0x00,0x00,0x00,0x00,0x00,
  0x00,0x00,0x00,0x00,0x00,0x00,0x4c,0x05,0x00,0x00,0x4f,0x00,0x61,0x64,0x63,0x00,
  0x00,0x00,0x00,0x00,0x00,0x00,0x00,0x00,0x00,0x00,0x00,0x00,0x00,0x00,0x00,0x00,
  0x00,0x00,0x00,0x00,0x00,0x00,0x9b,0x05,0x00,0x00,0x00,0x01,0x61,0x64,0x63,0x20,
  0x72,0x65,0x73,0x6f,0x6c,0x75,0x74,0x69,0x6f,0x6e,0x00,0x00,0x00,0x00,0x00,0x00,
  0x00,0x00,0x00,0x00,0x00,0x00,0x9b,0x06,0x00,0x00,0x41,0x00,0x61,0x64,0x63,0x20,
  0x73,0x74,0x65,0x70,0x00,0x00,0x00,0x00,0x00,0x00,0x00,0x00,0x00,0x00,0x00,0x00,
  0x00,0x00,0x00,0x00,0x00,0x00,0xdc,0x06,0x00,0x00,0x5b,0x00,0x61,0x64,0x76,0x61,
  0x6e,0x74,0x61,0x67,0x65,0x00,0x00,0x00,0x00,0x00,0x00,0x00,0x00,0x00,0x00,0x00,
  0x00,0x00,0x00,0x00,0x00,0x00,0x37,0x07,0x00,0x00,0x55,0x00,0x61,0x69,0x72,0x00,
  0x00,0x00,0x00,0x00,0x00,0x00,0x00,0x00,0x00,0x00,0x00,0x00,0x00,0x00,0x00,0x00,
  0x00,0x00,0x00,0x00,0x00,0x00,0x8c,0x07,0x00,0x00,0x50,0x00,0x61,0x69,0x72,0x20,
  0x64,0x65,0x6e,0x73,0x69,0x74,0x79,0x00,0x00,0x00,0x00,0x00,0x00,0x00,0x00,0x00,
  0x00,0x00,0x00,0x00,0x00,0x00,0xdc,0x07,0x00,0x00,0x58,0x00,0x61,0x6c,0x6b,0x61,
  0x6c,0x69,0x6e,0x65,0x00,0x00,0x00,0x00,0x00,0x00,0x00,0x00,0x00,0x00,0x00,0x00,
  0x00,0x00,0x00,0x00,0x00,0x00,0x34,0x08,0x00,0x00,0x2d,0x00,0x61,0x6c,0x6b,0x61,
  0x6c,0x69,0x6e,0x65,0x20,0x63,0x65,0x6c,0x6c,0x00,0x00,0x00,0x00,0x00,0x00,0x00,
  0x00,0x00,0x00,0x00,0x00,0x00,0x61,0x08,0x00,0x00,0x32,0x00,0x61,0x6c,0x75,0x6d,
  0x69,0x6e,0x69,0x75,0x6d,0x00,0x00,0x00,0x00,0x00,0x00,0x00,0x00,0x00,0x00,0x00,
  0x00,0x00,0x00,0x00,0x00,0x00,0x93,0x08,0x00,0x00,0x5e,0x01,0x61,0x6c,0x75,0x6d,
  0x69,0x6e,0x69,0x75,0x6d,0x20,0x61,0x74,0x6f,0x6d,0x69,0x63,0x00,0x00,0x00,0x00,
  0x00,0x00,0x00,0x00,0x00,0x00,0xf1,0x09,0x00,0x00,0x74,0x00,0x61,0x6c,0x75,0x6d,
  0x69,0x6e,0x69,0x75,0x6d,0x20,0x61,0x74,0x6f,0x6d,0x69,0x63,0x20,0x6d,0x61,0x73,
  0x73,0x00,0x00,0x00,0x00,0x00,0x65,0x0a,0x00,0x00,0x52,0x00,0x61,0x6c,0x75,0x6d,
  0x69,0x6e,0x69,0x75,0x6d,0x20,0x61,0x74,0x6f,0x6d,0x69,0x63,0x20,0x6e,0x75,0x6d,
  0x62,0x65,0x72,0x00,0x00,0x00,0xb7,0x0a,0x00,0x00,0x40,0x00,0x61,0x6c,0x75,0x6d,
  0x69,0x6e,0x69,0x75,0x6d,0x20,0x63,0x6f,0x6e,0x64,0x75,0x63,0x74,0x69,0x76,0x69,
  0x74,0x79,0x00,0x00,0x00,0x00,0xf7,0x0a,0x00,0x00,0x55,0x00,0x61,0x6c,0x75,0x6d,
  0x69,0x6e,0x69,0x75,0x6d,0x20,0x64,0x65,0x6e,0x73,0x69,0x74,0x79,0x00,0x00,0x00,
  0x00,0x00,0x00,0x00,0x00,0x00,0x4c,0x0b,0x00,0x00,0x50,0x00,0x61,0x6c,0x75,0x6d,
  0x69,0x6e,0x69,0x75,0x6d,0x20,0x6d,0x61,0x73,0x73,0x00,0x00,0x00,0x00,0x00,0x00,
  0x00,0x00,0x00,0x00,0x00,0x00,0x9c,0x0b,0x00,0x00,0x4b,0x00,0x61,0x6c,0x75,0x6d,
  0x69,0x6e,0x69,0x75,0x6d,0x20,0x6d,0x65,0x6c,0x74,0x69,0x6e,0x67,0x00,0x00,0x00,
  0x00,0x00,0x00,0x00,0x00,0x00,0xe7,0x0b,0x00,0x00,0x4b,0x00,0x61,0x6c,0x75,0x6d,
  0x69,0x6e,0x69,0x75,0x6d,0x20,0x6d,0x65,0x6c,0x74,0x69,0x6e,0x67,0x20,0x70,0x6f,
  0x69,0x6e,0x74,0x00,0x00,0x00,0x32,0x0c,0x00,0x00,0x51,0x00,0x61,0x6c,0x75,0x6d,
  0x69,0x6e,0x69,0x75,0x6d,0x20,0x6d,0x6f,0x64,0x75,0x6c,0x75,0x73,0x00,0x00,0x00,
  0x00,0x00,0x00,0x00,0x00,0x00,0x83,0x0c,0x00,0x00,0x4e,0x00,0x61,0x6c,0x75,0x6d,
  0x69,0x6e,0x69,0x75,0x6d,0x20,0x6e,0x75,0x6d,0x62,0x65,0x72,0x00,0x00,0x00,0x00,
  0x00,0x00,0x00,0x00,0x00,0x00,0xd1,0x0c,0x00,0x00,0x39,0x00,0x61,0x6c,0x75,0x6d,
  0x69,0x6e,0x69,0x75,0x6d,0x20,0x70,0x6f,0x69,0x6e,0x74,0x00,0x00,0x00,0x00,0x00,
  0x00,0x00,0x00,0x00,0x00,0x00,0x0a,0x0d,0x00,0x00,0x49,0x00,0x61,0x6c,0x75,0x6d,
  0x69,0x6e,0x69,0x75,0x6d,0x20,0x72,0x65,0x73,0x69,0x73,0x74,0x69,0x76,0x69,0x74,
  0x79,0x00,0x00,0x00,0x00,0x00,0x53,0x0d,0x00,0x00,0x4f,0x00,0x61,0x6d,0x70,0x00,
  0x00,0x00,0x00,0x00,0x00,0x00,0x00,0x00,0x00,0x00,0x00,0x00,0x00,0x00,0x00,0x00,
  0x00,0x00,0x00,0x00,0x00,0x00,0xa2,0x0d,0x00,0x00,0x72,0x00,0x61,0x6d,0x70,0x20,
  0x72,0x75,0x6c,0x65,0x73,0x00,0x00,0x00,0x00,0x00,0x00,0x00,0x00,0x00,0x00,0x00,
  0x00,0x00,0x00,0x00,0x00,0x00,0x14,0x0e,0x00,0x00,0x78,0x00,0x61,0x6d,0x70,0x6c,
  0x69,0x66,0x69,0x65,0x72,0x00,0x00,0x00,0x00,0x00,0x00,0x00,0x00,0x00,0x00,0x00,
  0x00,0x00,0x00,0x00,0x00,0x00,0x8c,0x0e,0x00,0x00,0x5e,0x01,0x61,0x6e,0x67,0x75,
  0x6c,0x61,0x72,0x00,0x00,0x00,0x00,0x00,0x00,0x00,0x00,0x00,0x00,0x00,0x00,0x00,
  0x00,0x00,0x00,0x00,0x00,0x00,0xea,0x0f,0x00,0x00,0x3d,0x00,0x61,0x6e,0x67,0x75,
  0x6c,0x61,0x72,0x20,0x66,0x72,0x65,0x71,0x75,0x65,0x6e,0x63,0x79,0x00,0x00,0x00,
  0x00,0x00,0x00,0x00,0x00,0x00,0x27,0x10,0x00,0x00,0x47,0x00,0x61,0x70,0x70,0x61,
  0x72,0x65,0x6e,0x74,0x00,0x00,0x00,0x00,0x00,0x00,0x00,0x00,0x00,0x00,0x00,0x00,
  0x00,0x00,0x00,0x00,0x00,0x00,0x6e,0x10,0x00,0x00,0x40,0x00,0x61,0x70,0x70,0x61,
  0x72,0x65,0x6e,0x74,0x20,0x70,0x6f,0x77,0x65,0x72,0x00,0x00,0x00,0x00,0x00,0x00,
  0x00,0x00,0x00,0x00,0x00,0x00,0xae,0x10,0x00,0x00,0x46,0x00,0x61,0x72,0x67,0x6f,
  0x6e,0x00,0x00,0x00,0x00,0x00,0x00,0x00,0x00,0x00,0x00,0x00,0x00,0x00,0x00,0x00,
  0x00,0x00,0x00,0x00,0x00,0x00,0xf4,0x10,0x00,0x00,0xa1,0x00,0x61,0x72,0x67,0x6f,
  0x6e,0x20,0x61,0x74,0x6f,0x6d,0x69,0x63,0x00,0x00,0x00,0x00,0x00,0x00,0x00,0x00,
  0x00,0x00,0x00,0x00,0x00,0x00,0x95,0x11,0x00,0x00,0x68,0x00,0x61,0x72,0x67,0x6f,
  0x6e,0x20,0x61,0x74,0x6f,0x6d,0x69,0x63,0x20,0x6d,0x61,0x73,0x73,0x00,0x00,0x00,
  0x00,0x00,0x00,0x00,0x00,0x00,0xfd,0x11,0x00,0x00,0x4a,0x00,0x61,0x72,0x67,0x6f,
  0x6e,0x20,0x61,0x74,0x6f,0x6d,0x69,0x63,0x20,0x6e,0x75,0x6d,0x62,0x65,0x72,0x00,
  0x00,0x00,0x00,0x00,0x00,0x00,0x47,0x12,0x00,0x00,0x38,0x00,0x61,0x72,0x67,0x6f,
  0x6e,0x20,0x6d,0x61,0x73,0x73,0x00,0x00,0x00,0x00,0x00,0x00,0x00,0x00,0x00,0x00,
  0x00,0x00,0x00,0x00,0x00,0x00,0x7f,0x12,0x00,0x00,0x43,0x00,0x61,0x72,0x67,0x6f,
  0x6e,0x20,0x6e,0x75,0x6d,0x62,0x65,0x72,0x00,0x00,0x00,0x00,0x00,0x00,0x00,0x00,
  0x00,0x00,0x00,0x00,0x00,0x00,0xc2,0x12,0x00,0x00,0x31,0x00,0x61,0x72,0x73,0x65,
  0x6e,0x69,0x63,0x00,0x00,0x00,0x00,0x00,0x00,0x00,0x00,0x00,0x00,0x00,0x00,0x00,
  0x00,0x00,0x00,0x00,0x00,0x00,0xf3,0x12,0x00,0x00,0xa9,0x00,0x61,0x72,0x73,0x65,
  0x6e,0x69,0x63,0x20,0x61,0x74,0x6f,0x6d,0x69,0x63,0x00,0x00,0x00,0x00,0x00,0x00,
  0x00,0x00,0x00,0x00,0x00,0x00,0x9c,0x13,0x00,0x00,0x6e,0x00,0x61,0x72,0x73,0x65,
  0x6e,0x69,0x63,0x20,0x61,0x74,0x6f,0x6d,0x69,0x63,0x20,0x6d,0x61,0x73,0x73,0x00,
  0x00,0x00,0x00,0x00,0x00,0x00,0x0a,0x14,0x00,0x00,0x4e,0x00,0x61,0x72,0x73,0x65,
  0x6e,0x69,0x63,0x20,0x61,0x74,0x6f,0x6d,0x69,0x63,0x20,0x6e,0x75,0x6d,0x62,0x65,
  0x72,0x00,0x00,0x00,0x00,0x00,0x58,0x14,0x00,0x00,0x3c,0x00,0x61,0x72,0x73,0x65,
  0x6e,0x69,0x63,0x20,0x6d,0x61,0x73,0x73,0x00,0x00,0x00,0x00,0x00,0x00,0x00,0x00,
  0x00,0x00,0x00,0x00,0x00,0x00,0x94,0x14,0x00,0x00,0x47,0x00,0x61,0x72,0x73,0x65,
  0x6e,0x69,0x63,0x20,0x6e,0x75,0x6d,0x62,0x65,0x72,0x00,0x00,0x00,0x00,0x00,0x00,
  0x00,0x00,0x00,0x00,0x00,0x00,0xdb,0x14,0x00,0x00,0x35,0x00,0x61,0x73,0x74,0x61,
  0x62,0x6c,0x65,0x00,0x00,0x00,0x00,0x00,0x00,0x00,0x00,0x00,0x00,0x00,0x00,0x00,
  0x00,0x00,0x00,0x00,0x00,0x00,0x10,0x15,0x00,0x00,0x59,0x00,0x61,0x74,0x6d,0x6f,
  0x73,0x70,0x68,0x65,0x72,0x69,0x63,0x00,0x00,0x00,0x00,0x00,0x00,0x00,0x00,0x00,
  0x00,0x00,0x00,0x00,0x00,0x00,0x69,0x15,0x00,0x00,0x3a,0x00,0x61,0x74,0x6d,0x6f,
  0x73,0x70,0x68,0x65,0x72,0x69,0x63,0x20,0x70,0x72,0x65,0x73,0x73,0x75,0x72,0x65,
  0x00,0x00,0x00,0x00,0x00,0x00,0xa3,0x15,0x00,0x00,0x43,0x00,0x61,0x74,0x6f,0x6d,
  0x69,0x63,0x00,0x00,0x00,0x00,0x00,0x00,0x00,0x00,0x00,0x00,0x00,0x00,0x00,0x00,
  0x00,0x00,0x00,0x00,0x00,0x00,0xe6,0x15,0x00,0x00,0x1c,0x01,0x61,0x74,0x6f,0x6d,
  0x69,0x63,0x20,0x6d,0x61,0x73,0x73,0x00,0x00,0x00,0x00,0x00,0x00,0x00,0x00,0x00,
  0x00,0x00,0x00,0x00,0x00,0x00,0x02,0x17,0x00,0x00,0x5e,0x01,0x61,0x74,0x6f,0x6d,
  0x69,0x63,0x20,0x6e,0x75,0x6d,0x62,0x65,0x72,0x00,0x00,0x00,0x00,0x00,0x00,0x00,
  0x00,0x00,0x00,0x00,0x00,0x00,0x60,0x18,0x00,0x00,0xe6,0x00,0x61,0x76,0x65,0x72,
  0x61,0x67,0x65,0x00,0x00,0x00,0x00,0x00,0x00,0x00,0x00,0x00,0x00,0x00,0x00,0x00,
  0x00,0x00,0x00,0x00,0x00,0x00,0x46,0x19,0x00,0x00,0x52,0x00,0x61,0x76,0x6f,0x67,
  0x61,0x64,0x72,0x6f,0x00,0x00,0x00,0x00,0x00,0x00,0x00,0x00,0x00,0x00,0x00,0x00,
  0x00,0x00,0x00,0x00,0x00,0x00,0x98,0x19,0x00,0x00,0x3b,0x00,0x61,0x76,0x6f,0x67,
  0x61,0x64,0x72,0x6f,0x20,0x6e,0x75,0x6d,0x62,0x65,0x72,0x00,0x00,0x00,0x00,0x00,
  0x00,0x00,0x00,0x00,0x00,0x00,0xd3,0x19,0x00,0x00,0x42,0x00,0x61,0x77,0x67,0x20,
  0x31,0x30,0x00,0x00,0x00,0x00,0x00,0x00,0x00,0x00,0x00,0x00,0x00,0x00,0x00,0x00,
  0x00,0x00,0x00,0x00,0x00,0x00,0x15,0x1a,0x00,0x00,0x4f,0x00,0x61,0x77,0x67,0x20,
  0x31,0x32,0x00,0x00,0x00,0x00,0x00,0x00,0x00,0x00,0x00,0x00,0x00,0x00,0x00,0x00,
  0x00,0x00,0x00,0x00,0x00,0x00,0x64,0x1a,0x00,0x00,0x4f,0x00,0x61,0x77,0x67,0x20,
  0x31,0x34,0x00,0x00,0x00,0x00,0x00,0x00,0x00,0x00,0x00,0x00,0x00,0x00,0x00,0x00,
  0x00,0x00,0x00,0x00,0x00,0x00,0xb3,0x1a,0x00,0x00,0x4f,0x00,0x61,0x77,0x67,0x20,
  0x31,0x36,0x00,0x00,0x00,0x00,0x00,0x00,0x00,0x00,0x00,0x00,0x00,0x00,0x00,0x00,
  0x00,0x00,0x00,0x00,0x00,0x00,0x02,0x1b,0x00,0x00,0x4f,0x00,0x61,0x77,0x67,0x20,
  0x31,0x38,0x00,0x00,0x00,0x00,0x00,0x00,0x00,0x00,0x00,0x00,0x00,0x00,0x00,0x00,
  0x00,0x00,0x00,0x00,0x00,0x00,0x51,0x1b,0x00,0x00,0x4e,0x00,0x61,0x77,0x67,0x20,
  0x32,0x30,0x00,0x00,0x00,0x00,0x00,0x00,0x00,0x00,0x00,0x00,0x00,0x00,0x00,0x00,
  0x00,0x00,0x00,0x00,0x00,0x00,0x9f,0x1b,0x00,0x00,0x4e,0x00,0x61,0x77,0x67,0x20,
  0x32,0x32,0x00,0x00,0x00,0x00,0x00,0x00,0x00,0x00,0x00,0x00,0x00,0x00,0x00,0x00,
  0x00,0x00,0x00,0x00,0x00,0x00,0xed,0x1b,0x00,0x00,0x4e,0x00,0x61,0x77,0x67,0x20,
  0x32,0x34,0x00,0x00,0x00,0x00,0x00,0x00,0x00,0x00,0x00,0x00,0x00,0x00,0x00,0x00,
  0x00,0x00,0x00,0x00,0x00,0x00,0x3b,0x1c,0x00,0x00,0x4e,0x00,0x61,0x77,0x67,0x20,
  0x38,0x00,0x00,0x00,0x00,0x00,0x00,0x00,0x00,0x00,0x00,0x00,0x00,0x00,0x00,0x00,
  0x00,0x00,0x00,0x00,0x00,0x00,0x89,0x1c,0x00,0x00,0x4d,0x00,0x62,0x61,0x6e,0x64,
  0x00,0x00,0x00,0x00,0x00,0x00,0x00,0x00,0x00,0x00,0x00,0x00,0x00,0x00,0x00,0x00,
  0x00,0x00,0x00,0x00,0x00,0x00,0xd6,0x1c,0x00,0x00,0x02,0x01,0x62,0x61,0x72,0x00,
  0x00,0x00,0x00,0x00,0x00,0x00,0x00,0x00,0x00,0x00,0x00,0x00,0x00,0x00,0x00,0x00,
  0x00,0x00,0x00,0x00,0x00,0x00,0xd8,0x1d,0x00,0x00,0x21,0x00,0x62,0x61,0x73,0x65,
  0x00,0x00,0x00,0x00,0x00,0x00,0x00,0x00,0x00,0x00,0x00,0x00,0x00,0x00,0x00,0x00,
  0x00,0x00,0x00,0x00,0x00,0x00,0xf9,0x1d,0x00,0x00,0x59,0x00,0x62,0x61,0x73,0x65,
  0x20,0x65,0x6d,0x69,0x74,0x74,0x65,0x72,0x00,0x00,0x00,0x00,0x00,0x00,0x00,0x00,
  0x00,0x00,0x00,0x00,0x00,0x00,0x52,0x1e,0x00,0x00,0x61,0x00,0x62,0x61,0x74,0x74,
  0x65,0x72,0x79,0x00,0x00,0x00,0x00,0x00,0x00,0x00,0x00,0x00,0x00,0x00,0x00,0x00,
  0x00,0x00,0x00,0x00,0x00,0x00,0xb3,0x1e,0x00,0x00,0xb3,0x00,0x62,0x61,0x74,0x74,
  0x65,0x72,0x79,0x20,0x63,0x61,0x70,0x61,0x63,0x69,0x74,0x79,0x00,0x00,0x00,0x00,
  0x00,0x00,0x00,0x00,0x00,0x00,0x66,0x1f,0x00,0x00,0x60,0x00,0x62,0x61,0x74,0x74,
  0x65,0x72,0x79,0x20,0x72,0x75,0x6e,0x74,0x69,0x6d,0x65,0x00,0x00,0x00,0x00,0x00,
  0x00,0x00,0x00,0x00,0x00,0x00,0xc6,0x1f,0x00,0x00,0x6d,0x00,0x62,0x61,0x75,0x64,
  0x00,0x00,0x00,0x00,0x00,0x00,0x00,0x00,0x00,0x00,0x00,0x00,0x00,0x00,0x00,0x00,
  0x00,0x00,0x00,0x00,0x00,0x00,0x33,0x20,0x00,0x00,0x35,0x00,0x62,0x61,0x75,0x64,
  0x20,0x72,0x61,0x74,0x65,0x00,0x00,0x00,0x00,0x00,0x00,0x00,0x00,0x00,0x00,0x00,
  0x00,0x00,0x00,0x00,0x00,0x00,0x68,0x20,0x00,0x00,0x3a,0x00,0x62,0x65,0x72,0x79,
  0x6c,0x6c,0x69,0x75,0x6d,0x00,0x00,0x00,0x00,0x00,0x00,0x00,0x00,0x00,0x00,0x00,
  0x00,0x00,0x00,0x00,0x00,0x00,0xa2,0x20,0x00,0x00,0xaf,0x00,0x62,0x65,0x72,0x79,
  0x6c,0x6c,0x69,0x75,0x6d,0x20,0x61,0x74,0x6f,0x6d,0x69,0x63,0x00,0x00,0x00,0x00,
  0x00,0x00,0x00,0x00,0x00,0x00,0x51,0x21,0x00,0x00,0x73,0x00,0x62,0x65,0x72,0x79,
  0x6c,0x6c,0x69,0x75,0x6d,0x20,0x61,0x74,0x6f,0x6d,0x69,0x63,0x20,0x6d,0x61,0x73,
  0x73,0x00,0x00,0x00,0x00,0x00,0xc4,0x21,0x00,0x00,0x52,0x00,0x62,0x65,0x72,0x79,
  0x6c,0x6c,0x69,0x75,0x6d,0x20,0x61,0x74,0x6f,0x6d,0x69,0x63,0x20,0x6e,0x75,0x6d,
  0x62,0x65,0x72,0x00,0x00,0x00,0x16,0x22,0x00,0x00,0x3f,0x00,0x62,0x65,0x72,0x79,
  0x6c,0x6c,0x69,0x75,0x6d,0x20,0x6d,0x61,0x73,0x73,0x00,0x00,0x00,0x00,0x00,0x00,
  0x00,0x00,0x00,0x00,0x00,0x00,0x55,0x22,0x00,0x00,0x4b,0x00,0x62,0x65,0x72,0x79,
  0x6c,0x6c,0x69,0x75,0x6d,0x20,0x6e,0x75,0x6d,0x62,0x65,0x72,0x00,0x00,0x00,0x00,
  0x00,0x00,0x00,0x00,0x00,0x00,0xa0,0x22,0x00,0x00,0x38,0x00,0x62,0x69,0x74,0x00,
  0x00,0x00,0x00,0x00,0x00,0x00,0x00,0x00,0x00,0x00,0x00,0x00,0x00,0x00,0x00,0x00,
  0x00,0x00,0x00,0x00,0x00,0x00,0xd8,0x22,0x00,0x00,0x4f,0x00,0x62,0x69,0x74,0x20,
  0x61,0x64,0x63,0x00,0x00,0x00,0x00,0x00,0x00,0x00,0x00,0x00,0x00,0x00,0x00,0x00,
  0x00,0x00,0x00,0x00,0x00,0x00,0x27,0x23,0x00,0x00,0x53,0x00,0x62,0x6a,0x74,0x00,
  0x00,0x00,0x00,0x00,0x00,0x00,0x00,0x00,0x00,0x00,0x00,0x00,0x00,0x00,0x00,0x00,
  0x00,0x00,0x00,0x00,0x00,0x00,0x7a,0x23,0x00,0x00,0x51,0x00,0x62,0x6a,0x74,0x20,
  0x67,0x61,0x69,0x6e,0x00,0x00,0x00,0x00,0x00,0x00,0x00,0x00,0x00,0x00,0x00,0x00,
  0x00,0x00,0x00,0x00,0x00,0x00,0xcb,0x23,0x00,0x00,0x56,0x00,0x62,0x6c,0x61,0x63,
  0x6b,0x00,0x00,0x00,0x00,0x00,0x00,0x00,0x00,0x00,0x00,0x00,0x00,0x00,0x00,0x00,
  0x00,0x00,0x00,0x00,0x00,0x00,0x21,0x24,0x00,0x00,0x31,0x00,0x62,0x6c,0x61,0x63,
  0x6b,0x20,0x62,0x61,0x6e,0x64,0x00,0x00,0x00,0x00,0x00,0x00,0x00,0x00,0x00,0x00,
  0x00,0x00,0x00,0x00,0x00,0x00,0x52,0x24,0x00,0x00,0x36,0x00,0x62,0x6c,0x75,0x65,
  0x00,0x00,0x00,0x00,0x00,0x00,0x00,0x00,0x00,0x00,0x00,0x00,0x00,0x00,0x00,0x00,
  0x00,0x00,0x00,0x00,0x00,0x00,0x88,0x24,0x00,0x00,0x65,0x00,0x62,0x6c,0x75,0x65,
  0x20,0x62,0x61,0x6e,0x64,0x00,0x00,0x00,0x00,0x00,0x00,0x00,0x00,0x00,0x00,0x00,
  0x00,0x00,0x00,0x00,0x00,0x00,0xed,0x24,0x00,0x00,0x34,0x00,0x62,0x6c,0x75,0x65,
  0x20,0x6c,0x65,0x64,0x00,0x00,0x00,0x00,0x00,0x00,0x00,0x00,0x00,0x00,0x00,0x00,
  0x00,0x00,0x00,0x00,0x00,0x00,0x21,0x25,0x00,0x00,0x40,0x00,0x62,0x6f,0x69,0x6c,
  0x69,0x6e,0x67,0x00,0x00,0x00,0x00,0x00,0x00,0x00,0x00,0x00,0x00,0x00,0x00,0x00,
  0x00,0x00,0x00,0x00,0x00,0x00,0x61,0x25,0x00,0x00,0x4f,0x00,0x62,0x6f,0x6c,0x74,
  0x7a,0x6d,0x61,0x6e,0x6e,0x00,0x00,0x00,0x00,0x00,0x00,0x00,0x00,0x00,0x00,0x00,
  0x00,0x00,0x00,0x00,0x00,0x00,0xb0,0x25,0x00,0x00,0x74,0x00,0x62,0x6f,0x6c,0x74,
  0x7a,0x6d,0x61,0x6e,0x6e,0x20,0x63,0x6f,0x6e,0x73,0x74,0x61,0x6e,0x74,0x00,0x00,
  0x00,0x00,0x00,0x00,0x00,0x00,0x24,0x26,0x00,0x00,0x41,0x00,0x62,0x6f,0x6f,0x73,
  0x74,0x00,0x00,0x00,0x00,0x00,0x00,0x00,0x00,0x00,0x00,0x00,0x00,0x00,0x00,0x00,
  0x00,0x00,0x00,0x00,0x00,0x00,0x65,0x26,0x00,0x00,0x5f,0x00,0x62,0x6f,0x6f,0x73,
  0x74,0x20,0x63,0x6f,0x6e,0x76,0x65,0x72,0x74,0x65,0x72,0x00,0x00,0x00,0x00,0x00,
  0x00,0x00,0x00,0x00,0x00,0x00,0xc4,0x26,0x00,0x00,0x69,0x00,0x62,0x6f,0x72,0x6f,
  0x6e,0x00,0x00,0x00,0x00,0x00,0x00,0x00,0x00,0x00,0x00,0x00,0x00,0x00,0x00,0x00,
  0x00,0x00,0x00,0x00,0x00,0x00,0x2d,0x27,0x00,0x00,0x9c,0x00,0x62,0x6f,0x72,0x6f,
  0x6e,0x20,0x61,0x74,0x6f,0x6d,0x69,0x63,0x00,0x00,0x00,0x00,0x00,0x00,0x00,0x00,
  0x00,0x00,0x00,0x00,0x00,0x00,0xc9,0x27,0x00,0x00,0x66,0x00,0x62,0x6f,0x72,0x6f,
  0x6e,0x20,0x61,0x74,0x6f,0x6d,0x69,0x63,0x20,0x6d,0x61,0x73,0x73,0x00,0x00,0x00,
  0x00,0x00,0x00,0x00,0x00,0x00,0x2f,0x28,0x00,0x00,0x49,0x00,0x62,0x6f,0x72,0x6f,
  0x6e,0x20,0x61,0x74,0x6f,0x6d,0x69,0x63,0x20,0x6e,0x75,0x6d,0x62,0x65,0x72,0x00,
  0x00,0x00,0x00,0x00,0x00,0x00,0x78,0x28,0x00,0x00,0x37,0x00,0x62,0x6f,0x72,0x6f,
  0x6e,0x20,0x6d,0x61,0x73,0x73,0x00,0x00,0x00,0x00,0x00,0x00,0x00,0x00,0x00,0x00,
  0x00,0x00,0x00,0x00,0x00,0x00,0xaf,0x28,0x00,0x00,0x42,0x00,0x62,0x6f,0x72,0x6f,
  0x6e,0x20,0x6e,0x75,0x6d,0x62,0x65,0x72,0x00,0x00,0x00,0x00,0x00,0x00,0x00,0x00,
  0x00,0x00,0x00,0x00,0x00,0x00,0xf1,0x28,0x00,0x00,0x30,0x00,0x62,0x72,0x6f,0x6d,
  0x69,0x6e,0x65,0x00,0x00,0x00,0x00,0x00,0x00,0x00,0x00,0x00,0x00,0x00,0x00,0x00,
  0x00,0x00,0x00,0x00,0x00,0x00,0x21,0x29,0x00,0x00,0xa9,0x00,0x62,0x72,0x6f,0x6d,
  0x69,0x6e,0x65,0x20,0x61,0x74,0x6f,0x6d,0x69,0x63,0x00,0x00,0x00,0x00,0x00,0x00,
  0x00,0x00,0x00,0x00,0x00,0x00,0xca,0x29,0x00,0x00,0x6e,0x00,0x62,0x72,0x6f,0x6d,
  0x69,0x6e,0x65,0x20,0x61,0x74,0x6f,0x6d,0x69,0x63,0x20,0x6d,0x61,0x73,0x73,0x00,
  0x00,0x00,0x00,0x00,0x00,0x00,0x38,0x2a,0x00,0x00,0x4e,0x00,0x62,0x72,0x6f,0x6d,
  0x69,0x6e,0x65,0x20,0x61,0x74,0x6f,0x6d,0x69,0x63,0x20,0x6e,0x75,0x6d,0x62,0x65,
  0x72,0x00,0x00,0x00,0x00,0x00,0x86,0x2a,0x00,0x00,0x3c,0x00,0x62,0x72,0x6f,0x6d,
  0x69,0x6e,0x65,0x20,0x6d,0x61,0x73,0x73,0x00,0x00,0x00,0x00,0x00,0x00,0x00,0x00,
  0x00,0x00,0x00,0x00,0x00,0x00,0xc2,0x2a,0x00,0x00,0x47,0x00,0x62,0x72,0x6f,0x6d,
  0x69,0x6e,0x65,0x20,0x6e,0x75,0x6d,0x62,0x65,0x72,0x00,0x00,0x00,0x00,0x00,0x00,
  0x00,0x00,0x00,0x00,0x00,0x00,0x09,0x2b,0x00,0x00,0x35,0x00,0x62,0x72,0x6f,0x77,
  0x6e,0x00,0x00,0x00,0x00,0x00,0x00,0x00,0x00,0x00,0x00,0x00,0x00,0x00,0x00,0x00,
  0x00,0x00,0x00,0x00,0x00,0x00,0x3e,0x2b,0x00,0x00,0x31,0x00,0x62,0x72,0x6f,0x77,
  0x6e,0x20,0x62,0x61,0x6e,0x64,0x00,0x00,0x00,0x00,0x00,0x00,0x00,0x00,0x00,0x00,
  0x00,0x00,0x00,0x00,0x00,0x00,0x6f,0x2b,0x00,0x00,0x36,0x00,0x62,0x79,0x74,0x65,
  0x00,0x00,0x00,0x00,0x00,0x00,0x00,0x00,0x00,0x00,0x00,0x00,0x00,0x00,0x00,0x00,
  0x00,0x00,0x00,0x00,0x00,0x00,0xa5,0x2b,0x00,0x00,0x1b,0x00,0x63,0x61,0x6c,0x63,
  0x69,0x75,0x6d,0x00,0x00,0x00,0x00,0x00,0x00,0x00,0x00,0x00,0x00,0x00,0x00,0x00,
  0x00,0x00,0x00,0x00,0x00,0x00,0xc0,0x2b,0x00,0x00,0xa9,0x00,0x63,0x61,0x6c,0x63,
  0x69,0x75,0x6d,0x20,0x61,0x74,0x6f,0x6d,0x69,0x63,0x00,0x00,0x00,0x00,0x00,0x00,
  0x00,0x00,0x00,0x00,0x00,0x00,0x69,0x2c,0x00,0x00,0x6e,0x00,0x63,0x61,0x6c,0x63,
  0x69,0x75,0x6d,0x20,0x61,0x74,0x6f,0x6d,0x69,0x63,0x20,0x6d,0x61,0x73,0x73,0x00,
  0x00,0x00,0x00,0x00,0x00,0x00,0xd7,0x2c,0x00,0x00,0x4e,0x00,0x63,0x61,0x6c,0x63,
  0x69,0x75,0x6d,0x20,0x61,0x74,0x6f,0x6d,0x69,0x63,0x20,0x6e,0x75,0x6d,0x62,0x65,
  0x72,0x00,0x00,0x00,0x00,0x00,0x25,0x2d,0x00,0x00,0x3c,0x00,0x63,0x61,0x6c,0x63,
  0x69,0x75,0x6d,0x20,0x6d,0x61,0x73,0x73,0x00,0x00,0x00,0x00,0x00,0x00,0x00,0x00,
  0x00,0x00,0x00,0x00,0x00,0x00,0x61,0x2d,0x00,0x00,0x47,0x00,0x63,0x61,0x6c,0x63,
  0x69,0x75,0x6d,0x20,0x6e,0x75,0x6d,0x62,0x65,0x72,0x00,0x00,0x00,0x00,0x00,0x00,
  0x00,0x00,0x00,0x00,0x00,0x00,0xa8,0x2d,0x00,0x00,0x35,0x00,0x63,0x61,0x6c,0x6f,
  0x72,0x69,0x65,0x00,0x00,0x00,0x00,0x00,0x00,0x00,0x00,0x00,0x00,0x00,0x00,0x00,
  0x00,0x00,0x00,0x00,0x00,0x00,0xdd,0x2d,0x00,0x00,0x27,0x00,0x63,0x61,0x70,0x61,
  0x63,0x69,0x74,0x61,0x6e,0x63,0x65,0x00,0x00,0x00,0x00,0x00,0x00,0x00,0x00,0x00,
  0x00,0x00,0x00,0x00,0x00,0x00,0x04,0x2e,0x00,0x00,0x00,0x01,0x63,0x61,0x70,0x61,
  0x63,0x69,0x74,0x69,0x76,0x65,0x00,0x00,0x00,0x00,0x00,0x00,0x00,0x00,0x00,0x00,
  0x00,0x00,0x00,0x00,0x00,0x00,0x04,0x2f,0x00,0x00,0x40,0x00,0x63,0x61,0x70,0x61,
  0x63,0x69,0x74,0x69,0x76,0x65,0x20,0x72,0x65,0x61,0x63,0x74,0x61,0x6e,0x63,0x65,
  0x00,0x00,0x00,0x00,0x00,0x00,0x44,0x2f,0x00,0x00,0x4a,0x00,0x63,0x61,0x70,0x61,
  0x63,0x69,0x74,0x6f,0x72,0x00,0x00,0x00,0x00,0x00,0x00,0x00,0x00,0x00,0x00,0x00,
  0x00,0x00,0x00,0x00,0x00,0x00,0x8e,0x2f,0x00,0x00,0x0d,0x01,0x63,0x61,0x70,0x61,
  0x63,0x69,0x74,0x6f,0x72,0x20,0x31,0x30,0x31,0x00,0x00,0x00,0x00,0x00,0x00,0x00,
  0x00,0x00,0x00,0x00,0x00,0x00,0x9b,0x30,0x00,0x00,0x32,0x00,0x63,0x61,0x70,0x61,
  0x63,0x69,0x74,0x6f,0x72,0x20,0x31,0x30,0x32,0x00,0x00,0x00,0x00,0x00,0x00,0x00,
  0x00,0x00,0x00,0x00,0x00,0x00,0xcd,0x30,0x00,0x00,0x30,0x00,0x63,0x61,0x70,0x61,
  0x63,0x69,0x74,0x6f,0x72,0x20,0x31,0x30,0x33,0x00,0x00,0x00,0x00,0x00,0x00,0x00,
  0x00,0x00,0x00,0x00,0x00,0x00,0xfd,0x30,0x00,0x00,0x31,0x00,0x63,0x61,0x70,0x61,
  0x63,0x69,0x74,0x6f,0x72,0x20,0x31,0x30,0x34,0x00,0x00,0x00,0x00,0x00,0x00,0x00,
  0x00,0x00,0x00,0x00,0x00,0x00,0x2e,0x31,0x00,0x00,0x32,0x00,0x63,0x61,0x70,0x61,
  0x63,0x69,0x74,0x6f,0x72,0x20,0x31,0x30,0x35,0x00,0x00,0x00,0x00,0x00,0x00,0x00,
  0x00,0x00,0x00,0x00,0x00,0x00,0x60,0x31,0x00,0x00,0x30,0x00,0x63,0x61,0x70,0x61,
  0x63,0x69,0x74,0x6f,0x72,0x20,0x31,0x30,0x36,0x00,0x00,0x00,0x00,0x00,0x00,0x00,
  0x00,0x00,0x00,0x00,0x00,0x00,0x90,0x31,0x00,0x00,0x31,0x00,0x63,0x61,0x70,0x61,
  0x63,0x69,0x74,0x6f,0x72,0x20,0x32,0x32,0x31,0x00,0x00,0x00,0x00,0x00,0x00,0x00,
  0x00,0x00,0x00,0x00,0x00,0x00,0xc1,0x31,0x00,0x00,0x32,0x00,0x63,0x61,0x70,0x61,
  0x63,0x69,0x74,0x6f,0x72,0x20,0x32,0x32,0x32,0x00,0x00,0x00,0x00,0x00,0x00,0x00,
  0x00,0x00,0x00,0x00,0x00,0x00,0xf3,0x31,0x00,0x00,0x32,0x00,0x63,0x61,0x70,0x61,
  0x63,0x69,0x74,0x6f,0x72,0x20,0x32,0x32,0x34,0x00,0x00,0x00,0x00,0x00,0x00,0x00,
  0x00,0x00,0x00,0x00,0x00,0x00,0x25,0x32,0x00,0x00,0x32,0x00,0x63,0x61,0x70,0x61,
  0x63,0x69,0x74,0x6f,0x72,0x20,0x34,0x37,0x31,0x00,0x00,0x00,0x00,0x00,0x00,0x00,
  0x00,0x00,0x00,0x00,0x00,0x00,0x57,0x32,0x00,0x00,0x32,0x00,0x63,0x61,0x70,0x61,
  0x63,0x69,0x74,0x6f,0x72,0x20,0x34,0x37,0x33,0x00,0x00,0x00,0x00,0x00,0x00,0x00,
  0x00,0x00,0x00,0x00,0x00,0x00,0x89,0x32,0x00,0x00,0x31,0x00,0x63,0x61,0x70,0x61,
  0x63,0x69,0x74,0x6f,0x72,0x20,0x63,0x68,0x61,0x72,0x67,0x65,0x00,0x00,0x00,0x00,
  0x00,0x00,0x00,0x00,0x00,0x00,0xba,0x32,0x00,0x00,0x4f,0x00,0x63,0x61,0x70,0x61,
  0x63,0x69,0x74,0x6f,0x72,0x20,0x63,0x6f,0x64,0x65,0x00,0x00,0x00,0x00,0x00,0x00,
  0x00,0x00,0x00,0x00,0x00,0x00,0x09,0x33,0x00,0x00,0xdc,0x00,0x63,0x61,0x70,0x61,
  0x63,0x69,0x74,0x6f,0x72,0x20,0x63,0x6f,0x64,0x65,0x20,0x31,0x30,0x31,0x00,0x00,
  0x00,0x00,0x00,0x00,0x00,0x00,0xe5,0x33,0x00,0x00,0x37,0x00,0x63,0x61,0x70,0x61,
  0x63,0x69,0x74,0x6f,0x72,0x20,0x63,0x6f,0x64,0x65,0x20,0x31,0x30,0x32,0x00,0x00,
  0x00,0x00,0x00,0x00,0x00,0x00,0x1c,0x34,0x00,0x00,0x35,0x00,0x63,0x61,0x70,0x61,
  0x63,0x69,0x74,0x6f,0x72,0x20,0x63,0x6f,0x64,0x65,0x20,0x31,0x30,0x33,0x00,0x00,
  0x00,0x00,0x00,0x00,0x00,0x00,0x51,0x34,0x00,0x00,0x36,0x00,0x63,0x61,0x70,0x61,
  0x63,0x69,0x74,0x6f,0x72,0x20,0x63,0x6f,0x64,0x65,0x20,0x31,0x30,0x34,0x00,0x00,
  0x00,0x00,0x00,0x00,0x00,0x00,0x87,0x34,0x00,0x00,0x37,0x00,0x63,0x61,0x70,0x61,
  0x63,0x69,0x74,0x6f,0x72,0x20,0x63,0x6f,0x64,0x65,0x20,0x31,0x30,0x35,0x00,0x00,
  0x00,0x00,0x00,0x00,0x00,0x00,0xbe,0x34,0x00,0x00,0x35,0x00,0x63,0x61,0x70,0x61,
  0x63,0x69,0x74,0x6f,0x72,0x20,0x63,0x6f,0x64,0x65,0x20,0x31,0x30,0x36,0x00,0x00,
  0x00,0x00,0x00,0x00,0x00,0x00,0xf3,0x34,0x00,0x00,0x36,0x00,0x63,0x61,0x70,0x61,
  0x63,0x69,0x74,0x6f,0x72,0x20,0x63,0x6f,0x64,0x65,0x20,0x32,0x32,0x31,0x00,0x00,
  0x00,0x00,0x00,0x00,0x00,0x00,0x29,0x35,0x00,0x00,0x37,0x00,0x63,0x61,0x70,0x61,
  0x63,0x69,0x74,0x6f,0x72,0x20,0x63,0x6f,0x64,0x65,0x20,0x32,0x32,0x32,0x00,0x00,
  0x00,0x00,0x00,0x00,0x00,0x00,0x60,0x35,0x00,0x00,0x37,0x00,0x63,0x61,0x70,0x61,
  0x63,0x69,0x74,0x6f,0x72,0x20,0x63,0x6f,0x64,0x65,0x20,0x32,0x32,0x34,0x00,0x00,
  0x00,0x00,0x00,0x00,0x00,0x00,0x97,0x35,0x00,0x00,0x37,0x00,0x63,0x61,0x70,0x61,
  0x63,0x69,0x74,0x6f,0x72,0x20,0x63,0x6f,0x64,0x65,0x20,0x34,0x37,0x31,0x00,0x00,
  0x00,0x00,0x00,0x00,0x00,0x00,0xce,0x35,0x00,0x00,0x37,0x00,0x63,0x61,0x70,0x61,
  0x63,0x69,0x74,0x6f,0x72,0x20,0x63,0x6f,0x64,0x65,0x20,0x34,0x37,0x33,0x00,0x00,
  0x00,0x00,0x00,0x00,0x00,0x00,0x05,0x36,0x00,0x00,0x36,0x00,0x63,0x61,0x70,0x61,
  0x63,0x69,0x74,0x6f,0x72,0x20,0x65,0x6e,0x65,0x72,0x67,0x79,0x00,0x00,0x00,0x00,
  0x00,0x00,0x00,0x00,0x00,0x00,0x3b,0x36,0x00,0x00,0x4e,0x00,0x63,0x61,0x70,0x61,
  0x63,0x69,0x74,0x79,0x00,0x00,0x00,0x00,0x00,0x00,0x00,0x00,0x00,0x00,0x00,0x00,
  0x00,0x00,0x00,0x00,0x00,0x00,0x89,0x36,0x00,0x00,0x58,0x00,0x63,0x61,0x72,0x62,
  0x6f,0x6e,0x00,0x00,0x00,0x00,0x00,0x00,0x00,0x00,0x00,0x00,0x00,0x00,0x00,0x00,
  0x00,0x00,0x00,0x00,0x00,0x00,0xe1,0x36,0x00,0x00,0xa2,0x00,0x63,0x61,0x72,0x62,
  0x6f,0x6e,0x20,0x61,0x74,0x6f,0x6d,0x69,0x63,0x00,0x00,0x00,0x00,0x00,0x00,0x00,
  0x00,0x00,0x00,0x00,0x00,0x00,0x83,0x37,0x00,0x00,0x6a,0x00,0x63,0x61,0x72,0x62,
  0x6f,0x6e,0x20,0x61,0x74,0x6f,0x6d,0x69,0x63,0x20,0x6d,0x61,0x73,0x73,0x00,0x00,
  0x00,0x00,0x00,0x00,0x00,0x00,0xed,0x37,0x00,0x00,0x4c,0x00,0x63,0x61,0x72,0x62,
  0x6f,0x6e,0x20,0x61,0x74,0x6f,0x6d,0x69,0x63,0x20,0x6e,0x75,0x6d,0x62,0x65,0x72,
  0x00,0x00,0x00,0x00,0x00,0x00,0x39,0x38,0x00,0x00,0x39,0x00,0x63,0x61,0x72,0x62,
  0x6f,0x6e,0x20,0x6d,0x61,0x73,0x73,0x00,0x00,0x00,0x00,0x00,0x00,0x00,0x00,0x00,
  0x00,0x00,0x00,0x00,0x00,0x00,0x72,0x38,0x00,0x00,0x45,0x00,0x63,0x61,0x72,0x62,
  0x6f,0x6e,0x20,0x6e,0x75,0x6d,0x62,0x65,0x72,0x00,0x00,0x00,0x00,0x00,0x00,0x00,
  0x00,0x00,0x00,0x00,0x00,0x00,0xb7,0x38,0x00,0x00,0x32,0x00,0x63,0x65,0x6c,0x6c,
  0x00,0x00,0x00,0x00,0x00,0x00,0x00,0x00,0x00,0x00,0x00,0x00,0x00,0x00,0x00,0x00,
  0x00,0x00,0x00,0x00,0x00,0x00,0xe9,0x38,0x00,0x00,0x5c,0x01,0x63,0x65,0x6c,0x73,
  0x69,0x75,0x73,0x00,0x00,0x00,0x00,0x00,0x00,0x00,0x00,0x00,0x00,0x00,0x00,0x00,
  0x00,0x00,0x00,0x00,0x00,0x00,0x45,0x3a,0x00,0x00,0x42,0x00,0x63,0x65,0x6c,0x73,
  0x69,0x75,0x73,0x20,0x66,0x61,0x68,0x72,0x65,0x6e,0x68,0x65,0x69,0x74,0x00,0x00,
  0x00,0x00,0x00,0x00,0x00,0x00,0x87,0x3a,0x00,0x00,0x4d,0x00,0x63,0x65,0x6c,0x73,
  0x69,0x75,0x73,0x20,0x74,0x6f,0x00,0x00,0x00,0x00,0x00,0x00,0x00,0x00,0x00,0x00,
  0x00,0x00,0x00,0x00,0x00,0x00,0xd4,0x3a,0x00,0x00,0x45,0x00,0x63,0x65,0x6c,0x73,
  0x69,0x75,0x73,0x20,0x74,0x6f,0x20,0x66,0x61,0x68,0x72,0x65,0x6e,0x68,0x65,0x69,
  0x74,0x00,0x00,0x00,0x00,0x00,0x19,0x3b,0x00,0x00,0x50,0x00,0x63,0x65,0x6e,0x74,
  0x72,0x69,0x70,0x65,0x74,0x61,0x6c,0x00,0x00,0x00,0x00,0x00,0x00,0x00,0x00,0x00,
  0x00,0x00,0x00,0x00,0x00,0x00,0x69,0x3b,0x00,0x00,0x5a,0x00,0x63,0x65,0x6e,0x74,
  0x72,0x69,0x70,0x65,0x74,0x61,0x6c,0x20,0x66,0x6f,0x72,0x63,0x65,0x00,0x00,0x00,
  0x00,0x00,0x00,0x00,0x00,0x00,0xc3,0x3b,0x00,0x00,0x60,0x00,0x63,0x68,0x61,0x72,
  0x67,0x65,0x00,0x00,0x00,0x00,0x00,0x00,0x00,0x00,0x00,0x00,0x00,0x00,0x00,0x00,
  0x00,0x00,0x00,0x00,0x00,0x00,0x23,0x3c,0x00,0x00,0x95,0x00,0x63,0x68,0x69,0x70,
  0x00,0x00,0x00,0x00,0x00,0x00,0x00,0x00,0x00,0x00,0x00,0x00,0x00,0x00,0x00,0x00,
  0x00,0x00,0x00,0x00,0x00,0x00,0xb8,0x3c,0x00,0x00,0x4a,0x00,0x63,0x68,0x69,0x70,
  0x20,0x73,0x65,0x6c,0x65,0x63,0x74,0x00,0x00,0x00,0x00,0x00,0x00,0x00,0x00,0x00,
  0x00,0x00,0x00,0x00,0x00,0x00,0x02,0x3d,0x00,0x00,0x51,0x00,0x63,0x68,0x6c,0x6f,
  0x72,0x69,0x6e,0x65,0x00,0x00,0x00,0x00,0x00,0x00,0x00,0x00,0x00,0x00,0x00,0x00,
  0x00,0x00,0x00,0x00,0x00,0x00,0x53,0x3d,0x00,0x00,0xab,0x00,0x63,0x68,0x6c,0x6f,
  0x72,0x69,0x6e,0x65,0x20,0x61,0x74,0x6f,0x6d,0x69,0x63,0x00,0x00,0x00,0x00,0x00,
  0x00,0x00,0x00,0x00,0x00,0x00,0xfe,0x3d,0x00,0x00,0x70,0x00,0x63,0x68,0x6c,0x6f,
  0x72,0x69,0x6e,0x65,0x20,0x61,0x74,0x6f,0x6d,0x69,0x63,0x20,0x6d,0x61,0x73,0x73,
  0x00,0x00,0x00,0x00,0x00,0x00,0x6e,0x3e,0x00,0x00,0x4f,0x00,0x63,0x68,0x6c,0x6f,
  0x72,0x69,0x6e,0x65,0x20,0x61,0x74,0x6f,0x6d,0x69,0x63,0x20,0x6e,0x75,0x6d,0x62,
  0x65,0x72,0x00,0x00,0x00,0x00,0xbd,0x3e,0x00,0x00,0x3e,0x00,0x63,0x68,0x6c,0x6f,
  0x72,0x69,0x6e,0x65,0x20,0x6d,0x61,0x73,0x73,0x00,0x00,0x00,0x00,0x00,0x00,0x00,
  0x00,0x00,0x00,0x00,0x00,0x00,0xfb,0x3e,0x00,0x00,0x48,0x00,0x63,0x68,0x6c,0x6f,
  0x72,0x69,0x6e,0x65,0x20,0x6e,0x75,0x6d,0x62,0x65,0x72,0x00,0x00,0x00,0x00,0x00,
  0x00,0x00,0x00,0x00,0x00,0x00,0x43,0x3f,0x00,0x00,0x37,0x00,0x63,0x68,0x72,0x6f,
  0x6d,0x69,0x75,0x6d,0x00,0x00,0x00,0x00,0x00,0x00,0x00,0x00,0x00,0x00,0x00,0x00,
  0x00,0x00,0x00,0x00,0x00,0x00,0x7a,0x3f,0x00,0x00,0xad,0x00,0x63,0x68,0x72,0x6f,
  0x6d,0x69,0x75,0x6d,0x20,0x61,0x74,0x6f,0x6d,0x69,0x63,0x00,0x00,0x00,0x00,0x00,
  0x00,0x00,0x00,0x00,0x00,0x00,0x27,0x40,0x00,0x00,0x71,0x00,0x63,0x68,0x72,0x6f,
  0x6d,0x69,0x75,0x6d,0x20,0x61,0x74,0x6f,0x6d,0x69,0x63,0x20,0x6d,0x61,0x73,0x73,
  0x00,0x00,0x00,0x00,0x00,0x00,0x98,0x40,0x00,0x00,0x50,0x00,0x63,0x68,0x72,0x6f,
  0x6d,0x69,0x75,0x6d,0x20,0x61,0x74,0x6f,0x6d,0x69,0x63,0x20,0x6e,0x75,0x6d,0x62,
  0x65,0x72,0x00,0x00,0x00,0x00,0xe8,0x40,0x00,0x00,0x3e,0x00,0x63,0x68,0x72,0x6f,
  0x6d,0x69,0x75,0x6d,0x20,0x6d,0x61,0x73,0x73,0x00,0x00,0x00,0x00,0x00,0x00,0x00,
  0x00,0x00,0x00,0x00,0x00,0x00,0x26,0x41,0x00,0x00,0x49,0x00,0x63,0x68,0x72,0x6f,
  0x6d,0x69,0x75,0x6d,0x20,0x6e,0x75,0x6d,0x62,0x65,0x72,0x00,0x00,0x00,0x00,0x00,
  0x00,0x00,0x00,0x00,0x00,0x00,0x6f,0x41,0x00,0x00,0x37,0x00,0x63,0x6f,0x62,0x61,
  0x6c,0x74,0x00,0x00,0x00,0x00,0x00,0x00,0x00,0x00,0x00,0x00,0x00,0x00,0x00,0x00,
  0x00,0x00,0x00,0x00,0x00,0x00,0xa6,0x41,0x00,0x00,0xa5,0x00,0x63,0x6f,0x62,0x61,
  0x6c,0x74,0x20,0x61,0x74,0x6f,0x6d,0x69,0x63,0x00,0x00,0x00,0x00,0x00,0x00,0x00,
  0x00,0x00,0x00,0x00,0x00,0x00,0x4b,0x42,0x00,0x00,0x6b,0x00,0x63,0x6f,0x62,0x61,
  0x6c,0x74,0x20,0x61,0x74,0x6f,0x6d,0x69,0x63,0x20,0x6d,0x61,0x73,0x73,0x00,0x00,
  0x00,0x00,0x00,0x00,0x00,0x00,0xb6,0x42,0x00,0x00,0x4c,0x00,0x63,0x6f,0x62,0x61,
  0x6c,0x74,0x20,0x61,0x74,0x6f,0x6d,0x69,0x63,0x20,0x6e,0x75,0x6d,0x62,0x65,0x72,
  0x00,0x00,0x00,0x00,0x00,0x00,0x02,0x43,0x00,0x00,0x3a,0x00,0x63,0x6f,0x62,0x61,
  0x6c,0x74,0x20,0x6d,0x61,0x73,0x73,0x00,0x00,0x00,0x00,0x00,0x00,0x00,0x00,0x00,
  0x00,0x00,0x00,0x00,0x00,0x00,0x3c,0x43,0x00,0x00,0x45,0x00,0x63,0x6f,0x62,0x61,
  0x6c,0x74,0x20,0x6e,0x75,0x6d,0x62,0x65,0x72,0x00,0x00,0x00,0x00,0x00,0x00,0x00,
  0x00,0x00,0x00,0x00,0x00,0x00,0x81,0x43,0x00,0x00,0x33,0x00,0x63,0x6f,0x64,0x65,
  0x00,0x00,0x00,0x00,0x00,0x00,0x00,0x00,0x00,0x00,0x00,0x00,0x00,0x00,0x00,0x00,
  0x00,0x00,0x00,0x00,0x00,0x00,0xb4,0x43,0x00,0x00,0xd2,0x00,0x63,0x6f,0x64,0x65,
  0x20,0x31,0x30,0x31,0x00,0x00,0x00,0x00,0x00,0x00,0x00,0x00,0x00,0x00,0x00,0x00,
  0x00,0x00,0x00,0x00,0x00,0x00,0x86,0x44,0x00,0x00,0x2d,0x00,0x63,0x6f,0x64,0x65,
  0x20,0x31,0x30,0x32,0x00,0x00,0x00,0x00,0x00,0x00,0x00,0x00,0x00,0x00,0x00,0x00,
  0x00,0x00,0x00,0x00,0x00,0x00,0xb3,0x44,0x00,0x00,0x2b,0x00,0x63,0x6f,0x64,0x65,
  0x20,0x31,0x30,0x33,0x00,0x00,0x00,0x00,0x00,0x00,0x00,0x00,0x00,0x00,0x00,0x00,
  0x00,0x00,0x00,0x00,0x00,0x00,0xde,0x44,0x00,0x00,0x2c,0x00,0x63,0x6f,0x64,0x65,
  0x20,0x31,0x30,0x34,0x00,0x00,0x00,0x00,0x00,0x00,0x00,0x00,0x00,0x00,0x00,0x00,
  0x00,0x00,0x00,0x00,0x00,0x00,0x0a,0x45,0x00,0x00,0x2d,0x00,0x63,0x6f,0x64,0x65,
  0x20,0x31,0x30,0x35,0x00,0x00,0x00,0x00,0x00,0x00,0x00,0x00,0x00,0x00,0x00,0x00,
  0x00,0x00,0x00,0x00,0x00,0x00,0x37,0x45,0x00,0x00,0x2b,0x00,0x63,0x6f,0x64,0x65,
  0x20,0x31,0x30,0x36,0x00,0x00,0x00,0x00,0x00,0x00,0x00,0x00,0x00,0x00,0x00,0x00,
  0x00,0x00,0x00,0x00,0x00,0x00,0x62,0x45,0x00,0x00,0x2c,0x00,0x63,0x6f,0x64,0x65,
  0x20,0x32,0x32,0x31,0x00,0x00,0x00,0x00,0x00,0x00,0x00,0x00,0x00,0x00,0x00,0x00,
  0x00,0x00,0x00,0x00,0x00,0x00,0x8e,0x45,0x00,0x00,0x2d,0x00,0x63,0x6f,0x64,0x65,
  0x20,0x32,0x32,0x32,0x00,0x00,0x00,0x00,0x00,0x00,0x00,0x00,0x00,0x00,0x00,0x00,
  0x00,0x00,0x00,0x00,0x00,0x00,0xbb,0x45,0x00,0x00,0x2d,0x00,0x63,0x6f,0x64,0x65,
  0x20,0x32,0x32,0x34,0x00,0x00,0x00,0x00,0x00,0x00,0x00,0x00,0x00,0x00,0x00,0x00,
  0x00,0x00,0x00,0x00,0x00,0x00,0xe8,0x45,0x00,0x00,0x2d,0x00,0x63,0x6f,0x64,0x65,
  0x20,0x34,0x37,0x31,0x00,0x00,0x00,0x00,0x00,0x00,0x00,0x00,0x00,0x00,0x00,0x00,
  0x00,0x00,0x00,0x00,0x00,0x00,0x15,0x46,0x00,0x00,0x2d,0x00,0x63,0x6f,0x64,0x65,
  0x20,0x34,0x37,0x33,0x00,0x00,0x00,0x00,0x00,0x00,0x00,0x00,0x00,0x00,0x00,0x00,
  0x00,0x00,0x00,0x00,0x00,0x00,0x42,0x46,0x00,0x00,0x2c,0x00,0x63,0x6f,0x69,0x6e,
  0x00,0x00,0x00,0x00,0x00,0x00,0x00,0x00,0x00,0x00,0x00,0x00,0x00,0x00,0x00,0x00,
  0x00,0x00,0x00,0x00,0x00,0x00,0x6e,0x46,0x00,0x00,0x49,0x00,0x63,0x6f,0x69,0x6e,
  0x20,0x63,0x65,0x6c,0x6c,0x00,0x00,0x00,0x00,0x00,0x00,0x00,0x00,0x00,0x00,0x00,
  0x00,0x00,0x00,0x00,0x00,0x00,0xb7,0x46,0x00,0x00,0x4e,0x00,0x63,0x6f,0x6d,0x6d,
  0x6f,0x6e,0x00,0x00,0x00,0x00,0x00,0x00,0x00,0x00,0x00,0x00,0x00,0x00,0x00,0x00,
  0x00,0x00,0x00,0x00,0x00,0x00,0x05,0x47,0x00,0x00,0x37,0x00,0x63,0x6f,0x6d,0x6d,
  0x6f,0x6e,0x20,0x62,0x61,0x75,0x64,0x00,0x00,0x00,0x00,0x00,0x00,0x00,0x00,0x00,
  0x00,0x00,0x00,0x00,0x00,0x00,0x3c,0x47,0x00,0x00,0x3c,0x00,0x63,0x6f,0x6d,0x70,
  0x61,0x72,0x61,0x74,0x6f,0x72,0x00,0x00,0x00,0x00,0x00,0x00,0x00,0x00,0x00,0x00,
  0x00,0x00,0x00,0x00,0x00,0x00,0x78,0x47,0x00,0x00,0x66,0x00,0x63,0x6f,0x6e,0x64,
  0x75,0x63,0x74,0x69,0x6f,0x6e,0x00,0x00,0x00,0x00,0x00,0x00,0x00,0x00,0x00,0x00,
  0x00,0x00,0x00,0x00,0x00,0x00,0xde,0x47,0x00,0x00,0x71,0x00,0x63,0x6f,0x6e,0x64,
  0x75,0x63,0x74,0x69,0x76,0x69,0x74,0x79,0x00,0x00,0x00,0x00,0x00,0x00,0x00,0x00,
  0x00,0x00,0x00,0x00,0x00,0x00,0x4f,0x48,0x00,0x00,0x85,0x00,0x63,0x6f,0x6e,0x73,
  0x74,0x61,0x6e,0x74,0x00,0x00,0x00,0x00,0x00,0x00,0x00,0x00,0x00,0x00,0x00,0x00,
  0x00,0x00,0x00,0x00,0x00,0x00,0xd4,0x48,0x00,0x00,0x44,0x01,0x63,0x6f,0x6e,0x76,
  0x65,0x72,0x74,0x65,0x72,0x00,0x00,0x00,0x00,0x00,0x00,0x00,0x00,0x00,0x00,0x00,
  0x00,0x00,0x00,0x00,0x00,0x00,0x18,0x4a,0x00,0x00,0x63,0x00,0x63,0x6f,0x70,0x70,
  0x65,0x72,0x00,0x00,0x00,0x00,0x00,0x00,0x00,0x00,0x00,0x00,0x00,0x00,0x00,0x00,
  0x00,0x00,0x00,0x00,0x00,0x00,0x7b,0x4a,0x00,0x00,0x60,0x01,0x63,0x6f,0x70,0x70,
  0x65,0x72,0x20,0x61,0x74,0x6f,0x6d,0x69,0x63,0x00,0x00,0x00,0x00,0x00,0x00,0x00,
  0x00,0x00,0x00,0x00,0x00,0x00,0xdb,0x4b,0x00,0x00,0x6b,0x00,0x63,0x6f,0x70,0x70,
  0x65,0x72,0x20,0x61,0x74,0x6f,0x6d,0x69,0x63,0x20,0x6d,0x61,0x73,0x73,0x00,0x00,
  0x00,0x00,0x00,0x00,0x00,0x00,0x46,0x4c,0x00,0x00,0x4c,0x00,0x63,0x6f,0x70,0x70,
  0x65,0x72,0x20,0x61,0x74,0x6f,0x6d,0x69,0x63,0x20,0x6e,0x75,0x6d,0x62,0x65,0x72,
  0x00,0x00,0x00,0x00,0x00,0x00,0x92,0x4c,0x00,0x00,0x3a,0x00,0x63,0x6f,0x70,0x70,
  0x65,0x72,0x20,0x63,0x6f,0x6e,0x64,0x75,0x63,0x74,0x69,0x76,0x69,0x74,0x79,0x00,
  0x00,0x00,0x00,0x00,0x00,0x00,0xcc,0x4c,0x00,0x00,0x4f,0x00,0x63,0x6f,0x70,0x70,
  0x65,0x72,0x20,0x64,0x65,0x6e,0x73,0x69,0x74,0x79,0x00,0x00,0x00,0x00,0x00,0x00,
  0x00,0x00,0x00,0x00,0x00,0x00,0x1b,0x4d,0x00,0x00,0x4a,0x00,0x63,0x6f,0x70,0x70,
  0x65,0x72,0x20,0x6d,0x61,0x73,0x73,0x00,0x00,0x00,0x00,0x00,0x00,0x00,0x00,0x00,
  0x00,0x00,0x00,0x00,0x00,0x00,0x65,0x4d,0x00,0x00,0x45,0x00,0x63,0x6f,0x70,0x70,
  0x65,0x72,0x20,0x6d,0x65,0x6c,0x74,0x69,0x6e,0x67,0x00,0x00,0x00,0x00,0x00,0x00,
  0x00,0x00,0x00,0x00,0x00,0x00,0xaa,0x4d,0x00,0x00,0x46,0x00,0x63,0x6f,0x70,0x70,
  0x65,0x72,0x20,0x6d,0x65,0x6c,0x74,0x69,0x6e,0x67,0x20,0x70,0x6f,0x69,0x6e,0x74,
  0x00,0x00,0x00,0x00,0x00,0x00,0xf0,0x4d,0x00,0x00,0x4c,0x00,0x63,0x6f,0x70,0x70,
  0x65,0x72,0x20,0x6e,0x75,0x6d,0x62,0x65,0x72,0x00,0x00,0x00,0x00,0x00,0x00,0x00,
  0x00,0x00,0x00,0x00,0x00,0x00,0x3c,0x4e,0x00,0x00,0x33,0x00,0x63,0x6f,0x70,0x70,
  0x65,0x72,0x20,0x70,0x6f,0x69,0x6e,0x74,0x00,0x00,0x00,0x00,0x00,0x00,0x00,0x00,
  0x00,0x00,0x00,0x00,0x00,0x00,0x6f,0x4e,0x00,0x00,0x44,0x00,0x63,0x6f,0x70,0x70,
  0x65,0x72,0x20,0x72,0x65,0x73,0x69,0x73,0x74,0x69,0x76,0x69,0x74,0x79,0x00,0x00,
  0x00,0x00,0x00,0x00,0x00,0x00,0xb3,0x4e,0x00,0x00,0x49,0x00,0x63,0x6f,0x75,0x6c,
  0x6f,0x6d,0x62,0x73,0x00,0x00,0x00,0x00,0x00,0x00,0x00,0x00,0x00,0x00,0x00,0x00,
  0x00,0x00,0x00,0x00,0x00,0x00,0xfc,0x4e,0x00,0x00,0x74,0x00,0x63,0x6f,0x75,0x6c,
  0x6f,0x6d,0x62,0x73,0x20,0x6c,0x61,0x77,0x00,0x00,0x00,0x00,0x00,0x00,0x00,0x00,
  0x00,0x00,0x00,0x00,0x00,0x00,0x70,0x4f,0x00,0x00,0x78,0x00,0x63,0x72,0x79,0x73,
  0x74,0x61,0x6c,0x00,0x00,0x00,0x00,0x00,0x00,0x00,0x00,0x00,0x00,0x00,0x00,0x00,
  0x00,0x00,0x00,0x00,0x00,0x00,0xe8,0x4f,0x00,0x00,0x5e,0x00,0x63,0x72,0x79,0x73,
  0x74,0x61,0x6c,0x20,0x6c,0x6f,0x61,0x64,0x00,0x00,0x00,0x00,0x00,0x00,0x00,0x00,
  0x00,0x00,0x00,0x00,0x00,0x00,0x46,0x50,0x00,0x00,0x63,0x00,0x63,0x75,0x72,0x72,
  0x65,0x6e,0x74,0x00,0x00,0x00,0x00,0x00,0x00,0x00,0x00,0x00,0x00,0x00,0x00,0x00,
  0x00,0x00,0x00,0x00,0x00,0x00,0xa9,0x50,0x00,0x00,0x87,0x01,0x63,0x75,0x72,0x72,
  0x65,0x6e,0x74,0x20,0x64,0x69,0x76,0x69,0x64,0x65,0x72,0x00,0x00,0x00,0x00,0x00,
  0x00,0x00,0x00,0x00,0x00,0x00,0x30,0x52,0x00,0x00,0x8d,0x00,0x63,0x79,0x63,0x6c,
  0x65,0x00,0x00,0x00,0x00,0x00,0x00,0x00,0x00,0x00,0x00,0x00,0x00,0x00,0x00,0x00,
  0x00,0x00,0x00,0x00,0x00,0x00,0xbd,0x52,0x00,0x00,0x3d,0x00,0x64,0x65,0x62,0x6f,
  0x75,0x6e,0x63,0x65,0x00,0x00,0x00,0x00,0x00,0x00,0x00,0x00,0x00,0x00,0x00,0x00,
  0x00,0x00,0x00,0x00,0x00,0x00,0xfa,0x52,0x00,0x00,0x53,0x00,0x64,0x65,0x63,0x69,
  0x62,0x65,0x6c,0x00,0x00,0x00,0x00,0x00,0x00,0x00,0x00,0x00,0x00,0x00,0x00,0x00,
  0x00,0x00,0x00,0x00,0x00,0x00,0x4d,0x53,0x00,0x00,0x89,0x00,0x64,0x65,0x63,0x69,
  0x62,0x65,0x6c,0x20,0x70,0x6f,0x77,0x65,0x72,0x00,0x00,0x00,0x00,0x00,0x00,0x00,
  0x00,0x00,0x00,0x00,0x00,0x00,0xd6,0x53,0x00,0x00,0x53,0x00,0x64,0x65,0x63,0x6f,
  0x75,0x70,0x6c,0x69,0x6e,0x67,0x00,0x00,0x00,0x00,0x00,0x00,0x00,0x00,0x00,0x00,
  0x00,0x00,0x00,0x00,0x00,0x00,0x29,0x54,0x00,0x00,0x59,0x00,0x64,0x65,0x63,0x6f,
  0x75,0x70,0x6c,0x69,0x6e,0x67,0x20,0x63,0x61,0x70,0x61,0x63,0x69,0x74,0x6f,0x72,
  0x00,0x00,0x00,0x00,0x00,0x00,0x82,0x54,0x00,0x00,0x63,0x00,0x64,0x65,0x6e,0x73,
  0x69,0x74,0x79,0x00,0x00,0x00,0x00,0x00,0x00,0x00,0x00,0x00,0x00,0x00,0x00,0x00,
  0x00,0x00,0x00,0x00,0x00,0x00,0xe5,0x54,0x00,0x00,0x52,0x01,0x64,0x69,0x6f,0x64,
  0x65,0x00,0x00,0x00,0x00,0x00,0x00,0x00,0x00,0x00,0x00,0x00,0x00,0x00,0x00,0x00,
  0x00,0x00,0x00,0x00,0x00,0x00,0x37,0x56,0x00,0x00,0xec,0x00,0x64,0x69,0x76,0x69,
  0x64,0x65,0x72,0x00,0x00,0x00,0x00,0x00,0x00,0x00,0x00,0x00,0x00,0x00,0x00,0x00,
  0x00,0x00,0x00,0x00,0x00,0x00,0x23,0x57,0x00,0x00,0xed,0x00,0x64,0x72,0x61,0x69,
  0x6e,0x00,0x00,0x00,0x00,0x00,0x00,0x00,0x00,0x00,0x00,0x00,0x00,0x00,0x00,0x00,
  0x00,0x00,0x00,0x00,0x00,0x00,0x10,0x58,0x00,0x00,0x52,0x00,0x64,0x72,0x6f,0x70,
  0x6f,0x75,0x74,0x00,0x00,0x00,0x00,0x00,0x00,0x00,0x00,0x00,0x00,0x00,0x00,0x00,
  0x00,0x00,0x00,0x00,0x00,0x00,0x62,0x58,0x00,0x00,0x64,0x00,0x64,0x75,0x74,0x79,
  0x00,0x00,0x00,0x00,0x00,0x00,0x00,0x00,0x00,0x00,0x00,0x00,0x00,0x00,0x00,0x00,
  0x00,0x00,0x00,0x00,0x00,0x00,0xc6,0x58,0x00,0x00,0x85,0x00,0x64,0x75,0x74,0x79,
  0x20,0x63,0x79,0x63,0x6c,0x65,0x00,0x00,0x00,0x00,0x00,0x00,0x00,0x00,0x00,0x00,
  0x00,0x00,0x00,0x00,0x00,0x00,0x4b,0x59,0x00,0x00,0x42,0x00,0x65,0x31,0x32,0x00,
  0x00,0x00,0x00,0x00,0x00,0x00,0x00,0x00,0x00,0x00,0x00,0x00,0x00,0x00,0x00,0x00,
  0x00,0x00,0x00,0x00,0x00,0x00,0x8d,0x59,0x00,0x00,0x59,0x00,0x65,0x31,0x32,0x20,
  0x73,0x65,0x72,0x69,0x65,0x73,0x00,0x00,0x00,0x00,0x00,0x00,0x00,0x00,0x00,0x00,
  0x00,0x00,0x00,0x00,0x00,0x00,0xe6,0x59,0x00,0x00,0x60,0x00,0x65,0x32,0x34,0x00,
  0x00,0x00,0x00,0x00,0x00,0x00,0x00,0x00,0x00,0x00,0x00,0x00,0x00,0x00,0x00,0x00,
  0x00,0x00,0x00,0x00,0x00,0x00,0x46,0x5a,0x00,0x00,0x89,0x00,0x65,0x32,0x34,0x20,
  0x73,0x65,0x72,0x69,0x65,0x73,0x00,0x00,0x00,0x00,0x00,0x00,0x00,0x00,0x00,0x00,
  0x00,0x00,0x00,0x00,0x00,0x00,0xcf,0x5a,0x00,0x00,0x90,0x00,0x65,0x61,0x72,0x74,
  0x68,0x00,0x00,0x00,0x00,0x00,0x00,0x00,0x00,0x00,0x00,0x00,0x00,0x00,0x00,0x00,
  0x00,0x00,0x00,0x00,0x00,0x00,0x5f,0x5b,0x00,0x00,0x85,0x00,0x65,0x66,0x66,0x69,
  0x63,0x69,0x65,0x6e,0x63,0x79,0x00,0x00,0x00,0x00,0x00,0x00,0x00,0x00,0x00,0x00,
  0x00,0x00,0x00,0x00,0x00,0x00,0xe4,0x5b,0x00,0x00,0x53,0x00,0x65,0x6c,0x65,0x63,
  0x74,0x72,0x69,0x63,0x61,0x6c,0x00,0x00,0x00,0x00,0x00,0x00,0x00,0x00,0x00,0x00,
  0x00,0x00,0x00,0x00,0x00,0x00,0x37,0x5c,0x00,0x00,0x31,0x00,0x65,0x6c,0x65,0x63,
  0x74,0x72,0x69,0x63,0x61,0x6c,0x20,0x70,0x6f,0x77,0x65,0x72,0x00,0x00,0x00,0x00,
  0x00,0x00,0x00,0x00,0x00,0x00,0x68,0x5c,0x00,0x00,0x37,0x00,0x65,0x6c,0x65,0x63,
  0x74,0x72,0x6f,0x6e,0x00,0x00,0x00,0x00,0x00,0x00,0x00,0x00,0x00,0x00,0x00,0x00,
  0x00,0x00,0x00,0x00,0x00,0x00,0x9f,0x5c,0x00,0x00,0x3a,0x00,0x65,0x6c,0x65,0x63,
  0x74,0x72,0x6f,0x6e,0x20,0x6d,0x61,0x73,0x73,0x00,0x00,0x00,0x00,0x00,0x00,0x00,
  0x00,0x00,0x00,0x00,0x00,0x00,0xd9,0x5c,0x00,0x00,0x3f,0x00,0x65,0x6c,0x65,0x63,
  0x74,0x72,0x6f,0x6e,0x76,0x6f,0x6c,0x74,0x00,0x00,0x00,0x00,0x00,0x00,0x00,0x00,
  0x00,0x00,0x00,0x00,0x00,0x00,0x18,0x5d,0x00,0x00,0x3b,0x00,0x65,0x6c,0x65,0x6d,
  0x65,0x6e,0x74,0x61,0x72,0x79,0x00,0x00,0x00,0x00,0x00,0x00,0x00,0x00,0x00,0x00,
  0x00,0x00,0x00,0x00,0x00,0x00,0x53,0x5d,0x00,0x00,0x39,0x00,0x65,0x6c,0x65,0x6d,
  0x65,0x6e,0x74,0x61,0x72,0x79,0x20,0x63,0x68,0x61,0x72,0x67,0x65,0x00,0x00,0x00,
  0x00,0x00,0x00,0x00,0x00,0x00,0x8c,0x5d,0x00,0x00,0x40,0x00,0x65,0x6d,0x69,0x74,
  0x74,0x65,0x72,0x00,0x00,0x00,0x00,0x00,0x00,0x00,0x00,0x00,0x00,0x00,0x00,0x00,
  0x00,0x00,0x00,0x00,0x00,0x00,0xcc,0x5d,0x00,0x00,0x5c,0x00,0x65,0x6e,0x65,0x72,
  0x67,0x79,0x00,0x00,0x00,0x00,0x00,0x00,0x00,0x00,0x00,0x00,0x00,0x00,0x00,0x00,
  0x00,0x00,0x00,0x00,0x00,0x00,0x28,0x5e,0x00,0x00,0x59,0x01,0x65,0x71,0x75,0x61,
  0x74,0x69,0x6f,0x6e,0x00,0x00,0x00,0x00,0x00,0x00,0x00,0x00,0x00,0x00,0x00,0x00,
  0x00,0x00,0x00,0x00,0x00,0x00,0x81,0x5f,0x00,0x00,0x6b,0x00,0x65,0x73,0x70,0x33,
  0x32,0x00,0x00,0x00,0x00,0x00,0x00,0x00,0x00,0x00,0x00,0x00,0x00,0x00,0x00,0x00,
  0x00,0x00,0x00,0x00,0x00,0x00,0xec,0x5f,0x00,0x00,0x36,0x00,0x65,0x73,0x70,0x33,
  0x32,0x20,0x61,0x64,0x63,0x00,0x00,0x00,0x00,0x00,0x00,0x00,0x00,0x00,0x00,0x00,
  0x00,0x00,0x00,0x00,0x00,0x00,0x22,0x60,0x00,0x00,0x3a,0x00,0x65,0x73,0x70,0x33,
  0x32,0x20,0x73,0x33,0x00,0x00,0x00,0x00,0x00,0x00,0x00,0x00,0x00,0x00,0x00,0x00,
  0x00,0x00,0x00,0x00,0x00,0x00,0x5c,0x60,0x00,0x00,0x49,0x00,0x65,0x78,0x70,0x61,
  0x6e,0x73,0x69,0x6f,0x6e,0x00,0x00,0x00,0x00,0x00,0x00,0x00,0x00,0x00,0x00,0x00,
  0x00,0x00,0x00,0x00,0x00,0x00,0xa5,0x60,0x00,0x00,0x7a,0x00,0x66,0x61,0x63,0x74,
  0x6f,0x72,0x00,0x00,0x00,0x00,0x00,0x00,0x00,0x00,0x00,0x00,0x00,0x00,0x00,0x00,
  0x00,0x00,0x00,0x00,0x00,0x00,0x1f,0x61,0x00,0x00,0x43,0x00,0x66,0x61,0x68,0x72,
  0x65,0x6e,0x68,0x65,0x69,0x74,0x00,0x00,0x00,0x00,0x00,0x00,0x00,0x00,0x00,0x00,
  0x00,0x00,0x00,0x00,0x00,0x00,0x62,0x61,0x00,0x00,0x45,0x00,0x66,0x61,0x72,0x61,
  0x64,0x00,0x00,0x00,0x00,0x00,0x00,0x00,0x00,0x00,0x00,0x00,0x00,0x00,0x00,0x00,
  0x00,0x00,0x00,0x00,0x00,0x00,0xa7,0x61,0x00,0x00,0x2b,0x00,0x66,0x6c,0x61,0x73,
  0x68,0x00,0x00,0x00,0x00,0x00,0x00,0x00,0x00,0x00,0x00,0x00,0x00,0x00,0x00,0x00,
  0x00,0x00,0x00,0x00,0x00,0x00,0xd2,0x61,0x00,0x00,0x55,0x00,0x66,0x6c,0x6f,0x77,
  0x00,0x00,0x00,0x00,0x00,0x00,0x00,0x00,0x00,0x00,0x00,0x00,0x00,0x00,0x00,0x00,
  0x00,0x00,0x00,0x00,0x00,0x00,0x27,0x62,0x00,0x00,0x6b,0x00,0x66,0x6c,0x75,0x6f,
  0x72,0x69,0x6e,0x65,0x00,0x00,0x00,0x00,0x00,0x00,0x00,0x00,0x00,0x00,0x00,0x00,
  0x00,0x00,0x00,0x00,0x00,0x00,0x92,0x62,0x00,0x00,0xaa,0x00,0x66,0x6c,0x75,0x6f,
  0x72,0x69,0x6e,0x65,0x20,0x61,0x74,0x6f,0x6d,0x69,0x63,0x00,0x00,0x00,0x00,0x00,
  0x00,0x00,0x00,0x00,0x00,0x00,0x3c,0x63,0x00,0x00,0x70,0x00,0x66,0x6c,0x75,0x6f,
  0x72,0x69,0x6e,0x65,0x20,0x61,0x74,0x6f,0x6d,0x69,0x63,0x20,0x6d,0x61,0x73,0x73,
  0x00,0x00,0x00,0x00,0x00,0x00,0xac,0x63,0x00,0x00,0x50,0x00,0x66,0x6c,0x75,0x6f,
  0x72,0x69,0x6e,0x65,0x20,0x61,0x74,0x6f,0x6d,0x69,0x63,0x20,0x6e,0x75,0x6d,0x62,
  0x65,0x72,0x00,0x00,0x00,0x00,0xfc,0x63,0x00,0x00,0x3d,0x00,0x66,0x6c,0x75,0x6f,
  0x72,0x69,0x6e,0x65,0x20,0x6d,0x61,0x73,0x73,0x00,0x00,0x00,0x00,0x00,0x00,0x00,
  0x00,0x00,0x00,0x00,0x00,0x00,0x39,0x64,0x00,0x00,0x49,0x00,0x66,0x6c,0x75,0x6f,
  0x72,0x69,0x6e,0x65,0x20,0x6e,0x75,0x6d,0x62,0x65,0x72,0x00,0x00,0x00,0x00,0x00,
  0x00,0x00,0x00,0x00,0x00,0x00,0x82,0x64,0x00,0x00,0x36,0x00,0x66,0x6f,0x6c,0x6c,
  0x6f,0x77,0x65,0x72,0x00,0x00,0x00,0x00,0x00,0x00,0x00,0x00,0x00,0x00,0x00,0x00,
  0x00,0x00,0x00,0x00,0x00,0x00,0xb8,0x64,0x00,0x00,0x4f,0x00,0x66,0x6f,0x6f,0x74,
  0x00,0x00,0x00,0x00,0x00,0x00,0x00,0x00,0x00,0x00,0x00,0x00,0x00,0x00,0x00,0x00,
  0x00,0x00,0x00,0x00,0x00,0x00,0x07,0x65,0x00,0x00,0x22,0x00,0x66,0x6f,0x72,0x63,
  0x65,0x00,0x00,0x00,0x00,0x00,0x00,0x00,0x00,0x00,0x00,0x00,0x00,0x00,0x00,0x00,
  0x00,0x00,0x00,0x00,0x00,0x00,0x29,0x65,0x00,0x00,0x63,0x01,0x66,0x6f,0x72,0x6d,
  0x75,0x6c,0x61,0x00,0x00,0x00,0x00,0x00,0x00,0x00,0x00,0x00,0x00,0x00,0x00,0x00,
  0x00,0x00,0x00,0x00,0x00,0x00,0x8c,0x66,0x00,0x00,0x56,0x00,0x66,0x6f,0x72,0x77,
  0x61,0x72,0x64,0x00,0x00,0x00,0x00,0x00,0x00,0x00,0x00,0x00,0x00,0x00,0x00,0x00,
  0x00,0x00,0x00,0x00,0x00,0x00,0xe2,0x66,0x00,0x00,0x7e,0x00,0x66,0x6f,0x72,0x77,
  0x61,0x72,0x64,0x20,0x76,0x6f,0x6c,0x74,0x61,0x67,0x65,0x00,0x00,0x00,0x00,0x00,
  0x00,0x00,0x00,0x00,0x00,0x00,0x60,0x67,0x00,0x00,0x86,0x00,0x66,0x72,0x65,0x65,
  0x7a,0x69,0x6e,0x67,0x00,0x00,0x00,0x00,0x00,0x00,0x00,0x00,0x00,0x00,0x00,0x00,
  0x00,0x00,0x00,0x00,0x00,0x00,0xe6,0x67,0x00,0x00,0x50,0x00,0x66,0x72,0x65,0x71,
  0x75,0x65,0x6e,0x63,0x79,0x00,0x00,0x00,0x00,0x00,0x00,0x00,0x00,0x00,0x00,0x00,
  0x00,0x00,0x00,0x00,0x00,0x00,0x36,0x68,0x00,0x00,0x44,0x01,0x66,0x72,0x65,0x71,
  0x75,0x65,0x6e,0x63,0x79,0x20,0x70,0x65,0x72,0x69,0x6f,0x64,0x00,0x00,0x00,0x00,
  0x00,0x00,0x00,0x00,0x00,0x00,0x7a,0x69,0x00,0x00,0x3d,0x00,0x66,0x72,0x69,0x63,
  0x74,0x69,0x6f,0x6e,0x00,0x00,0x00,0x00,0x00,0x00,0x00,0x00,0x00,0x00,0x00,0x00,
  0x00,0x00,0x00,0x00,0x00,0x00,0xb7,0x69,0x00,0x00,0x55,0x00,0x66,0x75,0x73,0x69,
  0x6f,0x6e,0x00,0x00,0x00,0x00,0x00,0x00,0x00,0x00,0x00,0x00,0x00,0x00,0x00,0x00,
  0x00,0x00,0x00,0x00,0x00,0x00,0x0c,0x6a,0x00,0x00,0x40,0x00,0x67,0x61,0x69,0x6e,
  0x00,0x00,0x00,0x00,0x00,0x00,0x00,0x00,0x00,0x00,0x00,0x00,0x00,0x00,0x00,0x00,
  0x00,0x00,0x00,0x00,0x00,0x00,0x4c,0x6a,0x00,0x00,0x63,0x01,0x67,0x61,0x6c,0x6c,
  0x69,0x75,0x6d,0x00,0x00,0x00,0x00,0x00,0x00,0x00,0x00,0x00,0x00,0x00,0x00,0x00,
  0x00,0x00,0x00,0x00,0x00,0x00,0xaf,0x6b,0x00,0x00,0xa9,0x00,0x67,0x61,0x6c,0x6c,
  0x69,0x75,0x6d,0x20,0x61,0x74,0x6f,0x6d,0x69,0x63,0x00,0x00,0x00,0x00,0x00,0x00,
  0x00,0x00,0x00,0x00,0x00,0x00,0x58,0x6c,0x00,0x00,0x6e,0x00,0x67,0x61,0x6c,0x6c,
  0x69,0x75,0x6d,0x20,0x61,0x74,0x6f,0x6d,0x69,0x63,0x20,0x6d,0x61,0x73,0x73,0x00,
  0x00,0x00,0x00,0x00,0x00,0x00,0xc6,0x6c,0x00,0x00,0x4e,0x00,0x67,0x61,0x6c,0x6c,
  0x69,0x75,0x6d,0x20,0x61,0x74,0x6f,0x6d,0x69,0x63,0x20,0x6e,0x75,0x6d,0x62,0x65,
  0x72,0x00,0x00,0x00,0x00,0x00,0x14,0x6d,0x00,0x00,0x3c,0x00,0x67,0x61,0x6c,0x6c,
  0x69,0x75,0x6d,0x20,0x6d,0x61,0x73,0x73,0x00,0x00,0x00,0x00,0x00,0x00,0x00,0x00,
  0x00,0x00,0x00,0x00,0x00,0x00,0x50,0x6d,0x00,0x00,0x47,0x00,0x67,0x61,0x6c,0x6c,
  0x69,0x75,0x6d,0x20,0x6e,0x75,0x6d,0x62,0x65,0x72,0x00,0x00,0x00,0x00,0x00,0x00,
  0x00,0x00,0x00,0x00,0x00,0x00,0x97,0x6d,0x00,0x00,0x35,0x00,0x67,0x61,0x6c,0x6c,
  0x6f,0x6e,0x00,0x00,0x00,0x00,0x00,0x00,0x00,0x00,0x00,0x00,0x00,0x00,0x00,0x00,
  0x00,0x00,0x00,0x00,0x00,0x00,0xcc,0x6d,0x00,0x00,0x2e,0x00,0x67,0x61,0x73,0x00,
  0x00,0x00,0x00,0x00,0x00,0x00,0x00,0x00,0x00,0x00,0x00,0x00,0x00,0x00,0x00,0x00,
  0x00,0x00,0x00,0x00,0x00,0x00,0xfa,0x6d,0x00,0x00,0x93,0x00,0x67,0x61,0x73,0x20,
  0x63,0x6f,0x6e,0x73,0x74,0x61,0x6e,0x74,0x00,0x00,0x00,0x00,0x00,0x00,0x00,0x00,
  0x00,0x00,0x00,0x00,0x00,0x00,0x8d,0x6e,0x00,0x00,0x40,0x00,0x67,0x61,0x73,0x20,
  0x6c,0x61,0x77,0x00,0x00,0x00,0x00,0x00,0x00,0x00,0x00,0x00,0x00,0x00,0x00,0x00,
  0x00,0x00,0x00,0x00,0x00,0x00,0xcd,0x6e,0x00,0x00,0x65,0x00,0x67,0x61,0x74,0x65,
  0x00,0x00,0x00,0x00,0x00,0x00,0x00,0x00,0x00,0x00,0x00,0x00,0x00,0x00,0x00,0x00,
  0x00,0x00,0x00,0x00,0x00,0x00,0x32,0x6f,0x00,0x00,0x53,0x00,0x67,0x65,0x61,0x72,
  0x00,0x00,0x00,0x00,0x00,0x00,0x00,0x00,0x00,0x00,0x00,0x00,0x00,0x00,0x00,0x00,
  0x00,0x00,0x00,0x00,0x00,0x00,0x85,0x6f,0x00,0x00,0x5b,0x00,0x67,0x65,0x61,0x72,
  0x20,0x72,0x61,0x74,0x69,0x6f,0x00,0x00,0x00,0x00,0x00,0x00,0x00,0x00,0x00,0x00,
  0x00,0x00,0x00,0x00,0x00,0x00,0xe0,0x6f,0x00,0x00,0x61,0x00,0x67,0x65,0x72,0x6d,
  0x61,0x6e,0x69,0x75,0x6d,0x00,0x00,0x00,0x00,0x00,0x00,0x00,0x00,0x00,0x00,0x00,
  0x00,0x00,0x00,0x00,0x00,0x00,0x41,0x70,0x00,0x00,0xaf,0x00,0x67,0x65,0x72,0x6d,
  0x61,0x6e,0x69,0x75,0x6d,0x20,0x61,0x74,0x6f,0x6d,0x69,0x63,0x00,0x00,0x00,0x00,
  0x00,0x00,0x00,0x00,0x00,0x00,0xf0,0x70,0x00,0x00,0x73,0x00,0x67,0x65,0x72,0x6d,
  0x61,0x6e,0x69,0x75,0x6d,0x20,0x61,0x74,0x6f,0x6d,0x69,0x63,0x20,0x6d,0x61,0x73,
  0x73,0x00,0x00,0x00,0x00,0x00,0x63,0x71,0x00,0x00,0x51,0x00,0x67,0x65,0x72,0x6d,
  0x61,0x6e,0x69,0x75,0x6d,0x20,0x61,0x74,0x6f,0x6d,0x69,0x63,0x20,0x6e,0x75,0x6d,
  0x62,0x65,0x72,0x00,0x00,0x00,0xb4,0x71,0x00,0x00,0x40,0x00,0x67,0x65,0x72,0x6d,
  0x61,0x6e,0x69,0x75,0x6d,0x20,0x6d,0x61,0x73,0x73,0x00,0x00,0x00,0x00,0x00,0x00,
  0x00,0x00,0x00,0x00,0x00,0x00,0xf4,0x71,0x00,0x00,0x4a,0x00,0x67,0x65,0x72,0x6d,
  0x61,0x6e,0x69,0x75,0x6d,0x20,0x6e,0x75,0x6d,0x62,0x65,0x72,0x00,0x00,0x00,0x00,
  0x00,0x00,0x00,0x00,0x00,0x00,0x3e,0x72,0x00,0x00,0x39,0x00,0x67,0x69,0x67,0x61,
  0x00,0x00,0x00,0x00,0x00,0x00,0x00,0x00,0x00,0x00,0x00,0x00,0x00,0x00,0x00,0x00,
  0x00,0x00,0x00,0x00,0x00,0x00,0x77,0x72,0x00,0x00,0x26,0x00,0x67,0x69,0x67,0x61,
  0x20,0x70,0x72,0x65,0x66,0x69,0x78,0x00,0x00,0x00,0x00,0x00,0x00,0x00,0x00,0x00,
  0x00,0x00,0x00,0x00,0x00,0x00,0x9d,0x72,0x00,0x00,0x2d,0x00,0x67,0x6c,0x61,0x73,
  0x73,0x00,0x00,0x00,0x00,0x00,0x00,0x00,0x00,0x00,0x00,0x00,0x00,0x00,0x00,0x00,
  0x00,0x00,0x00,0x00,0x00,0x00,0xca,0x72,0x00,0x00,0x34,0x00,0x67,0x6f,0x6c,0x64,
  0x00,0x00,0x00,0x00,0x00,0x00,0x00,0x00,0x00,0x00,0x00,0x00,0x00,0x00,0x00,0x00,
  0x00,0x00,0x00,0x00,0x00,0x00,0xfe,0x72,0x00,0x00,0xce,0x00,0x67,0x6f,0x6c,0x64,
  0x20,0x62,0x61,0x6e,0x64,0x00,0x00,0x00,0x00,0x00,0x00,0x00,0x00,0x00,0x00,0x00,
  0x00,0x00,0x00,0x00,0x00,0x00,0xcc,0x73,0x00,0x00,0x33,0x00,0x67,0x6f,0x6c,0x64,
  0x20,0x64,0x65,0x6e,0x73,0x69,0x74,0x79,0x00,0x00,0x00,0x00,0x00,0x00,0x00,0x00,
  0x00,0x00,0x00,0x00,0x00,0x00,0xff,0x73,0x00,0x00,0x47,0x00,0x67,0x6f,0x6c,0x64,
  0x20,0x6d,0x65,0x6c,0x74,0x69,0x6e,0x67,0x00,0x00,0x00,0x00,0x00,0x00,0x00,0x00,
  0x00,0x00,0x00,0x00,0x00,0x00,0x46,0x74,0x00,0x00,0x42,0x00,0x67,0x6f,0x6c,0x64,
  0x20,0x6d,0x65,0x6c,0x74,0x69,0x6e,0x67,0x20,0x70,0x6f,0x69,0x6e,0x74,0x00,0x00,
  0x00,0x00,0x00,0x00,0x00,0x00,0x88,0x74,0x00,0x00,0x48,0x00,0x67,0x6f,0x6c,0x64,
  0x20,0x70,0x6f,0x69,0x6e,0x74,0x00,0x00,0x00,0x00,0x00,0x00,0x00,0x00,0x00,0x00,
  0x00,0x00,0x00,0x00,0x00,0x00,0xd0,0x74,0x00,0x00,0x40,0x00,0x67,0x6f,0x6c,0x64,
  0x20,0x72,0x65,0x73,0x69,0x73,0x74,0x69,0x76,0x69,0x74,0x79,0x00,0x00,0x00,0x00,
  0x00,0x00,0x00,0x00,0x00,0x00,0x10,0x75,0x00,0x00,0x45,0x00,0x67,0x70,0x69,0x6f,
  0x00,0x00,0x00,0x00,0x00,0x00,0x00,0x00,0x00,0x00,0x00,0x00,0x00,0x00,0x00,0x00,
  0x00,0x00,0x00,0x00,0x00,0x00,0x55,0x75,0x00,0x00,0x5d,0x00,0x67,0x70,0x69,0x6f,
  0x20,0x63,0x75,0x72,0x72,0x65,0x6e,0x74,0x00,0x00,0x00,0x00,0x00,0x00,0x00,0x00,
  0x00,0x00,0x00,0x00,0x00,0x00,0xb2,0x75,0x00,0x00,0x65,0x00,0x67,0x72,0x61,0x76,
  0x69,0x74,0x61,0x74,0x69,0x6f,0x6e,0x61,0x6c,0x00,0x00,0x00,0x00,0x00,0x00,0x00,
  0x00,0x00,0x00,0x00,0x00,0x00,0x17,0x76,0x00,0x00,0x44,0x00,0x67,0x72,0x61,0x76,
  0x69,0x74,0x61,0x74,0x69,0x6f,0x6e,0x61,0x6c,0x20,0x63,0x6f,0x6e,0x73,0x74,0x61,
  0x6e,0x74,0x00,0x00,0x00,0x00,0x5b,0x76,0x00,0x00,0x4d,0x00,0x67,0x72,0x61,0x76,
  0x69,0x74,0x79,0x00,0x00,0x00,0x00,0x00,0x00,0x00,0x00,0x00,0x00,0x00,0x00,0x00,
  0x00,0x00,0x00,0x00,0x00,0x00,0xa8,0x76,0x00,0x00,0x2c,0x00,0x67,0x72,0x65,0x65,
  0x6e,0x00,0x00,0x00,0x00,0x00,0x00,0x00,0x00,0x00,0x00,0x00,0x00,0x00,0x00,0x00,
  0x00,0x00,0x00,0x00,0x00,0x00,0xd4,0x76,0x00,0x00,0x68,0x00,0x67,0x72,0x65,0x65,
  0x6e,0x20,0x62,0x61,0x6e,0x64,0x00,0x00,0x00,0x00,0x00,0x00,0x00,0x00,0x00,0x00,
  0x00,0x00,0x00,0x00,0x00,0x00,0x3c,0x77,0x00,0x00,0x36,0x00,0x67,0x72,0x65,0x65,
  0x6e,0x20,0x6c,0x65,0x64,0x00,0x00,0x00,0x00,0x00,0x00,0x00,0x00,0x00,0x00,0x00,
  0x00,0x00,0x00,0x00,0x00,0x00,0x72,0x77,0x00,0x00,0x42,0x00,0x67,0x72,0x65,0x79,
  0x00,0x00,0x00,0x00,0x00,0x00,0x00,0x00,0x00,0x00,0x00,0x00,0x00,0x00,0x00,0x00,
  0x00,0x00,0x00,0x00,0x00,0x00,0xb4,0x77,0x00,0x00,0x2f,0x00,0x67,0x72,0x65,0x79,
  0x20,0x62,0x61,0x6e,0x64,0x00,0x00,0x00,0x00,0x00,0x00,0x00,0x00,0x00,0x00,0x00,
  0x00,0x00,0x00,0x00,0x00,0x00,0xe3,0x77,0x00,0x00,0x34,0x00,0x68,0x65,0x61,0x74,
  0x00,0x00,0x00,0x00,0x00,0x00,0x00,0x00,0x00,0x00,0x00,0x00,0x00,0x00,0x00,0x00,
  0x00,0x00,0x00,0x00,0x00,0x00,0x17,0x78,0x00,0x00,0x62,0x01,0x68,0x65,0x61,0x74,
  0x20,0x66,0x6f,0x72,0x6d,0x75,0x6c,0x61,0x00,0x00,0x00,0x00,0x00,0x00,0x00,0x00,
  0x00,0x00,0x00,0x00,0x00,0x00,0x79,0x79,0x00,0x00,0x5b,0x00,0x68,0x65,0x61,0x74,
  0x20,0x66,0x75,0x73,0x69,0x6f,0x6e,0x00,0x00,0x00,0x00,0x00,0x00,0x00,0x00,0x00,
  0x00,0x00,0x00,0x00,0x00,0x00,0xd4,0x79,0x00,0x00,0x45,0x00,0x68,0x65,0x61,0x74,
  0x20,0x76,0x61,0x70,0x6f,0x72,0x69,0x73,0x61,0x74,0x69,0x6f,0x6e,0x00,0x00,0x00,
  0x00,0x00,0x00,0x00,0x00,0x00,0x19,0x7a,0x00,0x00,0x4e,0x00,0x68,0x65,0x6c,0x69,
  0x75,0x6d,0x00,0x00,0x00,0x00,0x00,0x00,0x00,0x00,0x00,0x00,0x00,0x00,0x00,0x00,
  0x00,0x00,0x00,0x00,0x00,0x00,0x67,0x7a,0x00,0x00,0xa3,0x00,0x68,0x65,0x6c,0x69,
  0x75,0x6d,0x20,0x61,0x74,0x6f,0x6d,0x69,0x63,0x00,0x00,0x00,0x00,0x00,0x00,0x00,
  0x00,0x00,0x00,0x00,0x00,0x00,0x0a,0x7b,0x00,0x00,0x6a,0x00,0x68,0x65,0x6c,0x69,
  0x75,0x6d,0x20,0x61,0x74,0x6f,0x6d,0x69,0x63,0x20,0x6d,0x61,0x73,0x73,0x00,0x00,
  0x00,0x00,0x00,0x00,0x00,0x00,0x74,0x7b,0x00,0x00,0x4c,0x00,0x68,0x65,0x6c,0x69,
  0x75,0x6d,0x20,0x61,0x74,0x6f,0x6d,0x69,0x63,0x20,0x6e,0x75,0x6d,0x62,0x65,0x72,
  0x00,0x00,0x00,0x00,0x00,0x00,0xc0,0x7b,0x00,0x00,0x39,0x00,0x68,0x65,0x6c,0x69,
  0x75,0x6d,0x20,0x6d,0x61,0x73,0x73,0x00,0x00,0x00,0x00,0x00,0x00,0x00,0x00,0x00,
  0x00,0x00,0x00,0x00,0x00,0x00,0xf9,0x7b,0x00,0x00,0x45,0x00,0x68,0x65,0x6c,0x69,
  0x75,0x6d,0x20,0x6e,0x75,0x6d,0x62,0x65,0x72,0x00,0x00,0x00,0x00,0x00,0x00,0x00,
  0x00,0x00,0x00,0x00,0x00,0x00,0x3e,0x7c,0x00,0x00,0x32,0x00,0x68,0x65,0x6e,0x72,
  0x79,0x00,0x00,0x00,0x00,0x00,0x00,0x00,0x00,0x00,0x00,0x00,0x00,0x00,0x00,0x00,
  0x00,0x00,0x00,0x00,0x00,0x00,0x70,0x7c,0x00,0x00,0x2b,0x00,0x68,0x6f,0x72,0x73,
  0x65,0x70,0x6f,0x77,0x65,0x72,0x00,0x00,0x00,0x00,0x00,0x00,0x00,0x00,0x00,0x00,
  0x00,0x00,0x00,0x00,0x00,0x00,0x9b,0x7c,0x00,0x00,0x3d,0x00,0x68,0x79,0x64,0x72,
  0x6f,0x67,0x65,0x6e,0x00,0x00,0x00,0x00,0x00,0x00,0x00,0x00,0x00,0x00,0x00,0x00,
  0x00,0x00,0x00,0x00,0x00,0x00,0xd8,0x7c,0x00,0x00,0xa8,0x00,0x68,0x79,0x64,0x72,
  0x6f,0x67,0x65,0x6e,0x20,0x61,0x74,0x6f,0x6d,0x69,0x63,0x00,0x00,0x00,0x00,0x00,
  0x00,0x00,0x00,0x00,0x00,0x00,0x80,0x7d,0x00,0x00,0x6f,0x00,0x68,0x79,0x64,0x72,
  0x6f,0x67,0x65,0x6e,0x20,0x61,0x74,0x6f,0x6d,0x69,0x63,0x20,0x6d,0x61,0x73,0x73,
  0x00,0x00,0x00,0x00,0x00,0x00,0xef,0x7d,0x00,0x00,0x4f,0x00,0x68,0x79,0x64,0x72,
  0x6f,0x67,0x65,0x6e,0x20,0x61,0x74,0x6f,0x6d,0x69,0x63,0x20,0x6e,0x75,0x6d,0x62,
  0x65,0x72,0x00,0x00,0x00,0x00,0x3e,0x7e,0x00,0x00,0x3d,0x00,0x68,0x79,0x64,0x72,
  0x6f,0x67,0x65,0x6e,0x20,0x6d,0x61,0x73,0x73,0x00,0x00,0x00,0x00,0x00,0x00,0x00,
  0x00,0x00,0x00,0x00,0x00,0x00,0x7b,0x7e,0x00,0x00,0x48,0x00,0x68,0x79,0x64,0x72,
  0x6f,0x67,0x65,0x6e,0x20,0x6e,0x75,0x6d,0x62,0x65,0x72,0x00,0x00,0x00,0x00,0x00,
  0x00,0x00,0x00,0x00,0x00,0x00,0xc3,0x7e,0x00,0x00,0x36,0x00,0x69,0x32,0x63,0x00,
  0x00,0x00,0x00,0x00,0x00,0x00,0x00,0x00,0x00,0x00,0x00,0x00,0x00,0x00,0x00,0x00,
  0x00,0x00,0x00,0x00,0x00,0x00,0xf9,0x7e,0x00,0x00,0x85,0x00,0x69,0x32,0x63,0x20,
  0x73,0x70,0x65,0x65,0x64,0x00,0x00,0x00,0x00,0x00,0x00,0x00,0x00,0x00,0x00,0x00,
  0x00,0x00,0x00,0x00,0x00,0x00,0x7e,0x7f,0x00,0x00,0x48,0x00,0x69,0x64,0x65,0x61,
  0x6c,0x00,0x00,0x00,0x00,0x00,0x00,0x00,0x00,0x00,0x00,0x00,0x00,0x00,0x00,0x00,
  0x00,0x00,0x00,0x00,0x00,0x00,0xc6,0x7f,0x00,0x00,0x63,0x00,0x69,0x64,0x65,0x61,
  0x6c,0x20,0x67,0x61,0x73,0x00,0x00,0x00,0x00,0x00,0x00,0x00,0x00,0x00,0x00,0x00,
  0x00,0x00,0x00,0x00,0x00,0x00,0x29,0x80,0x00,0x00,0x67,0x00,0x69,0x64,0x65,0x61,
  0x6c,0x20,0x67,0x61,0x73,0x20,0x6c,0x61,0x77,0x00,0x00,0x00,0x00,0x00,0x00,0x00,
  0x00,0x00,0x00,0x00,0x00,0x00,0x90,0x80,0x00,0x00,0x6b,0x00,0x69,0x64,0x65,0x61,
  0x6c,0x20,0x6c,0x61,0x77,0x00,0x00,0x00,0x00,0x00,0x00,0x00,0x00,0x00,0x00,0x00,
  0x00,0x00,0x00,0x00,0x00,0x00,0xfb,0x80,0x00,0x00,0x67,0x00,0x69,0x6d,0x70,0x65,
  0x64,0x61,0x6e,0x63,0x65,0x00,0x00,0x00,0x00,0x00,0x00,0x00,0x00,0x00,0x00,0x00,
  0x00,0x00,0x00,0x00,0x00,0x00,0x62,0x81,0x00,0x00,0x65,0x00,0x69,0x6d,0x70,0x75,
  0x6c,0x73,0x65,0x00,0x00,0x00,0x00,0x00,0x00,0x00,0x00,0x00,0x00,0x00,0x00,0x00,
  0x00,0x00,0x00,0x00,0x00,0x00,0xc7,0x81,0x00,0x00,0x4d,0x00,0x69,0x6e,0x63,0x68,
  0x00,0x00,0x00,0x00,0x00,0x00,0x00,0x00,0x00,0x00,0x00,0x00,0x00,0x00,0x00,0x00,
  0x00,0x00,0x00,0x00,0x00,0x00,0x14,0x82,0x00,0x00,0x25,0x00,0x69,0x6e,0x64,0x65,
  0x78,0x00,0x00,0x00,0x00,0x00,0x00,0x00,0x00,0x00,0x00,0x00,0x00,0x00,0x00,0x00,
  0x00,0x00,0x00,0x00,0x00,0x00,0x39,0x82,0x00,0x00,0x62,0x00,0x69,0x6e,0x64,0x65,
  0x78,0x20,0x67,0x6c,0x61,0x73,0x73,0x00,0x00,0x00,0x00,0x00,0x00,0x00,0x00,0x00,
  0x00,0x00,0x00,0x00,0x00,0x00,0x9b,0x82,0x00,0x00,0x3a,0x00,0x69,0x6e,0x64,0x65,
  0x78,0x20,0x77,0x61,0x74,0x65,0x72,0x00,0x00,0x00,0x00,0x00,0x00,0x00,0x00,0x00,
  0x00,0x00,0x00,0x00,0x00,0x00,0xd5,0x82,0x00,0x00,0x3b,0x00,0x69,0x6e,0x64,0x75,
  0x63,0x74,0x61,0x6e,0x63,0x65,0x00,0x00,0x00,0x00,0x00,0x00,0x00,0x00,0x00,0x00,
  0x00,0x00,0x00,0x00,0x00,0x00,0x10,0x83,0x00,0x00,0xad,0x00,0x69,0x6e,0x64,0x75,
  0x63,0x74,0x69,0x76,0x65,0x00,0x00,0x00,0x00,0x00,0x00,0x00,0x00,0x00,0x00,0x00,
  0x00,0x00,0x00,0x00,0x00,0x00,0xbd,0x83,0x00,0x00,0x31,0x00,0x69,0x6e,0x64,0x75,
  0x63,0x74,0x69,0x76,0x65,0x20,0x72,0x65,0x61,0x63,0x74,0x61,0x6e,0x63,0x65,0x00,
  0x00,0x00,0x00,0x00,0x00,0x00,0xee,0x83,0x00,0x00,0x3b,0x00,0x69,0x6e,0x64,0x75,
  0x63,0x74,0x6f,0x72,0x00,0x00,0x00,0x00,0x00,0x00,0x00,0x00,0x00,0x00,0x00,0x00,
  0x00,0x00,0x00,0x00,0x00,0x00,0x29,0x84,0x00,0x00,0x46,0x00,0x69,0x6e,0x64,0x75,
  0x63,0x74,0x6f,0x72,0x20,0x65,0x6e,0x65,0x72,0x67,0x79,0x00,0x00,0x00,0x00,0x00,
  0x00,0x00,0x00,0x00,0x00,0x00,0x6f,0x84,0x00,0x00,0x4d,0x00,0x69,0x6e,0x74,0x65,
  0x6e,0x73,0x69,0x74,0x79,0x00,0x00,0x00,0x00,0x00,0x00,0x00,0x00,0x00,0x00,0x00,
  0x00,0x00,0x00,0x00,0x00,0x00,0xbc,0x84,0x00,0x00,0x53,0x00,0x69,0x6e,0x76,0x65,
  0x72,0x74,0x69,0x6e,0x67,0x00,0x00,0x00,0x00,0x00,0x00,0x00,0x00,0x00,0x00,0x00,
  0x00,0x00,0x00,0x00,0x00,0x00,0x0f,0x85,0x00,0x00,0x73,0x00,0x69,0x6e,0x76,0x65,
  0x72,0x74,0x69,0x6e,0x67,0x20,0x61,0x6d,0x70,0x6c,0x69,0x66,0x69,0x65,0x72,0x00,
  0x00,0x00,0x00,0x00,0x00,0x00,0x82,0x85,0x00,0x00,0x7d,0x00,0x69,0x6f,0x6e,0x00,
  0x00,0x00,0x00,0x00,0x00,0x00,0x00,0x00,0x00,0x00,0x00,0x00,0x00,0x00,0x00,0x00,
  0x00,0x00,0x00,0x00,0x00,0x00,0xff,0x85,0x00,0x00,0x4b,0x00,0x69,0x6f,0x6e,0x20,
  0x63,0x65,0x6c,0x6c,0x00,0x00,0x00,0x00,0x00,0x00,0x00,0x00,0x00,0x00,0x00,0x00,
  0x00,0x00,0x00,0x00,0x00,0x00,0x4a,0x86,0x00,0x00,0x50,0x00,0x69,0x72,0x6f,0x6e,
  0x00,0x00,0x00,0x00,0x00,0x00,0x00,0x00,0x00,0x00,0x00,0x00,0x00,0x00,0x00,0x00,
  0x00,0x00,0x00,0x00,0x00,0x00,0x9a,0x86,0x00,0x00,0x3b,0x01,0x69,0x72,0x6f,0x6e,
  0x20,0x61,0x74,0x6f,0x6d,0x69,0x63,0x00,0x00,0x00,0x00,0x00,0x00,0x00,0x00,0x00,
  0x00,0x00,0x00,0x00,0x00,0x00,0xd5,0x87,0x00,0x00,0x65,0x00,0x69,0x72,0x6f,0x6e,
  0x20,0x61,0x74,0x6f,0x6d,0x69,0x63,0x20,0x6d,0x61,0x73,0x73,0x00,0x00,0x00,0x00,
  0x00,0x00,0x00,0x00,0x00,0x00,0x3a,0x88,0x00,0x00,0x48,0x00,0x69,0x72,0x6f,0x6e,
  0x20,0x61,0x74,0x6f,0x6d,0x69,0x63,0x20,0x6e,0x75,0x6d,0x62,0x65,0x72,0x00,0x00,
  0x00,0x00,0x00,0x00,0x00,0x00,0x82,0x88,0x00,0x00,0x36,0x00,0x69,0x72,0x6f,0x6e,
  0x20,0x64,0x65,0x6e,0x73,0x69,0x74,0x79,0x00,0x00,0x00,0x00,0x00,0x00,0x00,0x00,
  0x00,0x00,0x00,0x00,0x00,0x00,0xb8,0x88,0x00,0x00,0x46,0x00,0x69,0x72,0x6f,0x6e,
  0x20,0x6d,0x61,0x73,0x73,0x00,0x00,0x00,0x00,0x00,0x00,0x00,0x00,0x00,0x00,0x00,
  0x00,0x00,0x00,0x00,0x00,0x00,0xfe,0x88,0x00,0x00,0x41,0x00,0x69,0x72,0x6f,0x6e,
  0x20,0x6d,0x65,0x6c,0x74,0x69,0x6e,0x67,0x00,0x00,0x00,0x00,0x00,0x00,0x00,0x00,
  0x00,0x00,0x00,0x00,0x00,0x00,0x3f,0x89,0x00,0x00,0x42,0x00,0x69,0x72,0x6f,0x6e,
  0x20,0x6d,0x65,0x6c,0x74,0x69,0x6e,0x67,0x20,0x70,0x6f,0x69,0x6e,0x74,0x00,0x00,
  0x00,0x00,0x00,0x00,0x00,0x00,0x81,0x89,0x00,0x00,0x48,0x00,0x69,0x72,0x6f,0x6e,
  0x20,0x6e,0x75,0x6d,0x62,0x65,0x72,0x00,0x00,0x00,0x00,0x00,0x00,0x00,0x00,0x00,
  0x00,0x00,0x00,0x00,0x00,0x00,0xc9,0x89,0x00,0x00,0x2f,0x00,0x69,0x72,0x6f,0x6e,
  0x20,0x70,0x6f,0x69,0x6e,0x74,0x00,0x00,0x00,0x00,0x00,0x00,0x00,0x00,0x00,0x00,
  0x00,0x00,0x00,0x00,0x00,0x00,0xf8,0x89,0x00,0x00,0x40,0x00,0x69,0x72,0x6f,0x6e,
  0x20,0x72,0x65,0x73,0x69,0x73,0x74,0x69,0x76,0x69,0x74,0x79,0x00,0x00,0x00,0x00,
  0x00,0x00,0x00,0x00,0x00,0x00,0x38,0x8a,0x00,0x00,0x44,0x00,0x6a,0x75,0x70,0x69,
  0x74,0x65,0x72,0x00,0x00,0x00,0x00,0x00,0x00,0x00,0x00,0x00,0x00,0x00,0x00,0x00,
  0x00,0x00,0x00,0x00,0x00,0x00,0x7c,0x8a,0x00,0x00,0x8b,0x00,0x6b,0x65,0x6c,0x76,
  0x69,0x6e,0x00,0x00,0x00,0x00,0x00,0x00,0x00,0x00,0x00,0x00,0x00,0x00,0x00,0x00,
  0x00,0x00,0x00,0x00,0x00,0x00,0x07,0x8b,0x00,0x00,0x34,0x00,0x6b,0x69,0x6c,0x6f,
  0x00,0x00,0x00,0x00,0x00,0x00,0x00,0x00,0x00,0x00,0x00,0x00,0x00,0x00,0x00,0x00,
  0x00,0x00,0x00,0x00,0x00,0x00,0x3b,0x8b,0x00,0x00,0x26,0x00,0x6b,0x69,0x6c,0x6f,
  0x20,0x70,0x72,0x65,0x66,0x69,0x78,0x00,0x00,0x00,0x00,0x00,0x00,0x00,0x00,0x00,
  0x00,0x00,0x00,0x00,0x00,0x00,0x61,0x8b,0x00,0x00,0x2d,0x00,0x6b,0x69,0x6e,0x65,
  0x74,0x69,0x63,0x00,0x00,0x00,0x00,0x00,0x00,0x00,0x00,0x00,0x00,0x00,0x00,0x00,
  0x00,0x00,0x00,0x00,0x00,0x00,0x8e,0x8b,0x00,0x00,0x42,0x00,0x6b,0x69,0x6e,0x65,
  0x74,0x69,0x63,0x20,0x65,0x6e,0x65,0x72,0x67,0x79,0x00,0x00,0x00,0x00,0x00,0x00,
  0x00,0x00,0x00,0x00,0x00,0x00,0xd0,0x8b,0x00,0x00,0x49,0x00,0x6b,0x69,0x72,0x63,
  0x68,0x68,0x6f,0x66,0x66,0x00,0x00,0x00,0x00,0x00,0x00,0x00,0x00,0x00,0x00,0x00,
  0x00,0x00,0x00,0x00,0x00,0x00,0x19,0x8c,0x00,0x00,0x78,0x00,0x6b,0x69,0x72,0x63,
  0x68,0x68,0x6f,0x66,0x66,0x20,0x63,0x75,0x72,0x72,0x65,0x6e,0x74,0x00,0x00,0x00,
  0x00,0x00,0x00,0x00,0x00,0x00,0x91,0x8c,0x00,0x00,0x50,0x00,0x6b,0x69,0x72,0x63,
  0x68,0x68,0x6f,0x66,0x66,0x20,0x76,0x6f,0x6c,0x74,0x61,0x67,0x65,0x00,0x00,0x00,
  0x00,0x00,0x00,0x00,0x00,0x00,0xe1,0x8c,0x00,0x00,0x43,0x00,0x6b,0x6e,0x6f,0x74,
  0x00,0x00,0x00,0x00,0x00,0x00,0x00,0x00,0x00,0x00,0x00,0x00,0x00,0x00,0x00,0x00,
  0x00,0x00,0x00,0x00,0x00,0x00,0x24,0x8d,0x00,0x00,0x2e,0x00,0x6b,0x72,0x79,0x70,
  0x74,0x6f,0x6e,0x00,0x00,0x00,0x00,0x00,0x00,0x00,0x00,0x00,0x00,0x00,0x00,0x00,
  0x00,0x00,0x00,0x00,0x00,0x00,0x52,0x8d,0x00,0x00,0xa9,0x00,0x6b,0x72,0x79,0x70,
  0x74,0x6f,0x6e,0x20,0x61,0x74,0x6f,0x6d,0x69,0x63,0x00,0x00,0x00,0x00,0x00,0x00,
  0x00,0x00,0x00,0x00,0x00,0x00,0xfb,0x8d,0x00,0x00,0x6e,0x00,0x6b,0x72,0x79,0x70,
  0x74,0x6f,0x6e,0x20,0x61,0x74,0x6f,0x6d,0x69,0x63,0x20,0x6d,0x61,0x73,0x73,0x00,
  0x00,0x00,0x00,0x00,0x00,0x00,0x69,0x8e,0x00,0x00,0x4e,0x00,0x6b,0x72,0x79,0x70,
  0x74,0x6f,0x6e,0x20,0x61,0x74,0x6f,0x6d,0x69,0x63,0x20,0x6e,0x75,0x6d,0x62,0x65,
  0x72,0x00,0x00,0x00,0x00,0x00,0xb7,0x8e,0x00,0x00,0x3c,0x00,0x6b,0x72,0x79,0x70,
  0x74,0x6f,0x6e,0x20,0x6d,0x61,0x73,0x73,0x00,0x00,0x00,0x00,0x00,0x00,0x00,0x00,
  0x00,0x00,0x00,0x00,0x00,0x00,0xf3,0x8e,0x00,0x00,0x47,0x00,0x6b,0x72,0x79,0x70,
  0x74,0x6f,0x6e,0x20,0x6e,0x75,0x6d,0x62,0x65,0x72,0x00,0x00,0x00,0x00,0x00,0x00,
  0x00,0x00,0x00,0x00,0x00,0x00,0x3a,0x8f,0x00,0x00,0x35,0x00,0x6c,0x61,0x74,0x65,
  0x6e,0x74,0x00,0x00,0x00,0x00,0x00,0x00,0x00,0x00,0x00,0x00,0x00,0x00,0x00,0x00,
  0x00,0x00,0x00,0x00,0x00,0x00,0x6f,0x8f,0x00,0x00,0x7b,0x00,0x6c,0x61,0x74,0x65,
  0x6e,0x74,0x20,0x66,0x75,0x73,0x69,0x6f,0x6e,0x00,0x00,0x00,0x00,0x00,0x00,0x00,
  0x00,0x00,0x00,0x00,0x00,0x00,0xea,0x8f,0x00,0x00,0x47,0x00,0x6c,0x61,0x74,0x65,
  0x6e,0x74,0x20,0x68,0x65,0x61,0x74,0x00,0x00,0x00,0x00,0x00,0x00,0x00,0x00,0x00,
  0x00,0x00,0x00,0x00,0x00,0x00,0x31,0x90,0x00,0x00,0x80,0x00,0x6c,0x61,0x74,0x65,
  0x6e,0x74,0x20,0x68,0x65,0x61,0x74,0x20,0x66,0x75,0x73,0x69,0x6f,0x6e,0x00,0x00,
  0x00,0x00,0x00,0x00,0x00,0x00,0xb1,0x90,0x00,0x00,0x4c,0x00,0x6c,0x61,0x74,0x65,
  0x6e,0x74,0x20,0x68,0x65,0x61,0x74,0x20,0x76,0x61,0x70,0x6f,0x72,0x69,0x73,0x61,
  0x74,0x69,0x6f,0x6e,0x00,0x00,0xfd,0x90,0x00,0x00,0x55,0x00,0x6c,0x61,0x74,0x65,
  0x6e,0x74,0x20,0x76,0x61,0x70,0x6f,0x72,0x69,0x73,0x61,0x74,0x69,0x6f,0x6e,0x00,
  0x00,0x00,0x00,0x00,0x00,0x00,0x52,0x91,0x00,0x00,0x50,0x00,0x6c,0x61,0x77,0x00,
  0x00,0x00,0x00,0x00,0x00,0x00,0x00,0x00,0x00,0x00,0x00,0x00,0x00,0x00,0x00,0x00,
  0x00,0x00,0x00,0x00,0x00,0x00,0xa2,0x91,0x00,0x00,0x74,0x01,0x6c,0x64,0x6f,0x00,
  0x00,0x00,0x00,0x00,0x00,0x00,0x00,0x00,0x00,0x00,0x00,0x00,0x00,0x00,0x00,0x00,
  0x00,0x00,0x00,0x00,0x00,0x00,0x16,0x93,0x00,0x00,0x60,0x00,0x6c,0x64,0x6f,0x20,
  0x64,0x72,0x6f,0x70,0x6f,0x75,0x74,0x00,0x00,0x00,0x00,0x00,0x00,0x00,0x00,0x00,
  0x00,0x00,0x00,0x00,0x00,0x00,0x76,0x93,0x00,0x00,0x68,0x00,0x6c,0x65,0x61,0x64,
  0x00,0x00,0x00,0x00,0x00,0x00,0x00,0x00,0x00,0x00,0x00,0x00,0x00,0x00,0x00,0x00,
  0x00,0x00,0x00,0x00,0x00,0x00,0xde,0x93,0x00,0x00,0xb6,0x00,0x6c,0x65,0x61,0x64,
  0x20,0x61,0x63,0x69,0x64,0x00,0x00,0x00,0x00,0x00,0x00,0x00,0x00,0x00,0x00,0x00,
  0x00,0x00,0x00,0x00,0x00,0x00,0x94,0x94,0x00,0x00,0x4f,0x00,0x6c,0x65,0x61,0x64,
  0x20,0x61,0x63,0x69,0x64,0x20,0x63,0x65,0x6c,0x6c,0x00,0x00,0x00,0x00,0x00,0x00,
  0x00,0x00,0x00,0x00,0x00,0x00,0xe3,0x94,0x00,0x00,0x54,0x00,0x6c,0x65,0x61,0x64,
  0x20,0x63,0x65,0x6c,0x6c,0x00,0x00,0x00,0x00,0x00,0x00,0x00,0x00,0x00,0x00,0x00,
  0x00,0x00,0x00,0x00,0x00,0x00,0x37,0x95,0x00,0x00,0x4f,0x00,0x6c,0x65,0x61,0x64,
  0x20,0x64,0x65,0x6e,0x73,0x69,0x74,0x79,0x00,0x00,0x00,0x00,0x00,0x00,0x00,0x00,
  0x00,0x00,0x00,0x00,0x00,0x00,0x86,0x95,0x00,0x00,0x47,0x00,0x6c,0x65,0x61,0x64,
  0x20,0x6d,0x65,0x6c,0x74,0x69,0x6e,0x67,0x00,0x00,0x00,0x00,0x00,0x00,0x00,0x00,
  0x00,0x00,0x00,0x00,0x00,0x00,0xcd,0x95,0x00,0x00,0x41,0x00,0x6c,0x65,0x61,0x64,
  0x20,0x6d,0x65,0x6c,0x74,0x69,0x6e,0x67,0x20,0x70,0x6f,0x69,0x6e,0x74,0x00,0x00,
  0x00,0x00,0x00,0x00,0x00,0x00,0x0e,0x96,0x00,0x00,0x47,0x00,0x6c,0x65,0x61,0x64,
  0x20,0x70,0x6f,0x69,0x6e,0x74,0x00,0x00,0x00,0x00,0x00,0x00,0x00,0x00,0x00,0x00,
  0x00,0x00,0x00,0x00,0x00,0x00,0x55,0x96,0x00,0x00,0x3f,0x00,0x6c,0x65,0x64,0x00,
  0x00,0x00,0x00,0x00,0x00,0x00,0x00,0x00,0x00,0x00,0x00,0x00,0x00,0x00,0x00,0x00,
  0x00,0x00,0x00,0x00,0x00,0x00,0x94,0x96,0x00,0x00,0x4a,0x01,0x6c,0x65,0x64,0x20,
  0x72,0x65,0x73,0x69,0x73,0x74,0x6f,0x72,0x00,0x00,0x00,0x00,0x00,0x00,0x00,0x00,
  0x00,0x00,0x00,0x00,0x00,0x00,0xde,0x97,0x00,0x00,0x7a,0x00,0x6c,0x65,0x6e,0x73,
  0x00,0x00,0x00,0x00,0x00,0x00,0x00,0x00,0x00,0x00,0x00,0x00,0x00,0x00,0x00,0x00,
  0x00,0x00,0x00,0x00,0x00,0x00,0x58,0x98,0x00,0x00,0x67,0x00,0x6c,0x65,0x6e,0x73,
  0x20,0x65,0x71,0x75,0x61,0x74,0x69,0x6f,0x6e,0x00,0x00,0x00,0x00,0x00,0x00,0x00,
  0x00,0x00,0x00,0x00,0x00,0x00,0xbf,0x98,0x00,0x00,0x70,0x00,0x6c,0x65,0x76,0x65,
  0x6c,0x73,0x00,0x00,0x00,0x00,0x00,0x00,0x00,0x00,0x00,0x00,0x00,0x00,0x00,0x00,
  0x00,0x00,0x00,0x00,0x00,0x00,0x2f,0x99,0x00,0x00,0x6a,0x00,0x6c,0x65,0x76,0x65,
  0x72,0x00,0x00,0x00,0x00,0x00,0x00,0x00,0x00,0x00,0x00,0x00,0x00,0x00,0x00,0x00,
  0x00,0x00,0x00,0x00,0x00,0x00,0x99,0x99,0x00,0x00,0x69,0x00,0x6c,0x69,0x66,0x65,
  0x70,0x6f,0x34,0x00,0x00,0x00,0x00,0x00,0x00,0x00,0x00,0x00,0x00,0x00,0x00,0x00,
  0x00,0x00,0x00,0x00,0x00,0x00,0x02,0x9a,0x00,0x00,0x4c,0x00,0x6c,0x69,0x66,0x65,
  0x70,0x6f,0x34,0x20,0x63,0x65,0x6c,0x6c,0x00,0x00,0x00,0x00,0x00,0x00,0x00,0x00,
  0x00,0x00,0x00,0x00,0x00,0x00,0x4e,0x9a,0x00,0x00,0x51,0x00,0x6c,0x69,0x67,0x68,
  0x74,0x00,0x00,0x00,0x00,0x00,0x00,0x00,0x00,0x00,0x00,0x00,0x00,0x00,0x00,0x00,
  0x00,0x00,0x00,0x00,0x00,0x00,0x9f,0x9a,0x00,0x00,0x37,0x00,0x6c,0x69,0x74,0x68,
  0x69,0x75,0x6d,0x00,0x00,0x00,0x00,0x00,0x00,0x00,0x00,0x00,0x00,0x00,0x00,0x00,
  0x00,0x00,0x00,0x00,0x00,0x00,0xd6,0x9a,0x00,0x00,0xe9,0x00,0x6c,0x69,0x74,0x68,
  0x69,0x75,0x6d,0x20,0x61,0x74,0x6f,0x6d,0x69,0x63,0x00,0x00,0x00,0x00,0x00,0x00,
  0x00,0x00,0x00,0x00,0x00,0x00,0xbf,0x9b,0x00,0x00,0x6b,0x00,0x6c,0x69,0x74,0x68,
  0x69,0x75,0x6d,0x20,0x61,0x74,0x6f,0x6d,0x69,0x63,0x20,0x6d,0x61,0x73,0x73,0x00,
  0x00,0x00,0x00,0x00,0x00,0x00,0x2a,0x9c,0x00,0x00,0x4c,0x00,0x6c,0x69,0x74,0x68,
  0x69,0x75,0x6d,0x20,0x61,0x74,0x6f,0x6d,0x69,0x63,0x20,0x6e,0x75,0x6d,0x62,0x65,
  0x72,0x00,0x00,0x00,0x00,0x00,0x76,0x9c,0x00,0x00,0x3b,0x00,0x6c,0x69,0x74,0x68,
  0x69,0x75,0x6d,0x20,0x63,0x65,0x6c,0x6c,0x00,0x00,0x00,0x00,0x00,0x00,0x00,0x00,
  0x00,0x00,0x00,0x00,0x00,0x00,0xb1,0x9c,0x00,0x00,0x54,0x00,0x6c,0x69,0x74,0x68,
  0x69,0x75,0x6d,0x20,0x69,0x6f,0x6e,0x00,0x00,0x00,0x00,0x00,0x00,0x00,0x00,0x00,
  0x00,0x00,0x00,0x00,0x00,0x00,0x05,0x9d,0x00,0x00,0x53,0x00,0x6c,0x69,0x74,0x68,
  0x69,0x75,0x6d,0x20,0x69,0x6f,0x6e,0x20,0x63,0x65,0x6c,0x6c,0x00,0x00,0x00,0x00,
  0x00,0x00,0x00,0x00,0x00,0x00,0x58,0x9d,0x00,0x00,0x58,0x00,0x6c,0x69,0x74,0x68,
  0x69,0x75,0x6d,0x20,0x6d,0x61,0x73,0x73,0x00,0x00,0x00,0x00,0x00,0x00,0x00,0x00,
  0x00,0x00,0x00,0x00,0x00,0x00,0xb0,0x9d,0x00,0x00,0x45,0x00,0x6c,0x69,0x74,0x68,
  0x69,0x75,0x6d,0x20,0x6e,0x75,0x6d,0x62,0x65,0x72,0x00,0x00,0x00,0x00,0x00,0x00,
  0x00,0x00,0x00,0x00,0x00,0x00,0xf5,0x9d,0x00,0x00,0x34,0x00,0x6c,0x6d,0x33,0x35,
  0x38,0x00,0x00,0x00,0x00,0x00,0x00,0x00,0x00,0x00,0x00,0x00,0x00,0x00,0x00,0x00,
  0x00,0x00,0x00,0x00,0x00,0x00,0x29,0x9e,0x00,0x00,0x43,0x00,0x6c,0x6f,0x61,0x64,
  0x00,0x00,0x00,0x00,0x00,0x00,0x00,0x00,0x00,0x00,0x00,0x00,0x00,0x00,0x00,0x00,
  0x00,0x00,0x00,0x00,0x00,0x00,0x6c,0x9e,0x00,0x00,0x5b,0x00,0x6c,0x6f,0x67,0x69,
  0x63,0x00,0x00,0x00,0x00,0x00,0x00,0x00,0x00,0x00,0x00,0x00,0x00,0x00,0x00,0x00,
  0x00,0x00,0x00,0x00,0x00,0x00,0xc7,0x9e,0x00,0x00,0x69,0x00,0x6c,0x6f,0x67,0x69,
  0x63,0x20,0x6c,0x65,0x76,0x65,0x6c,0x73,0x00,0x00,0x00,0x00,0x00,0x00,0x00,0x00,
  0x00,0x00,0x00,0x00,0x00,0x00,0x30,0x9f,0x00,0x00,0x70,0x00,0x6d,0x61,0x67,0x6e,
  0x65,0x73,0x69,0x75,0x6d,0x00,0x00,0x00,0x00,0x00,0x00,0x00,0x00,0x00,0x00,0x00,
  0x00,0x00,0x00,0x00,0x00,0x00,0xa0,0x9f,0x00,0x00,0xb1,0x00,0x6d,0x61,0x67,0x6e,
  0x65,0x73,0x69,0x75,0x6d,0x20,0x61,0x74,0x6f,0x6d,0x69,0x63,0x00,0x00,0x00,0x00,
  0x00,0x00,0x00,0x00,0x00,0x00,0x51,0xa0,0x00,0x00,0x74,0x00,0x6d,0x61,0x67,0x6e,
  0x65,0x73,0x69,0x75,0x6d,0x20,0x61,0x74,0x6f,0x6d,0x69,0x63,0x20,0x6d,0x61,0x73,
  0x73,0x00,0x00,0x00,0x00,0x00,0xc5,0xa0,0x00,0x00,0x52,0x00,0x6d,0x61,0x67,0x6e,
  0x65,0x73,0x69,0x75,0x6d,0x20,0x61,0x74,0x6f,0x6d,0x69,0x63,0x20,0x6e,0x75,0x6d,
  0x62,0x65,0x72,0x00,0x00,0x00,0x17,0xa1,0x00,0x00,0x40,0x00,0x6d,0x61,0x67,0x6e,
  0x65,0x73,0x69,0x75,0x6d,0x20,0x6d,0x61,0x73,0x73,0x00,0x00,0x00,0x00,0x00,0x00,
  0x00,0x00,0x00,0x00,0x00,0x00,0x57,0xa1,0x00,0x00,0x4b,0x00,0x6d,0x61,0x67,0x6e,
  0x65,0x73,0x69,0x75,0x6d,0x20,0x6e,0x75,0x6d,0x62,0x65,0x72,0x00,0x00,0x00,0x00,
  0x00,0x00,0x00,0x00,0x00,0x00,0xa2,0xa1,0x00,0x00,0x39,0x00,0x6d,0x61,0x67,0x6e,
  0x65,0x74,0x69,0x63,0x00,0x00,0x00,0x00,0x00,0x00,0x00,0x00,0x00,0x00,0x00,0x00,
  0x00,0x00,0x00,0x00,0x00,0x00,0xdb,0xa1,0x00,0x00,0x69,0x00,0x6d,0x61,0x67,0x6e,
  0x65,0x74,0x69,0x63,0x20,0x66,0x6f,0x72,0x63,0x65,0x00,0x00,0x00,0x00,0x00,0x00,
  0x00,0x00,0x00,0x00,0x00,0x00,0x44,0xa2,0x00,0x00,0x6f,0x00,0x6d,0x61,0x67,0x6e,
  0x69,0x66,0x69,0x63,0x61,0x74,0x69,0x6f,0x6e,0x00,0x00,0x00,0x00,0x00,0x00,0x00,
  0x00,0x00,0x00,0x00,0x00,0x00,0xb3,0xa2,0x00,0x00,0x58,0x00,0x6d,0x61,0x6e,0x67,
  0x61,0x6e,0x65,0x73,0x65,0x00,0x00,0x00,0x00,0x00,0x00,0x00,0x00,0x00,0x00,0x00,
  0x00,0x00,0x00,0x00,0x00,0x00,0x0b,0xa3,0x00,0x00,0xb1,0x00,0x6d,0x61,0x6e,0x67,
  0x61,0x6e,0x65,0x73,0x65,0x20,0x61,0x74,0x6f,0x6d,0x69,0x63,0x00,0x00,0x00,0x00,
  0x00,0x00,0x00,0x00,0x00,0x00,0xbc,0xa3,0x00,0x00,0x74,0x00,0x6d,0x61,0x6e,0x67,
  0x61,0x6e,0x65,0x73,0x65,0x20,0x61,0x74,0x6f,0x6d,0x69,0x63,0x20,0x6d,0x61,0x73,
  0x73,0x00,0x00,0x00,0x00,0x00,0x30,0xa4,0x00,0x00,0x52,0x00,0x6d,0x61,0x6e,0x67,
  0x61,0x6e,0x65,0x73,0x65,0x20,0x61,0x74,0x6f,0x6d,0x69,0x63,0x20,0x6e,0x75,0x6d,
  0x62,0x65,0x72,0x00,0x00,0x00,0x82,0xa4,0x00,0x00,0x40,0x00,0x6d,0x61,0x6e,0x67,
  0x61,0x6e,0x65,0x73,0x65,0x20,0x6d,0x61,0x73,0x73,0x00,0x00,0x00,0x00,0x00,0x00,
  0x00,0x00,0x00,0x00,0x00,0x00,0xc2,0xa4,0x00,0x00,0x4b,0x00,0x6d,0x61,0x6e,0x67,
  0x61,0x6e,0x65,0x73,0x65,0x20,0x6e,0x75,0x6d,0x62,0x65,0x72,0x00,0x00,0x00,0x00,
  0x00,0x00,0x00,0x00,0x00,0x00,0x0d,0xa5,0x00,0x00,0x39,0x00,0x6d,0x61,0x72,0x73,
  0x00,0x00,0x00,0x00,0x00,0x00,0x00,0x00,0x00,0x00,0x00,0x00,0x00,0x00,0x00,0x00,
  0x00,0x00,0x00,0x00,0x00,0x00,0x46,0xa5,0x00,0x00,0x82,0x00,0x6d,0x61,0x73,0x73,
  0x00,0x00,0x00,0x00,0x00,0x00,0x00,0x00,0x00,0x00,0x00,0x00,0x00,0x00,0x00,0x00,
  0x00,0x00,0x00,0x00,0x00,0x00,0xc8,0xa5,0x00,0x00,0x13,0x01,0x6d,0x65,0x63,0x68,
  0x61,0x6e,0x69,0x63,0x61,0x6c,0x00,0x00,0x00,0x00,0x00,0x00,0x00,0x00,0x00,0x00,
  0x00,0x00,0x00,0x00,0x00,0x00,0xdb,0xa6,0x00,0x00,0x7a,0x00,0x6d,0x65,0x63,0x68,
  0x61,0x6e,0x69,0x63,0x61,0x6c,0x20,0x61,0x64,0x76,0x61,0x6e,0x74,0x61,0x67,0x65,
  0x00,0x00,0x00,0x00,0x00,0x00,0x55,0xa7,0x00,0x00,0x60,0x00,0x6d,0x65,0x63,0x68,
  0x61,0x6e,0x69,0x63,0x61,0x6c,0x20,0x70,0x6f,0x77,0x65,0x72,0x00,0x00,0x00,0x00,
  0x00,0x00,0x00,0x00,0x00,0x00,0xb5,0xa7,0x00,0x00,0x36,0x00,0x6d,0x65,0x67,0x61,
  0x00,0x00,0x00,0x00,0x00,0x00,0x00,0x00,0x00,0x00,0x00,0x00,0x00,0x00,0x00,0x00,
  0x00,0x00,0x00,0x00,0x00,0x00,0xeb,0xa7,0x00,0x00,0x26,0x00,0x6d,0x65,0x67,0x61,
  0x20,0x70,0x72,0x65,0x66,0x69,0x78,0x00,0x00,0x00,0x00,0x00,0x00,0x00,0x00,0x00,
  0x00,0x00,0x00,0x00,0x00,0x00,0x11,0xa8,0x00,0x00,0x2d,0x00,0x6d,0x65,0x6c,0x74,
  0x69,0x6e,0x67,0x00,0x00,0x00,0x00,0x00,0x00,0x00,0x00,0x00,0x00,0x00,0x00,0x00,
  0x00,0x00,0x00,0x00,0x00,0x00,0x3e,0xa8,0x00,0x00,0x45,0x01,0x6d,0x65,0x6c,0x74,
  0x69,0x6e,0x67,0x20,0x70,0x6f,0x69,0x6e,0x74,0x00,0x00,0x00,0x00,0x00,0x00,0x00,
  0x00,0x00,0x00,0x00,0x00,0x00,0x83,0xa9,0x00,0x00,0x4b,0x01,0x6d,0x65,0x72,0x63,
  0x75,0x72,0x79,0x00,0x00,0x00,0x00,0x00,0x00,0x00,0x00,0x00,0x00,0x00,0x00,0x00,
  0x00,0x00,0x00,0x00,0x00,0x00,0xce,0xaa,0x00,0x00,0x86,0x00,0x6d,0x69,0x63,0x72,
  0x6f,0x00,0x00,0x00,0x00,0x00,0x00,0x00,0x00,0x00,0x00,0x00,0x00,0x00,0x00,0x00,
  0x00,0x00,0x00,0x00,0x00,0x00,0x54,0xab,0x00,0x00,0x29,0x00,0x6d,0x69,0x63,0x72,
  0x6f,0x20,0x70,0x72,0x65,0x66,0x69,0x78,0x00,0x00,0x00,0x00,0x00,0x00,0x00,0x00,
  0x00,0x00,0x00,0x00,0x00,0x00,0x7d,0xab,0x00,0x00,0x30,0x00,0x6d,0x69,0x63,0x72,
  0x6f,0x63,0x6f,0x6e,0x74,0x72,0x6f,0x6c,0x6c,0x65,0x72,0x00,0x00,0x00,0x00,0x00,
  0x00,0x00,0x00,0x00,0x00,0x00,0xad,0xab,0x00,0x00,0x5f,0x00,0x6d,0x69,0x63,0x72,
  0x6f,0x63,0x6f,0x6e,0x74,0x72,0x6f,0x6c,0x6c,0x65,0x72,0x20,0x66,0x6c,0x61,0x73,
  0x68,0x00,0x00,0x00,0x00,0x00,0x0c,0xac,0x00,0x00,0x65,0x00,0x6d,0x69,0x6c,0x65,
  0x00,0x00,0x00,0x00,0x00,0x00,0x00,0x00,0x00,0x00,0x00,0x00,0x00,0x00,0x00,0x00,
  0x00,0x00,0x00,0x00,0x00,0x00,0x71,0xac,0x00,0x00,0x28,0x00,0x6d,0x69,0x6c,0x6c,
  0x69,0x00,0x00,0x00,0x00,0x00,0x00,0x00,0x00,0x00,0x00,0x00,0x00,0x00,0x00,0x00,
  0x00,0x00,0x00,0x00,0x00,0x00,0x99,0xac,0x00,0x00,0x29,0x00,0x6d,0x69,0x6c,0x6c,
  0x69,0x20,0x70,0x72,0x65,0x66,0x69,0x78,0x00,0x00,0x00,0x00,0x00,0x00,0x00,0x00,
  0x00,0x00,0x00,0x00,0x00,0x00,0xc2,0xac,0x00,0x00,0x30,0x00,0x6d,0x6f,0x64,0x65,
  0x73,0x00,0x00,0x00,0x00,0x00,0x00,0x00,0x00,0x00,0x00,0x00,0x00,0x00,0x00,0x00,
  0x00,0x00,0x00,0x00,0x00,0x00,0xf2,0xac,0x00,0x00,0x4a,0x00,0x6d,0x6f,0x64,0x75,
  0x6c,0x75,0x73,0x00,0x00,0x00,0x00,0x00,0x00,0x00,0x00,0x00,0x00,0x00,0x00,0x00,
  0x00,0x00,0x00,0x00,0x00,0x00,0x3c,0xad,0x00,0x00,0xae,0x00,0x6d,0x6f,0x6c,0x65,
  0x73,0x00,0x00,0x00,0x00,0x00,0x00,0x00,0x00,0x00,0x00,0x00,0x00,0x00,0x00,0x00,
  0x00,0x00,0x00,0x00,0x00,0x00,0xea,0xad,0x00,0x00,0x63,0x00,0x6d,0x6f,0x6d,0x65,
  0x6e,0x74,0x75,0x6d,0x00,0x00,0x00,0x00,0x00,0x00,0x00,0x00,0x00,0x00,0x00,0x00,
  0x00,0x00,0x00,0x00,0x00,0x00,0x4d,0xae,0x00,0x00,0x30,0x00,0x6d,0x6f,0x6f,0x6e,
  0x00,0x00,0x00,0x00,0x00,0x00,0x00,0x00,0x00,0x00,0x00,0x00,0x00,0x00,0x00,0x00,
  0x00,0x00,0x00,0x00,0x00,0x00,0x7d,0xae,0x00,0x00,0x57,0x00,0x6d,0x6f,0x73,0x66,
  0x65,0x74,0x00,0x00,0x00,0x00,0x00,0x00,0x00,0x00,0x00,0x00,0x00,0x00,0x00,0x00,
  0x00,0x00,0x00,0x00,0x00,0x00,0xd4,0xae,0x00,0x00,0x55,0x00,0x6d,0x6f,0x73,0x66,
  0x65,0x74,0x20,0x67,0x61,0x74,0x65,0x00,0x00,0x00,0x00,0x00,0x00,0x00,0x00,0x00,
  0x00,0x00,0x00,0x00,0x00,0x00,0x29,0xaf,0x00,0x00,0x5a,0x00,0x6e,0x61,0x6e,0x6f,
  0x00,0x00,0x00,0x00,0x00,0x00,0x00,0x00,0x00,0x00,0x00,0x00,0x00,0x00,0x00,0x00,
  0x00,0x00,0x00,0x00,0x00,0x00,0x83,0xaf,0x00,0x00,0x27,0x00,0x6e,0x61,0x6e,0x6f,
  0x20,0x70,0x72,0x65,0x66,0x69,0x78,0x00,0x00,0x00,0x00,0x00,0x00,0x00,0x00,0x00,
  0x00,0x00,0x00,0x00,0x00,0x00,0xaa,0xaf,0x00,0x00,0x2e,0x00,0x6e,0x65,0x6f,0x6e,
  0x00,0x00,0x00,0x00,0x00,0x00,0x00,0x00,0x00,0x00,0x00,0x00,0x00,0x00,0x00,0x00,
  0x00,0x00,0x00,0x00,0x00,0x00,0xd8,0xaf,0x00,0x00,0x9b,0x00,0x6e,0x65,0x6f,0x6e,
  0x20,0x61,0x74,0x6f,0x6d,0x69,0x63,0x00,0x00,0x00,0x00,0x00,0x00,0x00,0x00,0x00,
  0x00,0x00,0x00,0x00,0x00,0x00,0x73,0xb0,0x00,0x00,0x64,0x00,0x6e,0x65,0x6f,0x6e,
  0x20,0x61,0x74,0x6f,0x6d,0x69,0x63,0x20,0x6d,0x61,0x73,0x73,0x00,0x00,0x00,0x00,
  0x00,0x00,0x00,0x00,0x00,0x00,0xd7,0xb0,0x00,0x00,0x47,0x00,0x6e,0x65,0x6f,0x6e,
  0x20,0x61,0x74,0x6f,0x6d,0x69,0x63,0x20,0x6e,0x75,0x6d,0x62,0x65,0x72,0x00,0x00,
  0x00,0x00,0x00,0x00,0x00,0x00,0x1e,0xb1,0x00,0x00,0x36,0x00,0x6e,0x65,0x6f,0x6e,
  0x20,0x6d,0x61,0x73,0x73,0x00,0x00,0x00,0x00,0x00,0x00,0x00,0x00,0x00,0x00,0x00,
  0x00,0x00,0x00,0x00,0x00,0x00,0x54,0xb1,0x00,0x00,0x40,0x00,0x6e,0x65,0x6f,0x6e,
  0x20,0x6e,0x75,0x6d,0x62,0x65,0x72,0x00,0x00,0x00,0x00,0x00,0x00,0x00,0x00,0x00,
  0x00,0x00,0x00,0x00,0x00,0x00,0x94,0xb1,0x00,0x00,0x2f,0x00,0x6e,0x65,0x70,0x74,
  0x75,0x6e,0x65,0x00,0x00,0x00,0x00,0x00,0x00,0x00,0x00,0x00,0x00,0x00,0x00,0x00,
  0x00,0x00,0x00,0x00,0x00,0x00,0xc3,0xb1,0x00,0x00,0x8a,0x00,0x6e,0x65,0x75,0x74,
  0x72,0x6f,0x6e,0x00,0x00,0x00,0x00,0x00,0x00,0x00,0x00,0x00,0x00,0x00,0x00,0x00,
  0x00,0x00,0x00,0x00,0x00,0x00,0x4d,0xb2,0x00,0x00,0x39,0x00,0x6e,0x65,0x75,0x74,
  0x72,0x6f,0x6e,0x20,0x6d,0x61,0x73,0x73,0x00,0x00,0x00,0x00,0x00,0x00,0x00,0x00,
  0x00,0x00,0x00,0x00,0x00,0x00,0x86,0xb2,0x00,0x00,0x3e,0x00,0x6e,0x65,0x77,0x74,
  0x6f,0x6e,0x73,0x00,0x00,0x00,0x00,0x00,0x00,0x00,0x00,0x00,0x00,0x00,0x00,0x00,
  0x00,0x00,0x00,0x00,0x00,0x00,0xc4,0xb2,0x00,0x00,0x30,0x00,0x6e,0x65,0x77,0x74,
  0x6f,0x6e,0x73,0x20,0x6c,0x61,0x77,0x00,0x00,0x00,0x00,0x00,0x00,0x00,0x00,0x00,
  0x00,0x00,0x00,0x00,0x00,0x00,0xf4,0xb2,0x00,0x00,0x34,0x00,0x6e,0x65,0x77,0x74,
  0x6f,0x6e,0x73,0x20,0x73,0x65,0x63,0x6f,0x6e,0x64,0x00,0x00,0x00,0x00,0x00,0x00,
  0x00,0x00,0x00,0x00,0x00,0x00,0x28,0xb3,0x00,0x00,0x37,0x00,0x6e,0x65,0x77,0x74,
  0x6f,0x6e,0x73,0x20,0x73,0x65,0x63,0x6f,0x6e,0x64,0x20,0x6c,0x61,0x77,0x00,0x00,
  0x00,0x00,0x00,0x00,0x00,0x00,0x5f,0xb3,0x00,0x00,0x3b,0x00,0x6e,0x69,0x63,0x6b,
  0x65,0x6c,0x00,0x00,0x00,0x00,0x00,0x00,0x00,0x00,0x00,0x00,0x00,0x00,0x00,0x00,
  0x00,0x00,0x00,0x00,0x00,0x00,0x9a,0xb3,0x00,0x00,0x15,0x01,0x6e,0x69,0x63,0x6b,
  0x65,0x6c,0x20,0x61,0x74,0x6f,0x6d,0x69,0x63,0x00,0x00,0x00,0x00,0x00,0x00,0x00,
  0x00,0x00,0x00,0x00,0x00,0x00,0xaf,0xb4,0x00,0x00,0x6b,0x00,0x6e,0x69,0x63,0x6b,
  0x65,0x6c,0x20,0x61,0x74,0x6f,0x6d,0x69,0x63,0x20,0x6d,0x61,0x73,0x73,0x00,0x00,
  0x00,0x00,0x00,0x00,0x00,0x00,0x1a,0xb5,0x00,0x00,0x4c,0x00,0x6e,0x69,0x63,0x6b,
  0x65,0x6c,0x20,0x61,0x74,0x6f,0x6d,0x69,0x63,0x20,0x6e,0x75,0x6d,0x62,0x65,0x72,
  0x00,0x00,0x00,0x00,0x00,0x00,0x66,0xb5,0x00,0x00,0x3a,0x00,0x6e,0x69,0x63,0x6b,
  0x65,0x6c,0x20,0x64,0x65,0x6e,0x73,0x69,0x74,0x79,0x00,0x00,0x00,0x00,0x00,0x00,
  0x00,0x00,0x00,0x00,0x00,0x00,0xa0,0xb5,0x00,0x00,0x4a,0x00,0x6e,0x69,0x63,0x6b,
  0x65,0x6c,0x20,0x6d,0x61,0x73,0x73,0x00,0x00,0x00,0x00,0x00,0x00,0x00,0x00,0x00,
  0x00,0x00,0x00,0x00,0x00,0x00,0xea,0xb5,0x00,0x00,0x45,0x00,0x6e,0x69,0x63,0x6b,
  0x65,0x6c,0x20,0x6d,0x65,0x6c,0x74,0x69,0x6e,0x67,0x00,0x00,0x00,0x00,0x00,0x00,
  0x00,0x00,0x00,0x00,0x00,0x00,0x2f,0xb6,0x00,0x00,0x46,0x00,0x6e,0x69,0x63,0x6b,
  0x65,0x6c,0x20,0x6d,0x65,0x6c,0x74,0x69,0x6e,0x67,0x20,0x70,0x6f,0x69,0x6e,0x74,
  0x00,0x00,0x00,0x00,0x00,0x00,0x75,0xb6,0x00,0x00,0x4c,0x00,0x6e,0x69,0x63,0x6b,
  0x65,0x6c,0x20,0x6e,0x75,0x6d,0x62,0x65,0x72,0x00,0x00,0x00,0x00,0x00,0x00,0x00,
  0x00,0x00,0x00,0x00,0x00,0x00,0xc1,0xb6,0x00,0x00,0x33,0x00,0x6e,0x69,0x63,0x6b,
  0x65,0x6c,0x20,0x70,0x6f,0x69,0x6e,0x74,0x00,0x00,0x00,0x00,0x00,0x00,0x00,0x00,
  0x00,0x00,0x00,0x00,0x00,0x00,0xf4,0xb6,0x00,0x00,0x44,0x00,0x6e,0x69,0x6d,0x68,
  0x00,0x00,0x00,0x00,0x00,0x00,0x00,0x00,0x00,0x00,0x00,0x00,0x00,0x00,0x00,0x00,
  0x00,0x00,0x00,0x00,0x00,0x00,0x38,0xb7,0x00,0x00,0x29,0x00,0x6e,0x69,0x6d,0x68,
  0x20,0x63,0x65,0x6c,0x6c,0x00,0x00,0x00,0x00,0x00,0x00,0x00,0x00,0x00,0x00,0x00,
  0x00,0x00,0x00,0x00,0x00,0x00,0x61,0xb7,0x00,0x00,0x2e,0x00,0x6e,0x69,0x74,0x72,
  0x6f,0x67,0x65,0x6e,0x00,0x00,0x00,0x00,0x00,0x00,0x00,0x00,0x00,0x00,0x00,0x00,
  0x00,0x00,0x00,0x00,0x00,0x00,0x8f,0xb7,0x00,0x00,0xaa,0x00,0x6e,0x69,0x74,0x72,
  0x6f,0x67,0x65,0x6e,0x20,0x61,0x74,0x6f,0x6d,0x69,0x63,0x00,0x00,0x00,0x00,0x00,
  0x00,0x00,0x00,0x00,0x00,0x00,0x39,0xb8,0x00,0x00,0x70,0x00,0x6e,0x69,0x74,0x72,
  0x6f,0x67,0x65,0x6e,0x20,0x61,0x74,0x6f,0x6d,0x69,0x63,0x20,0x6d,0x61,0x73,0x73,
  0x00,0x00,0x00,0x00,0x00,0x00,0xa9,0xb8,0x00,0x00,0x50,0x00,0x6e,0x69,0x74,0x72,
  0x6f,0x67,0x65,0x6e,0x20,0x61,0x74,0x6f,0x6d,0x69,0x63,0x20,0x6e,0x75,0x6d,0x62,
  0x65,0x72,0x00,0x00,0x00,0x00,0xf9,0xb8,0x00,0x00,0x3d,0x00,0x6e,0x69,0x74,0x72,
  0x6f,0x67,0x65,0x6e,0x20,0x6d,0x61,0x73,0x73,0x00,0x00,0x00,0x00,0x00,0x00,0x00,
  0x00,0x00,0x00,0x00,0x00,0x00,0x36,0xb9,0x00,0x00,0x49,0x00,0x6e,0x69,0x74,0x72,
  0x6f,0x67,0x65,0x6e,0x20,0x6e,0x75,0x6d,0x62,0x65,0x72,0x00,0x00,0x00,0x00,0x00,
  0x00,0x00,0x00,0x00,0x00,0x00,0x7f,0xb9,0x00,0x00,0x36,0x00,0x6e,0x6f,0x6e,0x69,
  0x6e,0x76,0x65,0x72,0x74,0x69,0x6e,0x67,0x00,0x00,0x00,0x00,0x00,0x00,0x00,0x00,
  0x00,0x00,0x00,0x00,0x00,0x00,0xb5,0xb9,0x00,0x00,0x7b,0x00,0x6e,0x6f,0x6e,0x69,
  0x6e,0x76,0x65,0x72,0x74,0x69,0x6e,0x67,0x20,0x61,0x6d,0x70,0x6c,0x69,0x66,0x69,
  0x65,0x72,0x00,0x00,0x00,0x00,0x30,0xba,0x00,0x00,0x85,0x00,0x6e,0x6f,0x72,0x74,
  0x6f,0x6e,0x00,0x00,0x00,0x00,0x00,0x00,0x00,0x00,0x00,0x00,0x00,0x00,0x00,0x00,
  0x00,0x00,0x00,0x00,0x00,0x00,0xb5,0xba,0x00,0x00,0x63,0x00,0x6e,0x75,0x6d,0x62,
  0x65,0x72,0x00,0x00,0x00,0x00,0x00,0x00,0x00,0x00,0x00,0x00,0x00,0x00,0x00,0x00,
  0x00,0x00,0x00,0x00,0x00,0x00,0x18,0xbb,0x00,0x00,0xed,0x00,0x6e,0x79,0x71,0x75,
  0x69,0x73,0x74,0x00,0x00,0x00,0x00,0x00,0x00,0x00,0x00,0x00,0x00,0x00,0x00,0x00,
  0x00,0x00,0x00,0x00,0x00,0x00,0x05,0xbc,0x00,0x00,0x4d,0x00,0x6f,0x66,0x20,0x6c,
  0x69,0x67,0x68,0x74,0x00,0x00,0x00,0x00,0x00,0x00,0x00,0x00,0x00,0x00,0x00,0x00,
  0x00,0x00,0x00,0x00,0x00,0x00,0x52,0xbc,0x00,0x00,0x3a,0x00,0x6f,0x66,0x20,0x73,
  0x6f,0x75,0x6e,0x64,0x00,0x00,0x00,0x00,0x00,0x00,0x00,0x00,0x00,0x00,0x00,0x00,
  0x00,0x00,0x00,0x00,0x00,0x00,0x8c,0xbc,0x00,0x00,0x43,0x00,0x6f,0x68,0x6d,0x00,
  0x00,0x00,0x00,0x00,0x00,0x00,0x00,0x00,0x00,0x00,0x00,0x00,0x00,0x00,0x00,0x00,
  0x00,0x00,0x00,0x00,0x00,0x00,0xcf,0xbc,0x00,0x00,0x26,0x00,0x6f,0x68,0x6d,0x73,
  0x00,0x00,0x00,0x00,0x00,0x00,0x00,0x00,0x00,0x00,0x00,0x00,0x00,0x00,0x00,0x00,
  0x00,0x00,0x00,0x00,0x00,0x00,0xf5,0xbc,0x00,0x00,0x30,0x00,0x6f,0x68,0x6d,0x73,
  0x20,0x6c,0x61,0x77,0x00,0x00,0x00,0x00,0x00,0x00,0x00,0x00,0x00,0x00,0x00,0x00,
  0x00,0x00,0x00,0x00,0x00,0x00,0x25,0xbd,0x00,0x00,0x34,0x00,0x6f,0x70,0x20,0x61,
  0x6d,0x70,0x00,0x00,0x00,0x00,0x00,0x00,0x00,0x00,0x00,0x00,0x00,0x00,0x00,0x00,
  0x00,0x00,0x00,0x00,0x00,0x00,0x59,0xbd,0x00,0x00,0x75,0x00,0x6f,0x70,0x20,0x61,
  0x6d,0x70,0x20,0x72,0x75,0x6c,0x65,0x73,0x00,0x00,0x00,0x00,0x00,0x00,0x00,0x00,
  0x00,0x00,0x00,0x00,0x00,0x00,0xce,0xbd,0x00,0x00,0x7b,0x00,0x6f,0x70,0x20,0x72,
  0x75,0x6c,0x65,0x73,0x00,0x00,0x00,0x00,0x00,0x00,0x00,0x00,0x00,0x00,0x00,0x00,
  0x00,0x00,0x00,0x00,0x00,0x00,0x49,0xbe,0x00,0x00,0x77,0x00,0x6f,0x70,0x65,0x6e,
  0x00,0x00,0x00,0x00,0x00,0x00,0x00,0x00,0x00,0x00,0x00,0x00,0x00,0x00,0x00,0x00,
  0x00,0x00,0x00,0x00,0x00,0x00,0xc0,0xbe,0x00,0x00,0x51,0x00,0x6f,0x70,0x65,0x6e,
  0x20,0x64,0x72,0x61,0x69,0x6e,0x00,0x00,0x00,0x00,0x00,0x00,0x00,0x00,0x00,0x00,
  0x00,0x00,0x00,0x00,0x00,0x00,0x11,0xbf,0x00,0x00,0x57,0x00,0x6f,0x72,0x61,0x6e,
  0x67,0x65,0x00,0x00,0x00,0x00,0x00,0x00,0x00,0x00,0x00,0x00,0x00,0x00,0x00,0x00,
  0x00,0x00,0x00,0x00,0x00,0x00,0x68,0xbf,0x00,0x00,0x33,0x00,0x6f,0x72,0x61,0x6e,
  0x67,0x65,0x20,0x62,0x61,0x6e,0x64,0x00,0x00,0x00,0x00,0x00,0x00,0x00,0x00,0x00,
  0x00,0x00,0x00,0x00,0x00,0x00,0x9b,0xbf,0x00,0x00,0x38,0x00,0x6f,0x78,0x79,0x67,
  0x65,0x6e,0x00,0x00,0x00,0x00,0x00,0x00,0x00,0x00,0x00,0x00,0x00,0x00,0x00,0x00,
  0x00,0x00,0x00,0x00,0x00,0x00,0xd3,0xbf,0x00,0x00,0xa2,0x00,0x6f,0x78,0x79,0x67,
  0x65,0x6e,0x20,0x61,0x74,0x6f,0x6d,0x69,0x63,0x00,0x00,0x00,0x00,0x00,0x00,0x00,
  0x00,0x00,0x00,0x00,0x00,0x00,0x75,0xc0,0x00,0x00,0x6a,0x00,0x6f,0x78,0x79,0x67,
  0x65,0x6e,0x20,0x61,0x74,0x6f,0x6d,0x69,0x63,0x20,0x6d,0x61,0x73,0x73,0x00,0x00,
  0x00,0x00,0x00,0x00,0x00,0x00,0xdf,0xc0,0x00,0x00,0x4c,0x00,0x6f,0x78,0x79,0x67,
  0x65,0x6e,0x20,0x61,0x74,0x6f,0x6d,0x69,0x63,0x20,0x6e,0x75,0x6d,0x62,0x65,0x72,
  0x00,0x00,0x00,0x00,0x00,0x00,0x2b,0xc1,0x00,0x00,0x39,0x00,0x6f,0x78,0x79,0x67,
  0x65,0x6e,0x20,0x6d,0x61,0x73,0x73,0x00,0x00,0x00,0x00,0x00,0x00,0x00,0x00,0x00,
  0x00,0x00,0x00,0x00,0x00,0x00,0x64,0xc1,0x00,0x00,0x45,0x00,0x6f,0x78,0x79,0x67,
  0x65,0x6e,0x20,0x6e,0x75,0x6d,0x62,0x65,0x72,0x00,0x00,0x00,0x00,0x00,0x00,0x00,
  0x00,0x00,0x00,0x00,0x00,0x00,0xa9,0xc1,0x00,0x00,0x32,0x00,0x70,0x61,0x72,0x61,
  0x6c,0x6c,0x65,0x6c,0x00,0x00,0x00,0x00,0x00,0x00,0x00,0x00,0x00,0x00,0x00,0x00,
  0x00,0x00,0x00,0x00,0x00,0x00,0xdb,0xc1,0x00,0x00,0x8e,0x00,0x70,0x61,0x72,0x61,
  0x6c,0x6c,0x65,0x6c,0x20,0x63,0x61,0x70,0x61,0x63,0x69,0x74,0x61,0x6e,0x63,0x65,
  0x00,0x00,0x00,0x00,0x00,0x00,0x69,0xc2,0x00,0x00,0x4c,0x00,0x70,0x61,0x72,0x61,
  0x6c,0x6c,0x65,0x6c,0x20,0x72,0x65,0x73,0x69,0x73,0x74,0x61,0x6e,0x63,0x65,0x00,
  0x00,0x00,0x00,0x00,0x00,0x00,0xb5,0xc2,0x00,0x00,0x63,0x00,0x70,0x65,0x61,0x6b,
  0x00,0x00,0x00,0x00,0x00,0x00,0x00,0x00,0x00,0x00,0x00,0x00,0x00,0x00,0x00,0x00,
  0x00,0x00,0x00,0x00,0x00,0x00,0x18,0xc3,0x00,0x00,0x48,0x00,0x70,0x65,0x61,0x6b,
  0x20,0x70,0x65,0x61,0x6b,0x00,0x00,0x00,0x00,0x00,0x00,0x00,0x00,0x00,0x00,0x00,
  0x00,0x00,0x00,0x00,0x00,0x00,0x60,0xc3,0x00,0x00,0x4d,0x00,0x70,0x65,0x61,0x6b,
  0x20,0x74,0x6f,0x00,0x00,0x00,0x00,0x00,0x00,0x00,0x00,0x00,0x00,0x00,0x00,0x00,
  0x00,0x00,0x00,0x00,0x00,0x00,0xad,0xc3,0x00,0x00,0x4b,0x00,0x70,0x65,0x61,0x6b,
  0x20,0x74,0x6f,0x20,0x70,0x65,0x61,0x6b,0x00,0x00,0x00,0x00,0x00,0x00,0x00,0x00,
  0x00,0x00,0x00,0x00,0x00,0x00,0xf8,0xc3,0x00,0x00,0x50,0x00,0x70,0x65,0x6e,0x64,
  0x75,0x6c,0x75,0x6d,0x00,0x00,0x00,0x00,0x00,0x00,0x00,0x00,0x00,0x00,0x00,0x00,
  0x00,0x00,0x00,0x00,0x00,0x00,0x48,0xc4,0x00,0x00,0x5d,0x00,0x70,0x65,0x6e,0x64,
  0x75,0x6c,0x75,0x6d,0x20,0x70,0x65,0x72,0x69,0x6f,0x64,0x00,0x00,0x00,0x00,0x00,
  0x00,0x00,0x00,0x00,0x00,0x00,0xa5,0xc4,0x00,0x00,0x64,0x00,0x70,0x65,0x72,0x69,
  0x6f,0x64,0x00,0x00,0x00,0x00,0x00,0x00,0x00,0x00,0x00,0x00,0x00,0x00,0x00,0x00,
  0x00,0x00,0x00,0x00,0x00,0x00,0x09,0xc5,0x00,0x00,0x86,0x00,0x70,0x65,0x72,0x6d,
  0x65,0x61,0x62,0x69,0x6c,0x69,0x74,0x79,0x00,0x00,0x00,0x00,0x00,0x00,0x00,0x00,
  0x00,0x00,0x00,0x00,0x00,0x00,0x8f,0xc5,0x00,0x00,0x40,0x00,0x70,0x65,0x72,0x6d,
  0x69,0x74,0x74,0x69,0x76,0x69,0x74,0x79,0x00,0x00,0x00,0x00,0x00,0x00,0x00,0x00,
  0x00,0x00,0x00,0x00,0x00,0x00,0xcf,0xc5,0x00,0x00,0x40,0x00,0x70,0x68,0x6f,0x73,
  0x70,0x68,0x6f,0x72,0x75,0x73,0x00,0x00,0x00,0x00,0x00,0x00,0x00,0x00,0x00,0x00,
  0x00,0x00,0x00,0x00,0x00,0x00,0x0f,0xc6,0x00,0x00,0xb4,0x00,0x70,0x68,0x6f,0x73,
  0x70,0x68,0x6f,0x72,0x75,0x73,0x20,0x61,0x74,0x6f,0x6d,0x69,0x63,0x00,0x00,0x00,
  0x00,0x00,0x00,0x00,0x00,0x00,0xc3,0xc6,0x00,0x00,0x77,0x00,0x70,0x68,0x6f,0x73,
  0x70,0x68,0x6f,0x72,0x75,0x73,0x20,0x61,0x74,0x6f,0x6d,0x69,0x63,0x20,0x6d,0x61,
  0x73,0x73,0x00,0x00,0x00,0x00,0x3a,0xc7,0x00,0x00,0x54,0x00,0x70,0x68,0x6f,0x73,
  0x70,0x68,0x6f,0x72,0x75,0x73,0x20,0x61,0x74,0x6f,0x6d,0x69,0x63,0x20,0x6e,0x75,
  0x6d,0x62,0x65,0x72,0x00,0x00,0x8e,0xc7,0x00,0x00,0x42,0x00,0x70,0x68,0x6f,0x73,
  0x70,0x68,0x6f,0x72,0x75,0x73,0x20,0x6d,0x61,0x73,0x73,0x00,0x00,0x00,0x00,0x00,
  0x00,0x00,0x00,0x00,0x00,0x00,0xd0,0xc7,0x00,0x00,0x4d,0x00,0x70,0x68,0x6f,0x73,
  0x70,0x68,0x6f,0x72,0x75,0x73,0x20,0x6e,0x75,0x6d,0x62,0x65,0x72,0x00,0x00,0x00,
  0x00,0x00,0x00,0x00,0x00,0x00,0x1d,0xc8,0x00,0x00,0x3b,0x00,0x70,0x69,0x63,0x6f,
  0x00,0x00,0x00,0x00,0x00,0x00,0x00,0x00,0x00,0x00,0x00,0x00,0x00,0x00,0x00,0x00,
  0x00,0x00,0x00,0x00,0x00,0x00,0x58,0xc8,0x00,0x00,0x28,0x00,0x70,0x69,0x63,0x6f,
  0x20,0x70,0x72,0x65,0x66,0x69,0x78,0x00,0x00,0x00,0x00,0x00,0x00,0x00,0x00,0x00,
  0x00,0x00,0x00,0x00,0x00,0x00,0x80,0xc8,0x00,0x00,0x2f,0x00,0x70,0x6c,0x61,0x6e,
  0x63,0x6b,0x00,0x00,0x00,0x00,0x00,0x00,0x00,0x00,0x00,0x00,0x00,0x00,0x00,0x00,
  0x00,0x00,0x00,0x00,0x00,0x00,0xaf,0xc8,0x00,0x00,0x34,0x00,0x70,0x6c,0x61,0x6e,
  0x63,0x6b,0x20,0x63,0x6f,0x6e,0x73,0x74,0x61,0x6e,0x74,0x00,0x00,0x00,0x00,0x00,
  0x00,0x00,0x00,0x00,0x00,0x00,0xe3,0xc8,0x00,0x00,0x3d,0x00,0x70,0x6f,0x69,0x6e,
  0x74,0x00,0x00,0x00,0x00,0x00,0x00,0x00,0x00,0x00,0x00,0x00,0x00,0x00,0x00,0x00,
  0x00,0x00,0x00,0x00,0x00,0x00,0x20,0xc9,0x00,0x00,0x43,0x01,0x70,0x6f,0x74,0x61,
  0x73,0x73,0x69,0x75,0x6d,0x00,0x00,0x00,0x00,0x00,0x00,0x00,0x00,0x00,0x00,0x00,
  0x00,0x00,0x00,0x00,0x00,0x00,0x63,0xca,0x00,0x00,0xb0,0x00,0x70,0x6f,0x74,0x61,
  0x73,0x73,0x69,0x75,0x6d,0x20,0x61,0x74,0x6f,0x6d,0x69,0x63,0x00,0x00,0x00,0x00,
  0x00,0x00,0x00,0x00,0x00,0x00,0x13,0xcb,0x00,0x00,0x74,0x00,0x70,0x6f,0x74,0x61,
  0x73,0x73,0x69,0x75,0x6d,0x20,0x61,0x74,0x6f,0x6d,0x69,0x63,0x20,0x6d,0x61,0x73,
  0x73,0x00,0x00,0x00,0x00,0x00,0x87,0xcb,0x00,0x00,0x52,0x00,0x70,0x6f,0x74,0x61,
  0x73,0x73,0x69,0x75,0x6d,0x20,0x61,0x74,0x6f,0x6d,0x69,0x63,0x20,0x6e,0x75,0x6d,
  0x62,0x65,0x72,0x00,0x00,0x00,0xd9,0xcb,0x00,0x00,0x40,0x00,0x70,0x6f,0x74,0x61,
  0x73,0x73,0x69,0x75,0x6d,0x20,0x6d,0x61,0x73,0x73,0x00,0x00,0x00,0x00,0x00,0x00,
  0x00,0x00,0x00,0x00,0x00,0x00,0x19,0xcc,0x00,0x00,0x4b,0x00,0x70,0x6f,0x74,0x61,
  0x73,0x73,0x69,0x75,0x6d,0x20,0x6e,0x75,0x6d,0x62,0x65,0x72,0x00,0x00,0x00,0x00,
  0x00,0x00,0x00,0x00,0x00,0x00,0x64,0xcc,0x00,0x00,0x39,0x00,0x70,0x6f,0x74,0x65,
  0x6e,0x74,0x69,0x61,0x6c,0x00,0x00,0x00,0x00,0x00,0x00,0x00,0x00,0x00,0x00,0x00,
  0x00,0x00,0x00,0x00,0x00,0x00,0x9d,0xcc,0x00,0x00,0x53,0x00,0x70,0x6f,0x74,0x65,
  0x6e,0x74,0x69,0x61,0x6c,0x20,0x65,0x6e,0x65,0x72,0x67,0x79,0x00,0x00,0x00,0x00,
  0x00,0x00,0x00,0x00,0x00,0x00,0xf0,0xcc,0x00,0x00,0x5a,0x00,0x70,0x6f,0x75,0x6e,
  0x64,0x00,0x00,0x00,0x00,0x00,0x00,0x00,0x00,0x00,0x00,0x00,0x00,0x00,0x00,0x00,
  0x00,0x00,0x00,0x00,0x00,0x00,0x4a,0xcd,0x00,0x00,0x2b,0x00,0x70,0x6f,0x77,0x65,
  0x72,0x00,0x00,0x00,0x00,0x00,0x00,0x00,0x00,0x00,0x00,0x00,0x00,0x00,0x00,0x00,
  0x00,0x00,0x00,0x00,0x00,0x00,0x75,0xcd,0x00,0x00,0x33,0x01,0x70,0x6f,0x77,0x65,
  0x72,0x20,0x66,0x61,0x63,0x74,0x6f,0x72,0x00,0x00,0x00,0x00,0x00,0x00,0x00,0x00,
  0x00,0x00,0x00,0x00,0x00,0x00,0xa8,0xce,0x00,0x00,0x49,0x00,0x70,0x6f,0x77,0x65,
  0x72,0x20,0x72,0x65,0x73,0x69,0x73,0x74,0x61,0x6e,0x63,0x65,0x00,0x00,0x00,0x00,
  0x00,0x00,0x00,0x00,0x00,0x00,0xf1,0xce,0x00,0x00,0x42,0x00,0x70,0x72,0x65,0x66,
  0x69,0x78,0x00,0x00,0x00,0x00,0x00,0x00,0x00,0x00,0x00,0x00,0x00,0x00,0x00,0x00,
  0x00,0x00,0x00,0x00,0x00,0x00,0x33,0xcf,0x00,0x00,0xcd,0x00,0x70,0x72,0x65,0x73,
  0x73,0x75,0x72,0x65,0x00,0x00,0x00,0x00,0x00,0x00,0x00,0x00,0x00,0x00,0x00,0x00,
  0x00,0x00,0x00,0x00,0x00,0x00,0x00,0xd0,0x00,0x00,0x5f,0x00,0x70,0x72,0x6f,0x74,
  0x6f,0x6e,0x00,0x00,0x00,0x00,0x00,0x00,0x00,0x00,0x00,0x00,0x00,0x00,0x00,0x00,
  0x00,0x00,0x00,0x00,0x00,0x00,0x5f,0xd0,0x00,0x00,0x37,0x00,0x70,0x72,0x6f,0x74,
  0x6f,0x6e,0x20,0x6d,0x61,0x73,0x73,0x00,0x00,0x00,0x00,0x00,0x00,0x00,0x00,0x00,
  0x00,0x00,0x00,0x00,0x00,0x00,0x96,0xd0,0x00,0x00,0x3c,0x00,0x70,0x73,0x69,0x00,
  0x00,0x00,0x00,0x00,0x00,0x00,0x00,0x00,0x00,0x00,0x00,0x00,0x00,0x00,0x00,0x00,
  0x00,0x00,0x00,0x00,0x00,0x00,0xd2,0xd0,0x00,0x00,0x28,0x00,0x70,0x75,0x6c,0x6c,
  0x00,0x00,0x00,0x00,0x00,0x00,0x00,0x00,0x00,0x00,0x00,0x00,0x00,0x00,0x00,0x00,
  0x00,0x00,0x00,0x00,0x00,0x00,0xfa,0xd0,0x00,0x00,0x42,0x00,0x70,0x75,0x6c,0x6c,
  0x20,0x72,0x65,0x73,0x69,0x73,0x74,0x6f,0x72,0x00,0x00,0x00,0x00,0x00,0x00,0x00,
  0x00,0x00,0x00,0x00,0x00,0x00,0x3c,0xd1,0x00,0x00,0x4b,0x00,0x70,0x75,0x6c,0x6c,
  0x20,0x75,0x70,0x00,0x00,0x00,0x00,0x00,0x00,0x00,0x00,0x00,0x00,0x00,0x00,0x00,
  0x00,0x00,0x00,0x00,0x00,0x00,0x87,0xd1,0x00,0x00,0x45,0x00,0x70,0x75,0x6c,0x6c,
  0x20,0x75,0x70,0x20,0x72,0x65,0x73,0x69,0x73,0x74,0x6f,0x72,0x00,0x00,0x00,0x00,
  0x00,0x00,0x00,0x00,0x00,0x00,0xcc,0xd1,0x00,0x00,0x4e,0x00,0x70,0x77,0x6d,0x00,
  0x00,0x00,0x00,0x00,0x00,0x00,0x00,0x00,0x00,0x00,0x00,0x00,0x00,0x00,0x00,0x00,
  0x00,0x00,0x00,0x00,0x00,0x00,0x1a,0xd2,0x00,0x00,0x4e,0x00,0x70,0x77,0x6d,0x20,
  0x61,0x76,0x65,0x72,0x61,0x67,0x65,0x00,0x00,0x00,0x00,0x00,0x00,0x00,0x00,0x00,
  0x00,0x00,0x00,0x00,0x00,0x00,0x68,0xd2,0x00,0x00,0x56,0x00,0x71,0x20,0x66,0x61,
  0x63,0x74,0x6f,0x72,0x00,0x00,0x00,0x00,0x00,0x00,0x00,0x00,0x00,0x00,0x00,0x00,
  0x00,0x00,0x00,0x00,0x00,0x00,0xbe,0xd2,0x00,0x00,0x50,0x00,0x72,0x61,0x74,0x65,
  0x00,0x00,0x00,0x00,0x00,0x00,0x00,0x00,0x00,0x00,0x00,0x00,0x00,0x00,0x00,0x00,
  0x00,0x00,0x00,0x00,0x00,0x00,0x0e,0xd3,0x00,0x00,0x35,0x00,0x72,0x61,0x74,0x69,
  0x6f,0x00,0x00,0x00,0x00,0x00,0x00,0x00,0x00,0x00,0x00,0x00,0x00,0x00,0x00,0x00,
  0x00,0x00,0x00,0x00,0x00,0x00,0x43,0xd3,0x00,0x00,0x98,0x00,0x72,0x63,0x20,0x63,
  0x6f,0x6e,0x73,0x74,0x61,0x6e,0x74,0x00,0x00,0x00,0x00,0x00,0x00,0x00,0x00,0x00,
  0x00,0x00,0x00,0x00,0x00,0x00,0xdb,0xd3,0x00,0x00,0x48,0x00,0x72,0x63,0x20,0x74,
  0x69,0x6d,0x65,0x00,0x00,0x00,0x00,0x00,0x00,0x00,0x00,0x00,0x00,0x00,0x00,0x00,
  0x00,0x00,0x00,0x00,0x00,0x00,0x23,0xd4,0x00,0x00,0x44,0x00,0x72,0x63,0x20,0x74,
  0x69,0x6d,0x65,0x20,0x63,0x6f,0x6e,0x73,0x74,0x61,0x6e,0x74,0x00,0x00,0x00,0x00,
  0x00,0x00,0x00,0x00,0x00,0x00,0x67,0xd4,0x00,0x00,0x4d,0x00,0x72,0x65,0x61,0x63,
  0x74,0x61,0x6e,0x63,0x65,0x00,0x00,0x00,0x00,0x00,0x00,0x00,0x00,0x00,0x00,0x00,
  0x00,0x00,0x00,0x00,0x00,0x00,0xb4,0xd4,0x00,0x00,0x65,0x00,0x72,0x65,0x64,0x00,
  0x00,0x00,0x00,0x00,0x00,0x00,0x00,0x00,0x00,0x00,0x00,0x00,0x00,0x00,0x00,0x00,
  0x00,0x00,0x00,0x00,0x00,0x00,0x19,0xd5,0x00,0x00,0x62,0x00,0x72,0x65,0x64,0x20,
  0x62,0x61,0x6e,0x64,0x00,0x00,0x00,0x00,0x00,0x00,0x00,0x00,0x00,0x00,0x00,0x00,
  0x00,0x00,0x00,0x00,0x00,0x00,0x7b,0xd5,0x00,0x00,0x32,0x00,0x72,0x65,0x64,0x20,
  0x6c,0x65,0x64,0x00,0x00,0x00,0x00,0x00,0x00,0x00,0x00,0x00,0x00,0x00,0x00,0x00,
  0x00,0x00,0x00,0x00,0x00,0x00,0xad,0xd5,0x00,0x00,0x3e,0x00,0x72,0x65,0x66,0x72,
  0x61,0x63,0x74,0x69,0x76,0x65,0x00,0x00,0x00,0x00,0x00,0x00,0x00,0x00,0x00,0x00,
  0x00,0x00,0x00,0x00,0x00,0x00,0xeb,0xd5,0x00,0x00,0x67,0x00,0x72,0x65,0x66,0x72,
  0x61,0x63,0x74,0x69,0x76,0x65,0x20,0x67,0x6c,0x61,0x73,0x73,0x00,0x00,0x00,0x00,
  0x00,0x00,0x00,0x00,0x00,0x00,0x52,0xd6,0x00,0x00,0x3f,0x00,0x72,0x65,0x66,0x72,
  0x61,0x63,0x74,0x69,0x76,0x65,0x20,0x69,0x6e,0x64,0x65,0x78,0x00,0x00,0x00,0x00,
  0x00,0x00,0x00,0x00,0x00,0x00,0x91,0xd6,0x00,0x00,0x6d,0x00,0x72,0x65,0x66,0x72,
  0x61,0x63,0x74,0x69,0x76,0x65,0x20,0x69,0x6e,0x64,0x65,0x78,0x20,0x67,0x6c,0x61,
  0x73,0x73,0x00,0x00,0x00,0x00,0xfe,0xd6,0x00,0x00,0x45,0x00,0x72,0x65,0x66,0x72,
  0x61,0x63,0x74,0x69,0x76,0x65,0x20,0x69,0x6e,0x64,0x65,0x78,0x20,0x77,0x61,0x74,
  0x65,0x72,0x00,0x00,0x00,0x00,0x43,0xd7,0x00,0x00,0x46,0x00,0x72,0x65,0x66,0x72,
  0x61,0x63,0x74,0x69,0x76,0x65,0x20,0x77,0x61,0x74,0x65,0x72,0x00,0x00,0x00,0x00,
  0x00,0x00,0x00,0x00,0x00,0x00,0x89,0xd7,0x00,0x00,0x40,0x00,0x72,0x65,0x67,0x75,
  0x6c,0x61,0x74,0x6f,0x72,0x00,0x00,0x00,0x00,0x00,0x00,0x00,0x00,0x00,0x00,0x00,
  0x00,0x00,0x00,0x00,0x00,0x00,0xc9,0xd7,0x00,0x00,0x61,0x00,0x72,0x65,0x67,0x75,
  0x6c,0x61,0x74,0x6f,0x72,0x20,0x70,0x6f,0x77,0x65,0x72,0x00,0x00,0x00,0x00,0x00,
  0x00,0x00,0x00,0x00,0x00,0x00,0x2a,0xd8,0x00,0x00,0x67,0x00,0x72,0x65,0x73,0x69,
  0x73,0x74,0x61,0x6e,0x63,0x65,0x00,0x00,0x00,0x00,0x00,0x00,0x00,0x00,0x00,0x00,
  0x00,0x00,0x00,0x00,0x00,0x00,0x91,0xd8,0x00,0x00,0x28,0x01,0x72,0x65,0x73,0x69,
  0x73,0x74,0x69,0x76,0x69,0x74,0x79,0x00,0x00,0x00,0x00,0x00,0x00,0x00,0x00,0x00,
  0x00,0x00,0x00,0x00,0x00,0x00,0xb9,0xd9,0x00,0x00,0x14,0x01,0x72,0x65,0x73,0x69,
  0x73,0x74,0x6f,0x72,0x00,0x00,0x00,0x00,0x00,0x00,0x00,0x00,0x00,0x00,0x00,0x00,
  0x00,0x00,0x00,0x00,0x00,0x00,0xcd,0xda,0x00,0x00,0x32,0x01,0x72,0x65,0x73,0x6f,
  0x6c,0x75,0x74,0x69,0x6f,0x6e,0x00,0x00,0x00,0x00,0x00,0x00,0x00,0x00,0x00,0x00,
  0x00,0x00,0x00,0x00,0x00,0x00,0xff,0xdb,0x00,0x00,0x3d,0x00,0x72,0x65,0x73,0x6f,
  0x6e,0x61,0x6e,0x74,0x00,0x00,0x00,0x00,0x00,0x00,0x00,0x00,0x00,0x00,0x00,0x00,
  0x00,0x00,0x00,0x00,0x00,0x00,0x3c,0xdc,0x00,0x00,0x5b,0x00,0x72,0x65,0x73,0x6f,
  0x6e,0x61,0x6e,0x74,0x20,0x66,0x72,0x65,0x71,0x75,0x65,0x6e,0x63,0x79,0x00,0x00,
  0x00,0x00,0x00,0x00,0x00,0x00,0x97,0xdc,0x00,0x00,0x65,0x00,0x72,0x6c,0x20,0x63,
  0x6f,0x6e,0x73,0x74,0x61,0x6e,0x74,0x00,0x00,0x00,0x00,0x00,0x00,0x00,0x00,0x00,
  0x00,0x00,0x00,0x00,0x00,0x00,0xfc,0xdc,0x00,0x00,0x4c,0x00,0x72,0x6c,0x20,0x74,
  0x69,0x6d,0x65,0x00,0x00,0x00,0x00,0x00,0x00,0x00,0x00,0x00,0x00,0x00,0x00,0x00,
  0x00,0x00,0x00,0x00,0x00,0x00,0x48,0xdd,0x00,0x00,0x48,0x00,0x72,0x6c,0x20,0x74,
  0x69,0x6d,0x65,0x20,0x63,0x6f,0x6e,0x73,0x74,0x61,0x6e,0x74,0x00,0x00,0x00,0x00,
  0x00,0x00,0x00,0x00,0x00,0x00,0x90,0xdd,0x00,0x00,0x51,0x00,0x72,0x6d,0x73,0x00,
  0x00,0x00,0x00,0x00,0x00,0x00,0x00,0x00,0x00,0x00,0x00,0x00,0x00,0x00,0x00,0x00,
  0x00,0x00,0x00,0x00,0x00,0x00,0xe1,0xdd,0x00,0x00,0xab,0x00,0x72,0x6d,0x73,0x20,
  0x63,0x75,0x72,0x72,0x65,0x6e,0x74,0x00,0x00,0x00,0x00,0x00,0x00,0x00,0x00,0x00,
  0x00,0x00,0x00,0x00,0x00,0x00,0x8c,0xde,0x00,0x00,0x60,0x00,0x72,0x6d,0x73,0x20,
  0x76,0x6f,0x6c,0x74,0x61,0x67,0x65,0x00,0x00,0x00,0x00,0x00,0x00,0x00,0x00,0x00,
  0x00,0x00,0x00,0x00,0x00,0x00,0xec,0xde,0x00,0x00,0x60,0x00,0x72,0x75,0x6c,0x65,
  0x73,0x00,0x00,0x00,0x00,0x00,0x00,0x00,0x00,0x00,0x00,0x00,0x00,0x00,0x00,0x00,
  0x00,0x00,0x00,0x00,0x00,0x00,0x4c,0xdf,0x00,0x00,0x74,0x00,0x72,0x75,0x6e,0x74,
  0x69,0x6d,0x65,0x00,0x00,0x00,0x00,0x00,0x00,0x00,0x00,0x00,0x00,0x00,0x00,0x00,
  0x00,0x00,0x00,0x00,0x00,0x00,0xc0,0xdf,0x00,0x00,0xb3,0x00,0x73,0x61,0x74,0x75,
  0x72,0x61,0x74,0x69,0x6f,0x6e,0x00,0x00,0x00,0x00,0x00,0x00,0x00,0x00,0x00,0x00,
  0x00,0x00,0x00,0x00,0x00,0x00,0x73,0xe0,0x00,0x00,0x5b,0x00,0x73,0x61,0x74,0x75,
  0x72,0x6e,0x00,0x00,0x00,0x00,0x00,0x00,0x00,0x00,0x00,0x00,0x00,0x00,0x00,0x00,
  0x00,0x00,0x00,0x00,0x00,0x00,0xce,0xe0,0x00,0x00,0x89,0x00,0x73,0x63,0x61,0x6e,
  0x64,0x69,0x75,0x6d,0x00,0x00,0x00,0x00,0x00,0x00,0x00,0x00,0x00,0x00,0x00,0x00,
  0x00,0x00,0x00,0x00,0x00,0x00,0x57,0xe1,0x00,0x00,0xad,0x00,0x73,0x63,0x61,0x6e,
  0x64,0x69,0x75,0x6d,0x20,0x61,0x74,0x6f,0x6d,0x69,0x63,0x00,0x00,0x00,0x00,0x00,
  0x00,0x00,0x00,0x00,0x00,0x00,0x04,0xe2,0x00,0x00,0x71,0x00,0x73,0x63,0x61,0x6e,
  0x64,0x69,0x75,0x6d,0x20,0x61,0x74,0x6f,0x6d,0x69,0x63,0x20,0x6d,0x61,0x73,0x73,
  0x00,0x00,0x00,0x00,0x00,0x00,0x75,0xe2,0x00,0x00,0x50,0x00,0x73,0x63,0x61,0x6e,
  0x64,0x69,0x75,0x6d,0x20,0x61,0x74,0x6f,0x6d,0x69,0x63,0x20,0x6e,0x75,0x6d,0x62,
  0x65,0x72,0x00,0x00,0x00,0x00,0xc5,0xe2,0x00,0x00,0x3e,0x00,0x73,0x63,0x61,0x6e,
  0x64,0x69,0x75,0x6d,0x20,0x6d,0x61,0x73,0x73,0x00,0x00,0x00,0x00,0x00,0x00,0x00,
  0x00,0x00,0x00,0x00,0x00,0x00,0x03,0xe3,0x00,0x00,0x49,0x00,0x73,0x63,0x61,0x6e,
  0x64,0x69,0x75,0x6d,0x20,0x6e,0x75,0x6d,0x62,0x65,0x72,0x00,0x00,0x00,0x00,0x00,
  0x00,0x00,0x00,0x00,0x00,0x00,0x4c,0xe3,0x00,0x00,0x37,0x00,0x73,0x63,0x68,0x6f,
  0x74,0x74,0x6b,0x79,0x00,0x00,0x00,0x00,0x00,0x00,0x00,0x00,0x00,0x00,0x00,0x00,
  0x00,0x00,0x00,0x00,0x00,0x00,0x83,0xe3,0x00,0x00,0x4b,0x00,0x73,0x63,0x68,0x6f,
  0x74,0x74,0x6b,0x79,0x20,0x64,0x69,0x6f,0x64,0x65,0x00,0x00,0x00,0x00,0x00,0x00,
  0x00,0x00,0x00,0x00,0x00,0x00,0xce,0xe3,0x00,0x00,0x51,0x00,0x73,0x65,0x63,0x6f,
  0x6e,0x64,0x00,0x00,0x00,0x00,0x00,0x00,0x00,0x00,0x00,0x00,0x00,0x00,0x00,0x00,
  0x00,0x00,0x00,0x00,0x00,0x00,0x1f,0xe4,0x00,0x00,0x2f,0x00,0x73,0x65,0x63,0x6f,
  0x6e,0x64,0x20,0x6c,0x61,0x77,0x00,0x00,0x00,0x00,0x00,0x00,0x00,0x00,0x00,0x00,
  0x00,0x00,0x00,0x00,0x00,0x00,0x4e,0xe4,0x00,0x00,0x33,0x00,0x73,0x65,0x6c,0x65,
  0x63,0x74,0x00,0x00,0x00,0x00,0x00,0x00,0x00,0x00,0x00,0x00,0x00,0x00,0x00,0x00,
  0x00,0x00,0x00,0x00,0x00,0x00,0x81,0xe4,0x00,0x00,0x4c,0x00,0x73,0x65,0x6c,0x65,
  0x6e,0x69,0x75,0x6d,0x00,0x00,0x00,0x00,0x00,0x00,0x00,0x00,0x00,0x00,0x00,0x00,
  0x00,0x00,0x00,0x00,0x00,0x00,0xcd,0xe4,0x00,0x00,0xad,0x00,0x73,0x65,0x6c,0x65,
  0x6e,0x69,0x75,0x6d,0x20,0x61,0x74,0x6f,0x6d,0x69,0x63,0x00,0x00,0x00,0x00,0x00,
  0x00,0x00,0x00,0x00,0x00,0x00,0x7a,0xe5,0x00,0x00,0x71,0x00,0x73,0x65,0x6c,0x65,
  0x6e,0x69,0x75,0x6d,0x20,0x61,0x74,0x6f,0x6d,0x69,0x63,0x20,0x6d,0x61,0x73,0x73,
  0x00,0x00,0x00,0x00,0x00,0x00,0xeb,0xe5,0x00,0x00,0x50,0x00,0x73,0x65,0x6c,0x65,
  0x6e,0x69,0x75,0x6d,0x20,0x61,0x74,0x6f,0x6d,0x69,0x63,0x20,0x6e,0x75,0x6d,0x62,
  0x65,0x72,0x00,0x00,0x00,0x00,0x3b,0xe6,0x00,0x00,0x3e,0x00,0x73,0x65,0x6c,0x65,
  0x6e,0x69,0x75,0x6d,0x20,0x6d,0x61,0x73,0x73,0x00,0x00,0x00,0x00,0x00,0x00,0x00,
  0x00,0x00,0x00,0x00,0x00,0x00,0x79,0xe6,0x00,0x00,0x49,0x00,0x73,0x65,0x6c,0x65,
  0x6e,0x69,0x75,0x6d,0x20,0x6e,0x75,0x6d,0x62,0x65,0x72,0x00,0x00,0x00,0x00,0x00,
  0x00,0x00,0x00,0x00,0x00,0x00,0xc2,0xe6,0x00,0x00,0x37,0x00,0x73,0x65,0x72,0x69,
  0x65,0x73,0x00,0x00,0x00,0x00,0x00,0x00,0x00,0x00,0x00,0x00,0x00,0x00,0x00,0x00,
  0x00,0x00,0x00,0x00,0x00,0x00,0xf9,0xe6,0x00,0x00,0x60,0x01,0x73,0x65,0x72,0x69,
  0x65,0x73,0x20,0x63,0x61,0x70,0x61,0x63,0x69,0x74,0x61,0x6e,0x63,0x65,0x00,0x00,
  0x00,0x00,0x00,0x00,0x00,0x00,0x59,0xe8,0x00,0x00,0x62,0x00,0x73,0x65,0x72,0x69,
  0x65,0x73,0x20,0x72,0x65,0x73,0x69,0x73,0x74,0x61,0x6e,0x63,0x65,0x00,0x00,0x00,
  0x00,0x00,0x00,0x00,0x00,0x00,0xbb,0xe8,0x00,0x00,0x45,0x00,0x73,0x69,0x6c,0x69,
  0x63,0x6f,0x6e,0x00,0x00,0x00,0x00,0x00,0x00,0x00,0x00,0x00,0x00,0x00,0x00,0x00,
  0x00,0x00,0x00,0x00,0x00,0x00,0x00,0xe9,0x00,0x00,0xe9,0x00,0x73,0x69,0x6c,0x69,
  0x63,0x6f,0x6e,0x20,0x61,0x74,0x6f,0x6d,0x69,0x63,0x00,0x00,0x00,0x00,0x00,0x00,
  0x00,0x00,0x00,0x00,0x00,0x00,0xe9,0xe9,0x00,0x00,0x6e,0x00,0x73,0x69,0x6c,0x69,
  0x63,0x6f,0x6e,0x20,0x61,0x74,0x6f,0x6d,0x69,0x63,0x20,0x6d,0x61,0x73,0x73,0x00,
  0x00,0x00,0x00,0x00,0x00,0x00,0x57,0xea,0x00,0x00,0x4e,0x00,0x73,0x69,0x6c,0x69,
  0x63,0x6f,0x6e,0x20,0x61,0x74,0x6f,0x6d,0x69,0x63,0x20,0x6e,0x75,0x6d,0x62,0x65,
  0x72,0x00,0x00,0x00,0x00,0x00,0xa5,0xea,0x00,0x00,0x3c,0x00,0x73,0x69,0x6c,0x69,
  0x63,0x6f,0x6e,0x20,0x64,0x69,0x6f,0x64,0x65,0x00,0x00,0x00,0x00,0x00,0x00,0x00,
  0x00,0x00,0x00,0x00,0x00,0x00,0xe1,0xea,0x00,0x00,0x4f,0x00,0x73,0x69,0x6c,0x69,
  0x63,0x6f,0x6e,0x20,0x6d,0x61,0x73,0x73,0x00,0x00,0x00,0x00,0x00,0x00,0x00,0x00,
  0x00,0x00,0x00,0x00,0x00,0x00,0x30,0xeb,0x00,0x00,0x47,0x00,0x73,0x69,0x6c,0x69,
  0x63,0x6f,0x6e,0x20,0x6e,0x75,0x6d,0x62,0x65,0x72,0x00,0x00,0x00,0x00,0x00,0x00,
  0x00,0x00,0x00,0x00,0x00,0x00,0x77,0xeb,0x00,0x00,0x35,0x00,0x73,0x69,0x6c,0x76,
  0x65,0x72,0x00,0x00,0x00,0x00,0x00,0x00,0x00,0x00,0x00,0x00,0x00,0x00,0x00,0x00,
  0x00,0x00,0x00,0x00,0x00,0x00,0xac,0xeb,0x00,0x00,0xd8,0x00,0x73,0x69,0x6c,0x76,
  0x65,0x72,0x20,0x62,0x61,0x6e,0x64,0x00,0x00,0x00,0x00,0x00,0x00,0x00,0x00,0x00,
  0x00,0x00,0x00,0x00,0x00,0x00,0x84,0xec,0x00,0x00,0x38,0x00,0x73,0x69,0x6c,0x76,
  0x65,0x72,0x20,0x64,0x65,0x6e,0x73,0x69,0x74,0x79,0x00,0x00,0x00,0x00,0x00,0x00,
  0x00,0x00,0x00,0x00,0x00,0x00,0xbc,0xec,0x00,0x00,0x4b,0x00,0x73,0x69,0x6c,0x76,
  0x65,0x72,0x20,0x6d,0x65,0x6c,0x74,0x69,0x6e,0x67,0x00,0x00,0x00,0x00,0x00,0x00,
  0x00,0x00,0x00,0x00,0x00,0x00,0x07,0xed,0x00,0x00,0x45,0x00,0x73,0x69,0x6c,0x76,
  0x65,0x72,0x20,0x6d,0x65,0x6c,0x74,0x69,0x6e,0x67,0x20,0x70,0x6f,0x69,0x6e,0x74,
  0x00,0x00,0x00,0x00,0x00,0x00,0x4c,0xed,0x00,0x00,0x4b,0x00,0x73,0x69,0x6c,0x76,
  0x65,0x72,0x20,0x70,0x6f,0x69,0x6e,0x74,0x00,0x00,0x00,0x00,0x00,0x00,0x00,0x00,
  0x00,0x00,0x00,0x00,0x00,0x00,0x97,0xed,0x00,0x00,0x43,0x00,0x73,0x69,0x6c,0x76,
  0x65,0x72,0x20,0x72,0x65,0x73,0x69,0x73,0x74,0x69,0x76,0x69,0x74,0x79,0x00,0x00,
  0x00,0x00,0x00,0x00,0x00,0x00,0xda,0xed,0x00,0x00,0x49,0x00,0x73,0x6e,0x65,0x6c,
  0x6c,0x73,0x00,0x00,0x00,0x00,0x00,0x00,0x00,0x00,0x00,0x00,0x00,0x00,0x00,0x00,
  0x00,0x00,0x00,0x00,0x00,0x00,0x23,0xee,0x00,0x00,0x60,0x00,0x73,0x6e,0x65,0x6c,
  0x6c,0x73,0x20,0x6c,0x61,0x77,0x00,0x00,0x00,0x00,0x00,0x00,0x00,0x00,0x00,0x00,
  0x00,0x00,0x00,0x00,0x00,0x00,0x83,0xee,0x00,0x00,0x64,0x00,0x73,0x6f,0x64,0x69,
  0x75,0x6d,0x00,0x00,0x00,0x00,0x00,0x00,0x00,0x00,0x00,0x00,0x00,0x00,0x00,0x00,
  0x00,0x00,0x00,0x00,0x00,0x00,0xe7,0xee,0x00,0x00,0xa3,0x00,0x73,0x6f,0x64,0x69,
  0x75,0x6d,0x20,0x61,0x74,0x6f,0x6d,0x69,0x63,0x00,0x00,0x00,0x00,0x00,0x00,0x00,
  0x00,0x00,0x00,0x00,0x00,0x00,0x8a,0xef,0x00,0x00,0x6a,0x00,0x73,0x6f,0x64,0x69,
  0x75,0x6d,0x20,0x61,0x74,0x6f,0x6d,0x69,0x63,0x20,0x6d,0x61,0x73,0x73,0x00,0x00,
  0x00,0x00,0x00,0x00,0x00,0x00,0xf4,0xef,0x00,0x00,0x4b,0x00,0x73,0x6f,0x64,0x69,
  0x75,0x6d,0x20,0x61,0x74,0x6f,0x6d,0x69,0x63,0x20,0x6e,0x75,0x6d,0x62,0x65,0x72,
  0x00,0x00,0x00,0x00,0x00,0x00,0x3f,0xf0,0x00,0x00,0x3a,0x00,0x73,0x6f,0x64,0x69,
  0x75,0x6d,0x20,0x6d,0x61,0x73,0x73,0x00,0x00,0x00,0x00,0x00,0x00,0x00,0x00,0x00,
  0x00,0x00,0x00,0x00,0x00,0x00,0x79,0xf0,0x00,0x00,0x44,0x00,0x73,0x6f,0x64,0x69,
  0x75,0x6d,0x20,0x6e,0x75,0x6d,0x62,0x65,0x72,0x00,0x00,0x00,0x00,0x00,0x00,0x00,
  0x00,0x00,0x00,0x00,0x00,0x00,0xbd,0xf0,0x00,0x00,0x33,0x00,0x73,0x6f,0x6c,0x64,
  0x65,0x72,0x00,0x00,0x00,0x00,0x00,0x00,0x00,0x00,0x00,0x00,0x00,0x00,0x00,0x00,
  0x00,0x00,0x00,0x00,0x00,0x00,0xf0,0xf0,0x00,0x00,0x3d,0x00,0x73,0x6f,0x6c,0x64,
  0x65,0x72,0x20,0x6d,0x65,0x6c,0x74,0x69,0x6e,0x67,0x00,0x00,0x00,0x00,0x00,0x00,
  0x00,0x00,0x00,0x00,0x00,0x00,0x2d,0xf1,0x00,0x00,0x45,0x00,0x73,0x6f,0x75,0x6e,
  0x64,0x00,0x00,0x00,0x00,0x00,0x00,0x00,0x00,0x00,0x00,0x00,0x00,0x00,0x00,0x00,
  0x00,0x00,0x00,0x00,0x00,0x00,0x72,0xf1,0x00,0x00,0x88,0x00,0x73,0x6f,0x75,0x6e,
  0x64,0x20,0x69,0x6e,0x74,0x65,0x6e,0x73,0x69,0x74,0x79,0x00,0x00,0x00,0x00,0x00,
  0x00,0x00,0x00,0x00,0x00,0x00,0xfa,0xf1,0x00,0x00,0x59,0x00,0x73,0x70,0x65,0x63,
  0x69,0x66,0x69,0x63,0x00,0x00,0x00,0x00,0x00,0x00,0x00,0x00,0x00,0x00,0x00,0x00,
  0x00,0x00,0x00,0x00,0x00,0x00,0x53,0xf2,0x00,0x00,0x8e,0x00,0x73,0x70,0x65,0x63,
  0x69,0x66,0x69,0x63,0x20,0x66,0x6f,0x72,0x6d,0x75,0x6c,0x61,0x00,0x00,0x00,0x00,
  0x00,0x00,0x00,0x00,0x00,0x00,0xe1,0xf2,0x00,0x00,0x5f,0x00,0x73,0x70,0x65,0x63,
  0x69,0x66,0x69,0x63,0x20,0x68,0x65,0x61,0x74,0x00,0x00,0x00,0x00,0x00,0x00,0x00,
  0x00,0x00,0x00,0x00,0x00,0x00,0x40,0xf3,0x00,0x00,0x93,0x00,0x73,0x70,0x65,0x63,
  0x69,0x66,0x69,0x63,0x20,0x68,0x65,0x61,0x74,0x20,0x66,0x6f,0x72,0x6d,0x75,0x6c,
  0x61,0x00,0x00,0x00,0x00,0x00,0xd3,0xf3,0x00,0x00,0x64,0x00,0x73,0x70,0x65,0x65,
  0x64,0x00,0x00,0x00,0x00,0x00,0x00,0x00,0x00,0x00,0x00,0x00,0x00,0x00,0x00,0x00,
  0x00,0x00,0x00,0x00,0x00,0x00,0x37,0xf4,0x00,0x00,0x07,0x01,0x73,0x70,0x65,0x65,
  0x64,0x20,0x6c,0x69,0x67,0x68,0x74,0x00,0x00,0x00,0x00,0x00,0x00,0x00,0x00,0x00,
  0x00,0x00,0x00,0x00,0x00,0x00,0x3e,0xf5,0x00,0x00,0x3d,0x00,0x73,0x70,0x65,0x65,
  0x64,0x20,0x6f,0x66,0x00,0x00,0x00,0x00,0x00,0x00,0x00,0x00,0x00,0x00,0x00,0x00,
  0x00,0x00,0x00,0x00,0x00,0x00,0x7b,0xf5,0x00,0x00,0x73,0x00,0x73,0x70,0x65,0x65,
  0x64,0x20,0x6f,0x66,0x20,0x6c,0x69,0x67,0x68,0x74,0x00,0x00,0x00,0x00,0x00,0x00,
  0x00,0x00,0x00,0x00,0x00,0x00,0xee,0xf5,0x00,0x00,0x40,0x00,0x73,0x70,0x65,0x65,
  0x64,0x20,0x6f,0x66,0x20,0x73,0x6f,0x75,0x6e,0x64,0x00,0x00,0x00,0x00,0x00,0x00,
  0x00,0x00,0x00,0x00,0x00,0x00,0x2e,0xf6,0x00,0x00,0x49,0x00,0x73,0x70,0x65,0x65,
  0x64,0x20,0x73,0x6f,0x75,0x6e,0x64,0x00,0x00,0x00,0x00,0x00,0x00,0x00,0x00,0x00,
  0x00,0x00,0x00,0x00,0x00,0x00,0x77,0xf6,0x00,0x00,0x46,0x00,0x73,0x70,0x69,0x00,
  0x00,0x00,0x00,0x00,0x00,0x00,0x00,0x00,0x00,0x00,0x00,0x00,0x00,0x00,0x00,0x00,
  0x00,0x00,0x00,0x00,0x00,0x00,0xbd,0xf6,0x00,0x00,0x8c,0x00,0x73,0x70,0x69,0x20,
  0x6d,0x6f,0x64,0x65,0x73,0x00,0x00,0x00,0x00,0x00,0x00,0x00,0x00,0x00,0x00,0x00,
  0x00,0x00,0x00,0x00,0x00,0x00,0x49,0xf7,0x00,0x00,0x4e,0x00,0x73,0x70,0x72,0x69,
  0x6e,0x67,0x00,0x00,0x00,0x00,0x00,0x00,0x00,0x00,0x00,0x00,0x00,0x00,0x00,0x00,
  0x00,0x00,0x00,0x00,0x00,0x00,0x97,0xf7,0x00,0x00,0x9e,0x00,0x73,0x70,0x72,0x69,
  0x6e,0x67,0x20,0x65,0x6e,0x65,0x72,0x67,0x79,0x00,0x00,0x00,0x00,0x00,0x00,0x00,
  0x00,0x00,0x00,0x00,0x00,0x00,0x35,0xf8,0x00,0x00,0x67,0x00,0x73,0x70,0x72,0x69,
  0x6e,0x67,0x20,0x66,0x6f,0x72,0x63,0x65,0x00,0x00,0x00,0x00,0x00,0x00,0x00,0x00,
  0x00,0x00,0x00,0x00,0x00,0x00,0x9c,0xf8,0x00,0x00,0x4c,0x00,0x73,0x72,0x61,0x6d,
  0x00,0x00,0x00,0x00,0x00,0x00,0x00,0x00,0x00,0x00,0x00,0x00,0x00,0x00,0x00,0x00,
  0x00,0x00,0x00,0x00,0x00,0x00,0xe8,0xf8,0x00,0x00,0x36,0x00,0x73,0x74,0x61,0x6e,
  0x64,0x61,0x72,0x64,0x00,0x00,0x00,0x00,0x00,0x00,0x00,0x00,0x00,0x00,0x00,0x00,
  0x00,0x00,0x00,0x00,0x00,0x00,0x1e,0xf9,0x00,0x00,0x2d,0x00,0x73,0x74,0x61,0x6e,
  0x64,0x61,0x72,0x64,0x20,0x67,0x72,0x61,0x76,0x69,0x74,0x79,0x00,0x00,0x00,0x00,
  0x00,0x00,0x00,0x00,0x00,0x00,0x4b,0xf9,0x00,0x00,0x35,0x00,0x73,0x74,0x65,0x65,
  0x6c,0x00,0x00,0x00,0x00,0x00,0x00,0x00,0x00,0x00,0x00,0x00,0x00,0x00,0x00,0x00,
  0x00,0x00,0x00,0x00,0x00,0x00,0x80,0xf9,0x00,0x00,0xad,0x00,0x73,0x74,0x65,0x65,
  0x6c,0x20,0x64,0x65,0x6e,0x73,0x69,0x74,0x79,0x00,0x00,0x00,0x00,0x00,0x00,0x00,
  0x00,0x00,0x00,0x00,0x00,0x00,0x2d,0xfa,0x00,0x00,0x48,0x00,0x73,0x74,0x65,0x65,
  0x6c,0x20,0x6d,0x65,0x6c,0x74,0x69,0x6e,0x67,0x00,0x00,0x00,0x00,0x00,0x00,0x00,
  0x00,0x00,0x00,0x00,0x00,0x00,0x75,0xfa,0x00,0x00,0x44,0x00,0x73,0x74,0x65,0x65,
  0x6c,0x20,0x6d,0x65,0x6c,0x74,0x69,0x6e,0x67,0x20,0x70,0x6f,0x69,0x6e,0x74,0x00,
  0x00,0x00,0x00,0x00,0x00,0x00,0xb9,0xfa,0x00,0x00,0x4a,0x00,0x73,0x74,0x65,0x65,
  0x6c,0x20,0x6d,0x6f,0x64,0x75,0x6c,0x75,0x73,0x00,0x00,0x00,0x00,0x00,0x00,0x00,
  0x00,0x00,0x00,0x00,0x00,0x00,0x03,0xfb,0x00,0x00,0x47,0x00,0x73,0x74,0x65,0x65,
  0x6c,0x20,0x70,0x6f,0x69,0x6e,0x74,0x00,0x00,0x00,0x00,0x00,0x00,0x00,0x00,0x00,
  0x00,0x00,0x00,0x00,0x00,0x00,0x4a,0xfb,0x00,0x00,0x42,0x00,0x73,0x74,0x65,0x66,
  0x61,0x6e,0x00,0x00,0x00,0x00,0x00,0x00,0x00,0x00,0x00,0x00,0x00,0x00,0x00,0x00,
  0x00,0x00,0x00,0x00,0x00,0x00,0x8c,0xfb,0x00,0x00,0x44,0x00,0x73,0x74,0x65,0x66,
  0x61,0x6e,0x20,0x62,0x6f,0x6c,0x74,0x7a,0x6d,0x61,0x6e,0x6e,0x00,0x00,0x00,0x00,
  0x00,0x00,0x00,0x00,0x00,0x00,0xd0,0xfb,0x00,0x00,0x4e,0x00,0x73,0x74,0x65,0x70,
  0x00,0x00,0x00,0x00,0x00,0x00,0x00,0x00,0x00,0x00,0x00,0x00,0x00,0x00,0x00,0x00,
  0x00,0x00,0x00,0x00,0x00,0x00,0x1e,0xfc,0x00,0x00,0x57,0x00,0x73,0x74,0x72,0x61,
  0x69,0x6e,0x00,0x00,0x00,0x00,0x00,0x00,0x00,0x00,0x00,0x00,0x00,0x00,0x00,0x00,
  0x00,0x00,0x00,0x00,0x00,0x00,0x75,0xfc,0x00,0x00,0x7e,0x00,0x73,0x74,0x72,0x65,
  0x73,0x73,0x00,0x00,0x00,0x00,0x00,0x00,0x00,0x00,0x00,0x00,0x00,0x00,0x00,0x00,
  0x00,0x00,0x00,0x00,0x00,0x00,0xf3,0xfc,0x00,0x00,0x70,0x00,0x73,0x75,0x6c,0x66,
  0x75,0x72,0x00,0x00,0x00,0x00,0x00,0x00,0x00,0x00,0x00,0x00,0x00,0x00,0x00,0x00,
  0x00,0x00,0x00,0x00,0x00,0x00,0x63,0xfd,0x00,0x00,0xa2,0x00,0x73,0x75,0x6c,0x66,
  0x75,0x72,0x20,0x61,0x74,0x6f,0x6d,0x69,0x63,0x00,0x00,0x00,0x00,0x00,0x00,0x00,
  0x00,0x00,0x00,0x00,0x00,0x00,0x05,0xfe,0x00,0x00,0x6a,0x00,0x73,0x75,0x6c,0x66,
  0x75,0x72,0x20,0x61,0x74,0x6f,0x6d,0x69,0x63,0x20,0x6d,0x61,0x73,0x73,0x00,0x00,
  0x00,0x00,0x00,0x00,0x00,0x00,0x6f,0xfe,0x00,0x00,0x4b,0x00,0x73,0x75,0x6c,0x66,
  0x75,0x72,0x20,0x61,0x74,0x6f,0x6d,0x69,0x63,0x20,0x6e,0x75,0x6d,0x62,0x65,0x72,
  0x00,0x00,0x00,0x00,0x00,0x00,0xba,0xfe,0x00,0x00,0x3a,0x00,0x73,0x75,0x6c,0x66,
  0x75,0x72,0x20,0x6d,0x61,0x73,0x73,0x00,0x00,0x00,0x00,0x00,0x00,0x00,0x00,0x00,
  0x00,0x00,0x00,0x00,0x00,0x00,0xf4,0xfe,0x00,0x00,0x44,0x00,0x73,0x75,0x6c,0x66,
  0x75,0x72,0x20,0x6e,0x75,0x6d,0x62,0x65,0x72,0x00,0x00,0x00,0x00,0x00,0x00,0x00,
  0x00,0x00,0x00,0x00,0x00,0x00,0x38,0xff,0x00,0x00,0x33,0x00,0x73,0x75,0x6d,0x6d,
  0x69,0x6e,0x67,0x00,0x00,0x00,0x00,0x00,0x00,0x00,0x00,0x00,0x00,0x00,0x00,0x00,
  0x00,0x00,0x00,0x00,0x00,0x00,0x6b,0xff,0x00,0x00,0x87,0x00,0x73,0x75,0x6d,0x6d,
  0x69,0x6e,0x67,0x20,0x61,0x6d,0x70,0x6c,0x69,0x66,0x69,0x65,0x72,0x00,0x00,0x00,
  0x00,0x00,0x00,0x00,0x00,0x00,0xf2,0xff,0x00,0x00,0x91,0x00,0x73,0x75,0x6e,0x00,
  0x00,0x00,0x00,0x00,0x00,0x00,0x00,0x00,0x00,0x00,0x00,0x00,0x00,0x00,0x00,0x00,
  0x00,0x00,0x00,0x00,0x00,0x00,0x83,0x00,0x01,0x00,0x32,0x00,0x74,0x65,0x6d,0x70,
  0x65,0x72,0x61,0x74,0x75,0x72,0x65,0x00,0x00,0x00,0x00,0x00,0x00,0x00,0x00,0x00,
  0x00,0x00,0x00,0x00,0x00,0x00,0xb5,0x00,0x01,0x00,0x25,0x01,0x74,0x65,0x6e,0x00,
  0x00,0x00,0x00,0x00,0x00,0x00,0x00,0x00,0x00,0x00,0x00,0x00,0x00,0x00,0x00,0x00,
  0x00,0x00,0x00,0x00,0x00,0x00,0xda,0x01,0x01,0x00,0x2a,0x00,0x74,0x65,0x6e,0x20,
  0x61,0x64,0x63,0x00,0x00,0x00,0x00,0x00,0x00,0x00,0x00,0x00,0x00,0x00,0x00,0x00,
  0x00,0x00,0x00,0x00,0x00,0x00,0x04,0x02,0x01,0x00,0x2e,0x00,0x74,0x65,0x6e,0x20,
  0x62,0x69,0x74,0x00,0x00,0x00,0x00,0x00,0x00,0x00,0x00,0x00,0x00,0x00,0x00,0x00,
  0x00,0x00,0x00,0x00,0x00,0x00,0x32,0x02,0x01,0x00,0x2e,0x00,0x74,0x65,0x6e,0x20,
  0x62,0x69,0x74,0x20,0x61,0x64,0x63,0x00,0x00,0x00,0x00,0x00,0x00,0x00,0x00,0x00,
  0x00,0x00,0x00,0x00,0x00,0x00,0x60,0x02,0x01,0x00,0x32,0x00,0x74,0x65,0x72,0x61,
  0x00,0x00,0x00,0x00,0x00,0x00,0x00,0x00,0x00,0x00,0x00,0x00,0x00,0x00,0x00,0x00,
  0x00,0x00,0x00,0x00,0x00,0x00,0x92,0x02,0x01,0x00,0x27,0x00,0x74,0x65,0x72,0x61,
  0x20,0x70,0x72,0x65,0x66,0x69,0x78,0x00,0x00,0x00,0x00,0x00,0x00,0x00,0x00,0x00,
  0x00,0x00,0x00,0x00,0x00,0x00,0xb9,0x02,0x01,0x00,0x2e,0x00,0x74,0x68,0x65,0x72,
  0x6d,0x61,0x6c,0x00,0x00,0x00,0x00,0x00,0x00,0x00,0x00,0x00,0x00,0x00,0x00,0x00,
  0x00,0x00,0x00,0x00,0x00,0x00,0xe7,0x02,0x01,0x00,0xdd,0x00,0x74,0x68,0x65,0x72,
  0x6d,0x61,0x6c,0x20,0x63,0x6f,0x6e,0x64,0x75,0x63,0x74,0x69,0x6f,0x6e,0x00,0x00,
  0x00,0x00,0x00,0x00,0x00,0x00,0xc4,0x03,0x01,0x00,0x79,0x00,0x74,0x68,0x65,0x72,
  0x6d,0x61,0x6c,0x20,0x65,0x78,0x70,0x61,0x6e,0x73,0x69,0x6f,0x6e,0x00,0x00,0x00,
  0x00,0x00,0x00,0x00,0x00,0x00,0x3d,0x04,0x01,0x00,0x82,0x00,0x74,0x68,0x65,0x72,
  0x6d,0x69,0x73,0x74,0x6f,0x72,0x00,0x00,0x00,0x00,0x00,0x00,0x00,0x00,0x00,0x00,
  0x00,0x00,0x00,0x00,0x00,0x00,0xbf,0x04,0x01,0x00,0x4d,0x00,0x74,0x68,0x65,0x76,
  0x65,0x6e,0x69,0x6e,0x00,0x00,0x00,0x00,0x00,0x00,0x00,0x00,0x00,0x00,0x00,0x00,
  0x00,0x00,0x00,0x00,0x00,0x00,0x0c,0x05,0x01,0x00,0x63,0x00,0x74,0x69,0x6d,0x65,
  0x00,0x00,0x00,0x00,0x00,0x00,0x00,0x00,0x00,0x00,0x00,0x00,0x00,0x00,0x00,0x00,
  0x00,0x00,0x00,0x00,0x00,0x00,0x6f,0x05,0x01,0x00,0x80,0x00,0x74,0x69,0x6d,0x65,
  0x20,0x63,0x6f,0x6e,0x73,0x74,0x61,0x6e,0x74,0x00,0x00,0x00,0x00,0x00,0x00,0x00,
  0x00,0x00,0x00,0x00,0x00,0x00,0xef,0x05,0x01,0x00,0x89,0x00,0x74,0x69,0x6d,0x65,
  0x72,0x00,0x00,0x00,0x00,0x00,0x00,0x00,0x00,0x00,0x00,0x00,0x00,0x00,0x00,0x00,
  0x00,0x00,0x00,0x00,0x00,0x00,0x78,0x06,0x01,0x00,0x51,0x00,0x74,0x69,0x6e,0x00,
  0x00,0x00,0x00,0x00,0x00,0x00,0x00,0x00,0x00,0x00,0x00,0x00,0x00,0x00,0x00,0x00,
  0x00,0x00,0x00,0x00,0x00,0x00,0xc9,0x06,0x01,0x00,0x6e,0x00,0x74,0x69,0x6e,0x20,
  0x64,0x65,0x6e,0x73,0x69,0x74,0x79,0x00,0x00,0x00,0x00,0x00,0x00,0x00,0x00,0x00,
  0x00,0x00,0x00,0x00,0x00,0x00,0x37,0x07,0x01,0x00,0x44,0x00,0x74,0x69,0x6e,0x20,
  0x6d,0x65,0x6c,0x74,0x69,0x6e,0x67,0x00,0x00,0x00,0x00,0x00,0x00,0x00,0x00,0x00,
  0x00,0x00,0x00,0x00,0x00,0x00,0x7b,0x07,0x01,0x00,0x3f,0x00,0x74,0x69,0x6e,0x20,
  0x6d,0x65,0x6c,0x74,0x69,0x6e,0x67,0x20,0x70,0x6f,0x69,0x6e,0x74,0x00,0x00,0x00,
  0x00,0x00,0x00,0x00,0x00,0x00,0xba,0x07,0x01,0x00,0x45,0x00,0x74,0x69,0x6e,0x20,
  0x70,0x6f,0x69,0x6e,0x74,0x00,0x00,0x00,0x00,0x00,0x00,0x00,0x00,0x00,0x00,0x00,
  0x00,0x00,0x00,0x00,0x00,0x00,0xff,0x07,0x01,0x00,0x3d,0x00,0x74,0x69,0x74,0x61,
  0x6e,0x69,0x75,0x6d,0x00,0x00,0x00,0x00,0x00,0x00,0x00,0x00,0x00,0x00,0x00,0x00,
  0x00,0x00,0x00,0x00,0x00,0x00,0x3c,0x08,0x01,0x00,0x21,0x01,0x74,0x69,0x74,0x61,
  0x6e,0x69,0x75,0x6d,0x20,0x61,0x74,0x6f,0x6d,0x69,0x63,0x00,0x00,0x00,0x00,0x00,
  0x00,0x00,0x00,0x00,0x00,0x00,0x5d,0x09,0x01,0x00,0x71,0x00,0x74,0x69,0x74,0x61,
  0x6e,0x69,0x75,0x6d,0x20,0x61,0x74,0x6f,0x6d,0x69,0x63,0x20,0x6d,0x61,0x73,0x73,
  0x00,0x00,0x00,0x00,0x00,0x00,0xce,0x09,0x01,0x00,0x50,0x00,0x74,0x69,0x74,0x61,
  0x6e,0x69,0x75,0x6d,0x20,0x61,0x74,0x6f,0x6d,0x69,0x63,0x20,0x6e,0x75,0x6d,0x62,
  0x65,0x72,0x00,0x00,0x00,0x00,0x1e,0x0a,0x01,0x00,0x3e,0x00,0x74,0x69,0x74,0x61,
  0x6e,0x69,0x75,0x6d,0x20,0x64,0x65,0x6e,0x73,0x69,0x74,0x79,0x00,0x00,0x00,0x00,
  0x00,0x00,0x00,0x00,0x00,0x00,0x5c,0x0a,0x01,0x00,0x4e,0x00,0x74,0x69,0x74,0x61,
  0x6e,0x69,0x75,0x6d,0x20,0x6d,0x61,0x73,0x73,0x00,0x00,0x00,0x00,0x00,0x00,0x00,
  0x00,0x00,0x00,0x00,0x00,0x00,0xaa,0x0a,0x01,0x00,0x49,0x00,0x74,0x69,0x74,0x61,
  0x6e,0x69,0x75,0x6d,0x20,0x6d,0x65,0x6c,0x74,0x69,0x6e,0x67,0x00,0x00,0x00,0x00,
  0x00,0x00,0x00,0x00,0x00,0x00,0xf3,0x0a,0x01,0x00,0x4a,0x00,0x74,0x69,0x74,0x61,
  0x6e,0x69,0x75,0x6d,0x20,0x6d,0x65,0x6c,0x74,0x69,0x6e,0x67,0x20,0x70,0x6f,0x69,
  0x6e,0x74,0x00,0x00,0x00,0x00,0x3d,0x0b,0x01,0x00,0x50,0x00,0x74,0x69,0x74,0x61,
  0x6e,0x69,0x75,0x6d,0x20,0x6e,0x75,0x6d,0x62,0x65,0x72,0x00,0x00,0x00,0x00,0x00,
  0x00,0x00,0x00,0x00,0x00,0x00,0x8d,0x0b,0x01,0x00,0x37,0x00,0x74,0x69,0x74,0x61,
  0x6e,0x69,0x75,0x6d,0x20,0x70,0x6f,0x69,0x6e,0x74,0x00,0x00,0x00,0x00,0x00,0x00,
  0x00,0x00,0x00,0x00,0x00,0x00,0xc4,0x0b,0x01,0x00,0x48,0x00,0x74,0x6f,0x20,0x66,
  0x61,0x68,0x72,0x65,0x6e,0x68,0x65,0x69,0x74,0x00,0x00,0x00,0x00,0x00,0x00,0x00,
  0x00,0x00,0x00,0x00,0x00,0x00,0x0c,0x0c,0x01,0x00,0x48,0x00,0x74,0x6f,0x20,0x70,
  0x65,0x61,0x6b,0x00,0x00,0x00,0x00,0x00,0x00,0x00,0x00,0x00,0x00,0x00,0x00,0x00,
  0x00,0x00,0x00,0x00,0x00,0x00,0x54,0x0c,0x01,0x00,0x4b,0x00,0x74,0x6f,0x72,0x71,
  0x75,0x65,0x00,0x00,0x00,0x00,0x00,0x00,0x00,0x00,0x00,0x00,0x00,0x00,0x00,0x00,
  0x00,0x00,0x00,0x00,0x00,0x00,0x9f,0x0c,0x01,0x00,0x4e,0x00,0x74,0x72,0x61,0x6e,
  0x73,0x66,0x6f,0x72,0x6d,0x65,0x72,0x00,0x00,0x00,0x00,0x00,0x00,0x00,0x00,0x00,
  0x00,0x00,0x00,0x00,0x00,0x00,0xed,0x0c,0x01,0x00,0x8b,0x00,0x74,0x72,0x61,0x6e,
  0x73,0x66,0x6f,0x72,0x6d,0x65,0x72,0x20,0x70,0x6f,0x77,0x65,0x72,0x00,0x00,0x00,
  0x00,0x00,0x00,0x00,0x00,0x00,0x78,0x0d,0x01,0x00,0x55,0x00,0x74,0x72,0x61,0x6e,
  0x73,0x66,0x6f,0x72,0x6d,0x65,0x72,0x20,0x72,0x61,0x74,0x69,0x6f,0x00,0x00,0x00,
  0x00,0x00,0x00,0x00,0x00,0x00,0xcd,0x0d,0x01,0x00,0x4f,0x00,0x74,0x72,0x61,0x6e,
  0x73,0x69,0x73,0x74,0x6f,0x72,0x00,0x00,0x00,0x00,0x00,0x00,0x00,0x00,0x00,0x00,
  0x00,0x00,0x00,0x00,0x00,0x00,0x1c,0x0e,0x01,0x00,0x5b,0x00,0x74,0x72,0x61,0x6e,
  0x73,0x69,0x73,0x74,0x6f,0x72,0x20,0x73,0x61,0x74,0x75,0x72,0x61,0x74,0x69,0x6f,
  0x6e,0x00,0x00,0x00,0x00,0x00,0x77,0x0e,0x01,0x00,0x66,0x00,0x74,0x77,0x65,0x6c,
  0x76,0x65,0x00,0x00,0x00,0x00,0x00,0x00,0x00,0x00,0x00,0x00,0x00,0x00,0x00,0x00,
  0x00,0x00,0x00,0x00,0x00,0x00,0xdd,0x0e,0x01,0x00,0x2d,0x00,0x74,0x77,0x65,0x6c,
  0x76,0x65,0x20,0x61,0x64,0x63,0x00,0x00,0x00,0x00,0x00,0x00,0x00,0x00,0x00,0x00,
  0x00,0x00,0x00,0x00,0x00,0x00,0x0a,0x0f,0x01,0x00,0x31,0x00,0x74,0x77,0x65,0x6c,
  0x76,0x65,0x20,0x62,0x69,0x74,0x00,0x00,0x00,0x00,0x00,0x00,0x00,0x00,0x00,0x00,
  0x00,0x00,0x00,0x00,0x00,0x00,0x3b,0x0f,0x01,0x00,0x31,0x00,0x74,0x77,0x65,0x6c,
  0x76,0x65,0x20,0x62,0x69,0x74,0x20,0x61,0x64,0x63,0x00,0x00,0x00,0x00,0x00,0x00,
  0x00,0x00,0x00,0x00,0x00,0x00,0x6c,0x0f,0x01,0x00,0x35,0x00,0x75,0x61,0x72,0x74,
  0x00,0x00,0x00,0x00,0x00,0x00,0x00,0x00,0x00,0x00,0x00,0x00,0x00,0x00,0x00,0x00,
  0x00,0x00,0x00,0x00,0x00,0x00,0xa1,0x0f,0x01,0x00,0x53,0x00,0x75,0x70,0x20,0x72,
  0x65,0x73,0x69,0x73,0x74,0x6f,0x72,0x00,0x00,0x00,0x00,0x00,0x00,0x00,0x00,0x00,
  0x00,0x00,0x00,0x00,0x00,0x00,0xf4,0x0f,0x01,0x00,0x49,0x00,0x75,0x72,0x61,0x6e,
  0x75,0x73,0x00,0x00,0x00,0x00,0x00,0x00,0x00,0x00,0x00,0x00,0x00,0x00,0x00,0x00,
  0x00,0x00,0x00,0x00,0x00,0x00,0x3d,0x10,0x01,0x00,0x88,0x00,0x76,0x61,0x63,0x75,
  0x75,0x6d,0x00,0x00,0x00,0x00,0x00,0x00,0x00,0x00,0x00,0x00,0x00,0x00,0x00,0x00,
  0x00,0x00,0x00,0x00,0x00,0x00,0xc5,0x10,0x01,0x00,0x6c,0x00,0x76,0x61,0x63,0x75,
  0x75,0x6d,0x20,0x70,0x65,0x72,0x6d,0x65,0x61,0x62,0x69,0x6c,0x69,0x74,0x79,0x00,
  0x00,0x00,0x00,0x00,0x00,0x00,0x31,0x11,0x01,0x00,0x47,0x00,0x76,0x61,0x63,0x75,
  0x75,0x6d,0x20,0x70,0x65,0x72,0x6d,0x69,0x74,0x74,0x69,0x76,0x69,0x74,0x79,0x00,
  0x00,0x00,0x00,0x00,0x00,0x00,0x78,0x11,0x01,0x00,0x47,0x00,0x76,0x61,0x6e,0x61,
  0x64,0x69,0x75,0x6d,0x00,0x00,0x00,0x00,0x00,0x00,0x00,0x00,0x00,0x00,0x00,0x00,
  0x00,0x00,0x00,0x00,0x00,0x00,0xbf,0x11,0x01,0x00,0xac,0x00,0x76,0x61,0x6e,0x61,
  0x64,0x69,0x75,0x6d,0x20,0x61,0x74,0x6f,0x6d,0x69,0x63,0x00,0x00,0x00,0x00,0x00,
  0x00,0x00,0x00,0x00,0x00,0x00,0x6b,0x12,0x01,0x00,0x71,0x00,0x76,0x61,0x6e,0x61,
  0x64,0x69,0x75,0x6d,0x20,0x61,0x74,0x6f,0x6d,0x69,0x63,0x20,0x6d,0x61,0x73,0x73,
  0x00,0x00,0x00,0x00,0x00,0x00,0xdc,0x12,0x01,0x00,0x50,0x00,0x76,0x61,0x6e,0x61,
  0x64,0x69,0x75,0x6d,0x20,0x61,0x74,0x6f,0x6d,0x69,0x63,0x20,0x6e,0x75,0x6d,0x62,
  0x65,0x72,0x00,0x00,0x00,0x00,0x2c,0x13,0x01,0x00,0x3e,0x00,0x76,0x61,0x6e,0x61,
  0x64,0x69,0x75,0x6d,0x20,0x6d,0x61,0x73,0x73,0x00,0x00,0x00,0x00,0x00,0x00,0x00,
  0x00,0x00,0x00,0x00,0x00,0x00,0x6a,0x13,0x01,0x00,0x49,0x00,0x76,0x61,0x6e,0x61,
  0x64,0x69,0x75,0x6d,0x20,0x6e,0x75,0x6d,0x62,0x65,0x72,0x00,0x00,0x00,0x00,0x00,
  0x00,0x00,0x00,0x00,0x00,0x00,0xb3,0x13,0x01,0x00,0x37,0x00,0x76,0x61,0x70,0x6f,
  0x72,0x69,0x73,0x61,0x74,0x69,0x6f,0x6e,0x00,0x00,0x00,0x00,0x00,0x00,0x00,0x00,
  0x00,0x00,0x00,0x00,0x00,0x00,0xea,0x13,0x01,0x00,0x49,0x00,0x76,0x65,0x6c,0x6f,
  0x63,0x69,0x74,0x79,0x00,0x00,0x00,0x00,0x00,0x00,0x00,0x00,0x00,0x00,0x00,0x00,
  0x00,0x00,0x00,0x00,0x00,0x00,0x33,0x14,0x01,0x00,0x94,0x00,0x76,0x65,0x6e,0x75,
  0x73,0x00,0x00,0x00,0x00,0x00,0x00,0x00,0x00,0x00,0x00,0x00,0x00,0x00,0x00,0x00,
  0x00,0x00,0x00,0x00,0x00,0x00,0xc7,0x14,0x01,0x00,0x85,0x00,0x76,0x69,0x6f,0x6c,
  0x65,0x74,0x00,0x00,0x00,0x00,0x00,0x00,0x00,0x00,0x00,0x00,0x00,0x00,0x00,0x00,
  0x00,0x00,0x00,0x00,0x00,0x00,0x4c,0x15,0x01,0x00,0x33,0x00,0x76,0x69,0x6f,0x6c,
  0x65,0x74,0x20,0x62,0x61,0x6e,0x64,0x00,0x00,0x00,0x00,0x00,0x00,0x00,0x00,0x00,
  0x00,0x00,0x00,0x00,0x00,0x00,0x7f,0x15,0x01,0x00,0x38,0x00,0x76,0x6f,0x6c,0x74,
  0x61,0x67,0x65,0x00,0x00,0x00,0x00,0x00,0x00,0x00,0x00,0x00,0x00,0x00,0x00,0x00,
  0x00,0x00,0x00,0x00,0x00,0x00,0xb7,0x15,0x01,0x00,0x5c,0x01,0x76,0x6f,0x6c,0x74,
  0x61,0x67,0x65,0x20,0x64,0x69,0x76,0x69,0x64,0x65,0x72,0x00,0x00,0x00,0x00,0x00,
  0x00,0x00,0x00,0x00,0x00,0x00,0x13,0x17,0x01,0x00,0x79,0x00,0x76,0x6f,0x6c,0x74,
  0x61,0x67,0x65,0x20,0x66,0x6f,0x6c,0x6c,0x6f,0x77,0x65,0x72,0x00,0x00,0x00,0x00,
  0x00,0x00,0x00,0x00,0x00,0x00,0x8c,0x17,0x01,0x00,0x57,0x00,0x77,0x61,0x74,0x65,
  0x72,0x00,0x00,0x00,0x00,0x00,0x00,0x00,0x00,0x00,0x00,0x00,0x00,0x00,0x00,0x00,
  0x00,0x00,0x00,0x00,0x00,0x00,0xe3,0x17,0x01,0x00,0x63,0x01,0x77,0x61,0x74,0x65,
  0x72,0x20,0x62,0x6f,0x69,0x6c,0x69,0x6e,0x67,0x00,0x00,0x00,0x00,0x00,0x00,0x00,
  0x00,0x00,0x00,0x00,0x00,0x00,0x46,0x19,0x01,0x00,0x55,0x00,0x77,0x61,0x74,0x65,
  0x72,0x20,0x64,0x65,0x6e,0x73,0x69,0x74,0x79,0x00,0x00,0x00,0x00,0x00,0x00,0x00,
  0x00,0x00,0x00,0x00,0x00,0x00,0x9b,0x19,0x01,0x00,0x48,0x00,0x77,0x61,0x74,0x65,
  0x72,0x20,0x66,0x72,0x65,0x65,0x7a,0x69,0x6e,0x67,0x00,0x00,0x00,0x00,0x00,0x00,
  0x00,0x00,0x00,0x00,0x00,0x00,0xe3,0x19,0x01,0x00,0x56,0x00,0x77,0x61,0x74,0x65,
  0x72,0x20,0x68,0x65,0x61,0x74,0x00,0x00,0x00,0x00,0x00,0x00,0x00,0x00,0x00,0x00,
  0x00,0x00,0x00,0x00,0x00,0x00,0x39,0x1a,0x01,0x00,0x43,0x00,0x77,0x61,0x74,0x65,
  0x72,0x20,0x6d,0x65,0x6c,0x74,0x69,0x6e,0x67,0x00,0x00,0x00,0x00,0x00,0x00,0x00,
  0x00,0x00,0x00,0x00,0x00,0x00,0x7c,0x1a,0x01,0x00,0x41,0x00,0x77,0x61,0x74,0x65,
  0x72,0x20,0x6d,0x65,0x6c,0x74,0x69,0x6e,0x67,0x20,0x70,0x6f,0x69,0x6e,0x74,0x00,
  0x00,0x00,0x00,0x00,0x00,0x00,0xbd,0x1a,0x01,0x00,0x47,0x00,0x77,0x61,0x74,0x65,
  0x72,0x20,0x70,0x6f,0x69,0x6e,0x74,0x00,0x00,0x00,0x00,0x00,0x00,0x00,0x00,0x00,
  0x00,0x00,0x00,0x00,0x00,0x00,0x04,0x1b,0x01,0x00,0x3f,0x00,0x77,0x61,0x74,0x65,
  0x72,0x20,0x73,0x70,0x65,0x63,0x69,0x66,0x69,0x63,0x00,0x00,0x00,0x00,0x00,0x00,
  0x00,0x00,0x00,0x00,0x00,0x00,0x43,0x1b,0x01,0x00,0x47,0x00,0x77,0x61,0x74,0x65,
  0x72,0x20,0x73,0x70,0x65,0x63,0x69,0x66,0x69,0x63,0x20,0x68,0x65,0x61,0x74,0x00,
  0x00,0x00,0x00,0x00,0x00,0x00,0x8a,0x1b,0x01,0x00,0x4c,0x00,0x77,0x61,0x74,0x74,
  0x00,0x00,0x00,0x00,0x00,0x00,0x00,0x00,0x00,0x00,0x00,0x00,0x00,0x00,0x00,0x00,
  0x00,0x00,0x00,0x00,0x00,0x00,0xd6,0x1b,0x01,0x00,0x29,0x00,0x77,0x61,0x76,0x65,
  0x00,0x00,0x00,0x00,0x00,0x00,0x00,0x00,0x00,0x00,0x00,0x00,0x00,0x00,0x00,0x00,
  0x00,0x00,0x00,0x00,0x00,0x00,0xff,0x1b,0x01,0x00,0x35,0x00,0x77,0x61,0x76,0x65,
  0x20,0x73,0x70,0x65,0x65,0x64,0x00,0x00,0x00,0x00,0x00,0x00,0x00,0x00,0x00,0x00,
  0x00,0x00,0x00,0x00,0x00,0x00,0x34,0x1c,0x01,0x00,0x3b,0x00,0x77,0x68,0x69,0x74,
  0x65,0x00,0x00,0x00,0x00,0x00,0x00,0x00,0x00,0x00,0x00,0x00,0x00,0x00,0x00,0x00,
  0x00,0x00,0x00,0x00,0x00,0x00,0x6f,0x1c,0x01,0x00,0x68,0x00,0x77,0x68,0x69,0x74,
  0x65,0x20,0x62,0x61,0x6e,0x64,0x00,0x00,0x00,0x00,0x00,0x00,0x00,0x00,0x00,0x00,
  0x00,0x00,0x00,0x00,0x00,0x00,0xd7,0x1c,0x01,0x00,0x36,0x00,0x77,0x68,0x69,0x74,
  0x65,0x20,0x6c,0x65,0x64,0x00,0x00,0x00,0x00,0x00,0x00,0x00,0x00,0x00,0x00,0x00,
  0x00,0x00,0x00,0x00,0x00,0x00,0x0d,0x1d,0x01,0x00,0x42,0x00,0x77,0x69,0x72,0x65,
  0x00,0x00,0x00,0x00,0x00,0x00,0x00,0x00,0x00,0x00,0x00,0x00,0x00,0x00,0x00,0x00,
  0x00,0x00,0x00,0x00,0x00,0x00,0x4f,0x1d,0x01,0x00,0x48,0x00,0x77,0x69,0x72,0x65,
  0x20,0x72,0x65,0x73,0x69,0x73,0x74,0x61,0x6e,0x63,0x65,0x00,0x00,0x00,0x00,0x00,
  0x00,0x00,0x00,0x00,0x00,0x00,0x97,0x1d,0x01,0x00,0x53,0x00,0x77,0x6f,0x72,0x6b,
  0x00,0x00,0x00,0x00,0x00,0x00,0x00,0x00,0x00,0x00,0x00,0x00,0x00,0x00,0x00,0x00,
  0x00,0x00,0x00,0x00,0x00,0x00,0xea,0x1d,0x01,0x00,0x4d,0x00,0x79,0x65,0x6c,0x6c,
  0x6f,0x77,0x00,0x00,0x00,0x00,0x00,0x00,0x00,0x00,0x00,0x00,0x00,0x00,0x00,0x00,
  0x00,0x00,0x00,0x00,0x00,0x00,0x37,0x1e,0x01,0x00,0x33,0x00,0x79,0x65,0x6c,0x6c,
  0x6f,0x77,0x20,0x62,0x61,0x6e,0x64,0x00,0x00,0x00,0x00,0x00,0x00,0x00,0x00,0x00,
  0x00,0x00,0x00,0x00,0x00,0x00,0x6a,0x1e,0x01,0x00,0x38,0x00,0x79,0x6f,0x75,0x6e,
  0x67,0x73,0x00,0x00,0x00,0x00,0x00,0x00,0x00,0x00,0x00,0x00,0x00,0x00,0x00,0x00,
  0x00,0x00,0x00,0x00,0x00,0x00,0xa2,0x1e,0x01,0x00,0x3a,0x00,0x79,0x6f,0x75,0x6e,
  0x67,0x73,0x20,0x6d,0x6f,0x64,0x75,0x6c,0x75,0x73,0x00,0x00,0x00,0x00,0x00,0x00,
  0x00,0x00,0x00,0x00,0x00,0x00,0xdc,0x1e,0x01,0x00,0x42,0x00,0x7a,0x65,0x6e,0x65,
  0x72,0x00,0x00,0x00,0x00,0x00,0x00,0x00,0x00,0x00,0x00,0x00,0x00,0x00,0x00,0x00,
  0x00,0x00,0x00,0x00,0x00,0x00,0x1e,0x1f,0x01,0x00,0x6b,0x00,0x7a,0x65,0x6e,0x65,
  0x72,0x20,0x64,0x69,0x6f,0x64,0x65,0x00,0x00,0x00,0x00,0x00,0x00,0x00,0x00,0x00,
  0x00,0x00,0x00,0x00,0x00,0x00,0x89,0x1f,0x01,0x00,0x71,0x00,0x7a,0x65,0x72,0x6f,
  0x00,0x00,0x00,0x00,0x00,0x00,0x00,0x00,0x00,0x00,0x00,0x00,0x00,0x00,0x00,0x00,
  0x00,0x00,0x00,0x00,0x00,0x00,0xfa,0x1f,0x01,0x00,0x3f,0x00,0x7a,0x69,0x6e,0x63,
  0x00,0x00,0x00,0x00,0x00,0x00,0x00,0x00,0x00,0x00,0x00,0x00,0x00,0x00,0x00,0x00,
  0x00,0x00,0x00,0x00,0x00,0x00,0x39,0x20,0x01,0x00,0x06,0x01,0x7a,0x69,0x6e,0x63,
  0x20,0x61,0x74,0x6f,0x6d,0x69,0x63,0x00,0x00,0x00,0x00,0x00,0x00,0x00,0x00,0x00,
  0x00,0x00,0x00,0x00,0x00,0x00,0x3f,0x21,0x01,0x00,0x64,0x00,0x7a,0x69,0x6e,0x63,
  0x20,0x61,0x74,0x6f,0x6d,0x69,0x63,0x20,0x6d,0x61,0x73,0x73,0x00,0x00,0x00,0x00,
  0x00,0x00,0x00,0x00,0x00,0x00,0xa3,0x21,0x01,0x00,0x47,0x00,0x7a,0x69,0x6e,0x63,
  0x20,0x61,0x74,0x6f,0x6d,0x69,0x63,0x20,0x6e,0x75,0x6d,0x62,0x65,0x72,0x00,0x00,
  0x00,0x00,0x00,0x00,0x00,0x00,0xea,0x21,0x01,0x00,0x36,0x00,0x7a,0x69,0x6e,0x63,
  0x20,0x64,0x65,0x6e,0x73,0x69,0x74,0x79,0x00,0x00,0x00,0x00,0x00,0x00,0x00,0x00,
  0x00,0x00,0x00,0x00,0x00,0x00,0x20,0x22,0x01,0x00,0x46,0x00,0x7a,0x69,0x6e,0x63,
  0x20,0x6d,0x61,0x73,0x73,0x00,0x00,0x00,0x00,0x00,0x00,0x00,0x00,0x00,0x00,0x00,
  0x00,0x00,0x00,0x00,0x00,0x00,0x66,0x22,0x01,0x00,0x40,0x00,0x7a,0x69,0x6e,0x63,
  0x20,0x6d,0x65,0x6c,0x74,0x69,0x6e,0x67,0x00,0x00,0x00,0x00,0x00,0x00,0x00,0x00,
  0x00,0x00,0x00,0x00,0x00,0x00,0xa6,0x22,0x01,0x00,0x41,0x00,0x7a,0x69,0x6e,0x63,
  0x20,0x6d,0x65,0x6c,0x74,0x69,0x6e,0x67,0x20,0x70,0x6f,0x69,0x6e,0x74,0x00,0x00,
  0x00,0x00,0x00,0x00,0x00,0x00,0xe7,0x22,0x01,0x00,0x47,0x00,0x7a,0x69,0x6e,0x63,
  0x20,0x6e,0x75,0x6d,0x62,0x65,0x72,0x00,0x00,0x00,0x00,0x00,0x00,0x00,0x00,0x00,
  0x00,0x00,0x00,0x00,0x00,0x00,0x2e,0x23,0x01,0x00,0x2f,0x00,0x7a,0x69,0x6e,0x63,
  0x20,0x70,0x6f,0x69,0x6e,0x74,0x00,0x00,0x00,0x00,0x00,0x00,0x00,0x00,0x00,0x00,
  0x00,0x00,0x00,0x00,0x00,0x00,0x5d,0x23,0x01,0x00,0x3f,0x00,
};

#endif /* KB_DATA_H */
